Workbook

Sheet Testes estatísticos
A1: TESTES ESTATÍSTICOS — cálculo passo a passo, verificável célula a célula
A2: Todos os valores desta folha são calculados por fórmula a partir dos dados em bruto das colunas B e C. Nada está escrito à mão.
A4: 1. DADOS EMPARELHADOS — os 138 pares concluídos com sucesso pelas duas estratégias (Secção 5.4) | I4: 2. WILCOXON EMPARELHADO
A5: Cenário | B5: Temporal (s) | C5: Estados (s) | D5: Diferença d | E5: |d| | F5: Posto de |d| | G5: Sinal | I5: Número de pares (n) | J5: =COUNT(D6:D143) -> 138
A6: R01 | B6: 53.251825 | C6: 51.604 | D6: =C6-B6 -> -1.647825 | E6: =ABS(D6) -> 1.647825 | F6: =_xlfn.RANK.AVG(E6,$E$6:$E$143,1) -> 29 | G6: =IF(D6<0,-1,1) -> -1 | I6: Vitórias dos estados (d < 0) | J6: =COUNTIF(D6:D143,"<0") -> 109
A7: R01 | B7: 54.482239 | C7: 48.698 | D7: =C7-B7 -> -5.784239 | E7: =ABS(D7) -> 5.784239 | F7: =_xlfn.RANK.AVG(E7,$E$6:$E$143,1) -> 114 | G7: =IF(D7<0,-1,1) -> -1 | I7: Vitórias do temporal (d > 0) | J7: =COUNTIF(D6:D143,">0") -> 29
A8: R01 | B8: 50.47051 | C8: 53.615 | D8: =C8-B8 -> 3.14449 | E8: =ABS(D8) -> 3.14449 | F8: =_xlfn.RANK.AVG(E8,$E$6:$E$143,1) -> 65 | G8: =IF(D8<0,-1,1) -> 1 | I8: Soma dos postos com d < 0 (W−) | J8: =SUMIF(G6:G143,-1,F6:F143) -> 7875
A9: R01 | B9: 49.497041 | C9: 43.335 | D9: =C9-B9 -> -6.162041 | E9: =ABS(D9) -> 6.162041 | F9: =_xlfn.RANK.AVG(E9,$E$6:$E$143,1) -> 117 | G9: =IF(D9<0,-1,1) -> -1 | I9: Soma dos postos com d > 0 (W+) | J9: =SUMIF(G6:G143,1,F6:F143) -> 1716
A10: R01 | B10: 49.449316 | C10: 47.987 | D10: =C10-B10 -> -1.462316 | E10: =ABS(D10) -> 1.462316 | F10: =_xlfn.RANK.AVG(E10,$E$6:$E$143,1) -> 26 | G10: =IF(D10<0,-1,1) -> -1 | I10: Estatística W (a menor das duas) | J10: =MIN(J8,J9) -> 1716
A11: R01 | B11: 45.471912 | C11: 50.185 | D11: =C11-B11 -> 4.713088 | E11: =ABS(D11) -> 4.713088 | F11: =_xlfn.RANK.AVG(E11,$E$6:$E$143,1) -> 108 | G11: =IF(D11<0,-1,1) -> 1 | I11: Média esperada de W se não houvesse diferença | J11: =J5*(J5+1)/4 -> 4795.5
A12: R01 | B12: 52.219331 | C12: 43.218 | D12: =C12-B12 -> -9.001331 | E12: =ABS(D12) -> 9.001331 | F12: =_xlfn.RANK.AVG(E12,$E$6:$E$143,1) -> 135 | G12: =IF(D12<0,-1,1) -> -1 | I12: Desvio-padrão de W | J12: =SQRT(J5*(J5+1)*(2*J5+1)/24) -> 470.52338
A13: R01 | B13: 49.492879 | C13: 48.232 | D13: =C13-B13 -> -1.260879 | E13: =ABS(D13) -> 1.260879 | F13: =_xlfn.RANK.AVG(E13,$E$6:$E$143,1) -> 21 | G13: =IF(D13<0,-1,1) -> -1 | I13: z = (W − média) / desvio-padrão | J13: =(J10-J11)/J12 -> -6.5448395
A14: R01 | B14: 48.123761 | C14: 48.169 | D14: =C14-B14 -> 0.045239 | E14: =ABS(D14) -> 0.045239 | F14: =_xlfn.RANK.AVG(E14,$E$6:$E$143,1) -> 1 | G14: =IF(D14<0,-1,1) -> 1 | I14: p (bilateral, aproximação normal) | J14: =2*_xlfn.NORM.S.DIST(-ABS(J13),TRUE()) -> 5.9559311e-11
A15: R01 | B15: 48.266391 | C15: 47.696 | D15: =C15-B15 -> -0.570391 | E15: =ABS(D15) -> 0.570391 | F15: =_xlfn.RANK.AVG(E15,$E$6:$E$143,1) -> 11 | G15: =IF(D15<0,-1,1) -> -1
A16: R01 | B16: 45.297633 | C16: 43.54 | D16: =C16-B16 -> -1.757633 | E16: =ABS(D16) -> 1.757633 | F16: =_xlfn.RANK.AVG(E16,$E$6:$E$143,1) -> 30 | G16: =IF(D16<0,-1,1) -> -1
A17: R01 | B17: 54.362179 | C17: 46.066 | D17: =C17-B17 -> -8.296179 | E17: =ABS(D17) -> 8.296179 | F17: =_xlfn.RANK.AVG(E17,$E$6:$E$143,1) -> 129 | G17: =IF(D17<0,-1,1) -> -1 | I17: 3. TESTE t EMPARELHADO (verificação — função nativa do Excel)
A18: R01 | B18: 48.153807 | C18: 51.565 | D18: =C18-B18 -> 3.411193 | E18: =ABS(D18) -> 3.411193 | F18: =_xlfn.RANK.AVG(E18,$E$6:$E$143,1) -> 73 | G18: =IF(D18<0,-1,1) -> 1 | I18: p do teste t emparelhado bilateral | J18: =_xlfn.T.TEST(B6:B143,C6:C143,2,1) -> 7.7483042e-12
A19: R01 | B19: 51.603393 | C19: 52.33 | D19: =C19-B19 -> 0.726607 | E19: =ABS(D19) -> 0.726607 | F19: =_xlfn.RANK.AVG(E19,$E$6:$E$143,1) -> 14 | G19: =IF(D19<0,-1,1) -> 1 | I19: Diferença média (s) | J19: =AVERAGE(D6:D143) -> -2.3932968
A20: R01 | B20: 45.411986 | C20: 48.978 | D20: =C20-B20 -> 3.566014 | E20: =ABS(D20) -> 3.566014 | F20: =_xlfn.RANK.AVG(E20,$E$6:$E$143,1) -> 77 | G20: =IF(D20<0,-1,1) -> 1 | I20: Melhoria relativa (%) | J20: =-J19/AVERAGE(B6:B143)*100 -> 4.8443214
A21: R01 | B21: 54.482655 | C21: 43.449 | D21: =C21-B21 -> -11.033655 | E21: =ABS(D21) -> 11.033655 | F21: =_xlfn.RANK.AVG(E21,$E$6:$E$143,1) -> 136 | G21: =IF(D21<0,-1,1) -> -1 | I21: Correlação rank-biserial (dimensão do efeito) | J21: =2*J10/(138*(138+1)/2)-1 -> -0.64216453
A22: R01 | B22: 50.355967 | C22: 46.245 | D22: =C22-B22 -> -4.110967 | E22: =ABS(D22) -> 4.110967 | F22: =_xlfn.RANK.AVG(E22,$E$6:$E$143,1) -> 99 | G22: =IF(D22<0,-1,1) -> -1
A23: R01 | B23: 54.446194 | C23: 48.187 | D23: =C23-B23 -> -6.259194 | E23: =ABS(D23) -> 6.259194 | F23: =_xlfn.RANK.AVG(E23,$E$6:$E$143,1) -> 119 | G23: =IF(D23<0,-1,1) -> -1 | I23: 4. VERIFICAÇÃO DA NORMALIDADE DAS DIFERENÇAS
A24: R04 | B24: 50.219495 | C24: 44.757183 | D24: =C24-B24 -> -5.462312 | E24: =ABS(D24) -> 5.462312 | F24: =_xlfn.RANK.AVG(E24,$E$6:$E$143,1) -> 112 | G24: =IF(D24<0,-1,1) -> -1 | I24: Assimetria das diferenças (0 = simétrica) | J24: =SKEW(D6:D143) -> 0.026800293
A25: R04 | B25: 50.164877 | C25: 42.811829 | D25: =C25-B25 -> -7.353048 | E25: =ABS(D25) -> 7.353048 | F25: =_xlfn.RANK.AVG(E25,$E$6:$E$143,1) -> 127 | G25: =IF(D25<0,-1,1) -> -1 | I25: Curtose das diferenças (0 = normal) | J25: =KURT(D6:D143) -> 1.4382284
A26: R04 | B26: 46.285962 | C26: 42.650284 | D26: =C26-B26 -> -3.635678 | E26: =ABS(D26) -> 3.635678 | F26: =_xlfn.RANK.AVG(E26,$E$6:$E$143,1) -> 80 | G26: =IF(D26<0,-1,1) -> -1 | I26: Shapiro-Wilk (calculado fora do Excel) | J26: 0.00256
A27: R04 | B27: 46.446044 | C27: 42.737907 | D27: =C27-B27 -> -3.708137 | E27: =ABS(D27) -> 3.708137 | F27: =_xlfn.RANK.AVG(E27,$E$6:$E$143,1) -> 81 | G27: =IF(D27<0,-1,1) -> -1 | I27: Conclusão: normalidade rejeitada. O teste principal é o de Wilcoxon, definido por robustez e consistência entre métricas; o teste t fica como verificação.
A28: R04 | B28: 46.752469 | C28: 42.798577 | D28: =C28-B28 -> -3.953892 | E28: =ABS(D28) -> 3.953892 | F28: =_xlfn.RANK.AVG(E28,$E$6:$E$143,1) -> 95 | G28: =IF(D28<0,-1,1) -> -1
A29: R04 | B29: 50.397911 | C29: 47.57038 | D29: =C29-B29 -> -2.827531 | E29: =ABS(D29) -> 2.827531 | F29: =_xlfn.RANK.AVG(E29,$E$6:$E$143,1) -> 60 | G29: =IF(D29<0,-1,1) -> -1 | I29: 5. TESTE EXATO DE FISHER — SUBSTITUÍDO, ver folha «Testes emparelhados»
A30: R04 | B30: 47.55613 | C30: 45.355725 | D30: =C30-B30 -> -2.200405 | E30: =ABS(D30) -> 2.200405 | F30: =_xlfn.RANK.AVG(E30,$E$6:$E$143,1) -> 45 | G30: =IF(D30<0,-1,1) -> -1 | I30: As duas estratégias executaram as mesmas 147 condições auditadas, pelo que os resultados são emparelhados e o teste de Fisher, que pressupõe amostras independentes, não é aplicável. O capítulo usa o teste exato de McNemar, na folha «Testes emparelhados» (p = 1,000). O cálculo abaixo fica como registo do que foi feito antes da auditoria. | J30: Sucessos | K30: Falhas | L30: Total
A31: R04 | B31: 44.995549 | C31: 42.802085 | D31: =C31-B31 -> -2.193464 | E31: =ABS(D31) -> 2.193464 | F31: =_xlfn.RANK.AVG(E31,$E$6:$E$143,1) -> 44 | G31: =IF(D31<0,-1,1) -> -1 | I31: Temporal | J31: 143 | K31: 4 | L31: =J31+K31 -> 147
A32: R04 | B32: 45.070175 | C32: 42.667493 | D32: =C32-B32 -> -2.402682 | E32: =ABS(D32) -> 2.402682 | F32: =_xlfn.RANK.AVG(E32,$E$6:$E$143,1) -> 54 | G32: =IF(D32<0,-1,1) -> -1 | I32: Estados | J32: 142 | K32: 5 | L32: =J32+K32 -> 147
A33: R04 | B33: 45.011853 | C33: 42.7286 | D33: =C33-B33 -> -2.283253 | E33: =ABS(D33) -> 2.283253 | F33: =_xlfn.RANK.AVG(E33,$E$6:$E$143,1) -> 50 | G33: =IF(D33<0,-1,1) -> -1 | I33: Total | J33: =J31+J32 -> 285 | K33: =K31+K32 -> 9 | L33: =L31+L32 -> 294
A34: R04 | B34: 44.945807 | C34: 44.121078 | D34: =C34-B34 -> -0.824729 | E34: =ABS(D34) -> 0.824729 | F34: =_xlfn.RANK.AVG(E34,$E$6:$E$143,1) -> 15 | G34: =IF(D34<0,-1,1) -> -1
A35: R04 | B35: 46.232729 | C35: 42.780908 | D35: =C35-B35 -> -3.451821 | E35: =ABS(D35) -> 3.451821 | F35: =_xlfn.RANK.AVG(E35,$E$6:$E$143,1) -> 75 | G35: =IF(D35<0,-1,1) -> -1 | I35: Tabelas possíveis com as mesmas margens (falhas na temporal, de 0 a 10):
A36: R04 | B36: 46.792262 | C36: 42.655652 | D36: =C36-B36 -> -4.13661 | E36: =ABS(D36) -> 4.13661 | F36: =_xlfn.RANK.AVG(E36,$E$6:$E$143,1) -> 100 | G36: =IF(D36<0,-1,1) -> -1 | I36: Falhas temporal | J36: Probabilidade
A37: R04 | B37: 44.793365 | C37: 42.863996 | D37: =C37-B37 -> -1.929369 | E37: =ABS(D37) -> 1.929369 | F37: =_xlfn.RANK.AVG(E37,$E$6:$E$143,1) -> 31 | G37: =IF(D37<0,-1,1) -> -1 | I37: 0 | J37: =COMBIN($L$31,$L$31-I37)*COMBIN($L$32,$J$33-($L$31-I37))/COMBIN($L$33,$J$33) -> 0.0017217099
A38: R04 | B38: 44.94033 | C38: 42.679882 | D38: =C38-B38 -> -2.260448 | E38: =ABS(D38) -> 2.260448 | F38: =_xlfn.RANK.AVG(E38,$E$6:$E$143,1) -> 49 | G38: =IF(D38<0,-1,1) -> -1 | I38: 1 | J38: =COMBIN($L$31,$L$31-I38)*COMBIN($L$32,$J$33-($L$31-I38))/COMBIN($L$33,$J$33) -> 0.01638721
A39: R04 | B39: 44.956658 | C39: 48.329302 | D39: =C39-B39 -> 3.372644 | E39: =ABS(D39) -> 3.372644 | F39: =_xlfn.RANK.AVG(E39,$E$6:$E$143,1) -> 72 | G39: =IF(D39<0,-1,1) -> 1 | I39: 2 | J39: =COMBIN($L$31,$L$31-I39)*COMBIN($L$32,$J$33-($L$31-I39))/COMBIN($L$33,$J$33) -> 0.068358075
A40: R04 | B40: 45.054292 | C40: 42.94394 | D40: =C40-B40 -> -2.110352 | E40: =ABS(D40) -> 2.110352 | F40: =_xlfn.RANK.AVG(E40,$E$6:$E$143,1) -> 39 | G40: =IF(D40<0,-1,1) -> -1 | I40: 3 | J40: =COMBIN($L$31,$L$31-I40)*COMBIN($L$32,$J$33-($L$31-I40))/COMBIN($L$33,$J$33) -> 0.16402706
A41: R04 | B41: 44.984539 | C41: 47.410076 | D41: =C41-B41 -> 2.425537 | E41: =ABS(D41) -> 2.425537 | F41: =_xlfn.RANK.AVG(E41,$E$6:$E$143,1) -> 56 | G41: =IF(D41<0,-1,1) -> 1 | I41: 4 | J41: =COMBIN($L$31,$L$31-I41)*COMBIN($L$32,$J$33-($L$31-I41))/COMBIN($L$33,$J$33) -> 0.24950595
A42: R04 | B42: 44.973078 | C42: 42.841493 | D42: =C42-B42 -> -2.131585 | E42: =ABS(D42) -> 2.131585 | F42: =_xlfn.RANK.AVG(E42,$E$6:$E$143,1) -> 41 | G42: =IF(D42<0,-1,1) -> -1 | I42: 5 | J42: =COMBIN($L$31,$L$31-I42)*COMBIN($L$32,$J$33-($L$31-I42))/COMBIN($L$33,$J$33) -> 0.24950595
A43: R04 | B43: 44.889151 | C43: 42.783285 | D43: =C43-B43 -> -2.105866 | E43: =ABS(D43) -> 2.105866 | F43: =_xlfn.RANK.AVG(E43,$E$6:$E$143,1) -> 38 | G43: =IF(D43<0,-1,1) -> -1 | I43: 6 | J43: =COMBIN($L$31,$L$31-I43)*COMBIN($L$32,$J$33-($L$31-I43))/COMBIN($L$33,$J$33) -> 0.16402706
A44: R08 | B44: 48.394806 | C44: 44.014952 | D44: =C44-B44 -> -4.379854 | E44: =ABS(D44) -> 4.379854 | F44: =_xlfn.RANK.AVG(E44,$E$6:$E$143,1) -> 102 | G44: =IF(D44<0,-1,1) -> -1 | I44: 7 | J44: =COMBIN($L$31,$L$31-I44)*COMBIN($L$32,$J$33-($L$31-I44))/COMBIN($L$33,$J$33) -> 0.068358075
A45: R08 | B45: 52.309505 | C45: 55.879504 | D45: =C45-B45 -> 3.569999 | E45: =ABS(D45) -> 3.569999 | F45: =_xlfn.RANK.AVG(E45,$E$6:$E$143,1) -> 78 | G45: =IF(D45<0,-1,1) -> 1 | I45: 8 | J45: =COMBIN($L$31,$L$31-I45)*COMBIN($L$32,$J$33-($L$31-I45))/COMBIN($L$33,$J$33) -> 0.01638721
A46: R08 | B46: 45.473462 | C46: 44.031582 | D46: =C46-B46 -> -1.44188 | E46: =ABS(D46) -> 1.44188 | F46: =_xlfn.RANK.AVG(E46,$E$6:$E$143,1) -> 25 | G46: =IF(D46<0,-1,1) -> -1 | I46: 9 | J46: =COMBIN($L$31,$L$31-I46)*COMBIN($L$32,$J$33-($L$31-I46))/COMBIN($L$33,$J$33) -> 0.0017217099
A47: R08 | B47: 45.252817 | C47: 46.095655 | D47: =C47-B47 -> 0.842838 | E47: =ABS(D47) -> 0.842838 | F47: =_xlfn.RANK.AVG(E47,$E$6:$E$143,1) -> 16 | G47: =IF(D47<0,-1,1) -> 1 | I47: 10 | J47: =COMBIN($L$31,$L$31-I47)*COMBIN($L$32,$J$33-($L$31-I47))/COMBIN($L$33,$J$33) -> #NUM!
A48: R08 | B48: 45.230344 | C48: 43.975354 | D48: =C48-B48 -> -1.25499 | E48: =ABS(D48) -> 1.25499 | F48: =_xlfn.RANK.AVG(E48,$E$6:$E$143,1) -> 20 | G48: =IF(D48<0,-1,1) -> -1 | I48: Probabilidade da tabela observada (4 falhas) | J48: =J41 -> 0.24950595
A49: R08 | B49: 48.137439 | C49: 45.820203 | D49: =C49-B49 -> -2.317236 | E49: =ABS(D49) -> 2.317236 | F49: =_xlfn.RANK.AVG(E49,$E$6:$E$143,1) -> 53 | G49: =IF(D49<0,-1,1) -> -1 | I49: p = soma das tabelas tão ou menos prováveis | J49: =SUMIF(J37:J47,"<="&J48+0.0000001) -> 1
A50: R08 | B50: 47.412878 | C50: 46.753799 | D50: =C50-B50 -> -0.659079 | E50: =ABS(D50) -> 0.659079 | F50: =_xlfn.RANK.AVG(E50,$E$6:$E$143,1) -> 12 | G50: =IF(D50<0,-1,1) -> -1 | I50: Conclusão: p muito acima de 0,05, a diferença não é significativa
A51: R08 | B51: 50.786848 | C51: 44.065377 | D51: =C51-B51 -> -6.721471 | E51: =ABS(D51) -> 6.721471 | F51: =_xlfn.RANK.AVG(E51,$E$6:$E$143,1) -> 123 | G51: =IF(D51<0,-1,1) -> -1
A52: R08 | B52: 48.153635 | C52: 51.57251 | D52: =C52-B52 -> 3.418875 | E52: =ABS(D52) -> 3.418875 | F52: =_xlfn.RANK.AVG(E52,$E$6:$E$143,1) -> 74 | G52: =IF(D52<0,-1,1) -> 1 | I52: 6. DIMENSÃO DAS AMOSTRAS (o «n» impresso em cada figura)
A53: R08 | B53: 49.313694 | C53: 43.860507 | D53: =C53-B53 -> -5.453187 | E53: =ABS(D53) -> 5.453187 | F53: =_xlfn.RANK.AVG(E53,$E$6:$E$143,1) -> 111 | G53: =IF(D53<0,-1,1) -> -1 | I53: Campanha | J53: n | K53: Origem
A54: R08 | B54: 46.748846 | C54: 43.81524 | D54: =C54-B54 -> -2.933606 | E54: =ABS(D54) -> 2.933606 | F54: =_xlfn.RANK.AVG(E54,$E$6:$E$143,1) -> 61 | G54: =IF(D54<0,-1,1) -> -1 | I54: Pares emparelhados concluídos com sucesso (tempo de ciclo) | J54: =COUNT(D6:D143) -> 138 | K54: Folha «Dados Análise» do ficheiro de tempos, coluna «Par válido»
A55: R08 | B55: 45.29559 | C55: 45.612313 | D55: =C55-B55 -> 0.316723 | E55: =ABS(D55) -> 0.316723 | F55: =_xlfn.RANK.AVG(E55,$E$6:$E$143,1) -> 5 | G55: =IF(D55<0,-1,1) -> 1 | I55: Condições auditadas por estratégia (taxa de sucesso) | J55: 147 | K55: 160 condições nominais − 13 sem registo primário
A56: R08 | B56: 51.428018 | C56: 51.83368 | D56: =C56-B56 -> 0.405662 | E56: =ABS(D56) -> 0.405662 | F56: =_xlfn.RANK.AVG(E56,$E$6:$E$143,1) -> 6 | G56: =IF(D56<0,-1,1) -> 1 | I56: Ciclos no total | J56: 294 | K56: 147 × 2 arquiteturas
A57: R08 | B57: 50.125838 | C57: 43.715068 | D57: =C57-B57 -> -6.41077 | E57: =ABS(D57) -> 6.41077 | F57: =_xlfn.RANK.AVG(E57,$E$6:$E$143,1) -> 120 | G57: =IF(D57<0,-1,1) -> -1 | I57: Execuções de comando (pick-and-place) | J57: 900 | K57: 100 ciclos × 9 comandos
A58: R08 | B58: 48.129765 | C58: 48.53652 | D58: =C58-B58 -> 0.406755 | E58: =ABS(D58) -> 0.406755 | F58: =_xlfn.RANK.AVG(E58,$E$6:$E$143,1) -> 7 | G58: =IF(D58<0,-1,1) -> 1 | I58: Ciclos de pick-and-place | J58: 100 | K58: 10 pares de poses × 10 repetições
A59: R08 | B59: 45.376611 | C59: 43.944081 | D59: =C59-B59 -> -1.43253 | E59: =ABS(D59) -> 1.43253 | F59: =_xlfn.RANK.AVG(E59,$E$6:$E$143,1) -> 24 | G59: =IF(D59<0,-1,1) -> -1 | I59: Movimentos por planeador, sem obstáculos | J59: 50 | K59: Folha «Dados Análise» do ficheiro de pick
A60: R08 | B60: 50.544528 | C60: 55.30334 | D60: =C60-B60 -> 4.758812 | E60: =ABS(D60) -> 4.758812 | F60: =_xlfn.RANK.AVG(E60,$E$6:$E$143,1) -> 109 | G60: =IF(D60<0,-1,1) -> 1 | I60: Movimentos por planeador, com obstáculos | J60: 85 | K60: 17 movimentos × 5 repetições
A61: R10 | B61: 50.322402 | C61: 49.821277 | D61: =C61-B61 -> -0.501125 | E61: =ABS(D61) -> 0.501125 | F61: =_xlfn.RANK.AVG(E61,$E$6:$E$143,1) -> 10 | G61: =IF(D61<0,-1,1) -> -1 | I61: Poses medidas para o erro de TCP | J61: 17 | K61: Folha «Métricas Quantitativas»
A62: R10 | B62: 51.231883 | C62: 43.930378 | D62: =C62-B62 -> -7.301505 | E62: =ABS(D62) -> 7.301505 | F62: =_xlfn.RANK.AVG(E62,$E$6:$E$143,1) -> 126 | G62: =IF(D62<0,-1,1) -> -1 | I62: Movimentos com erro registado | J62: 200 | K62: 2 por ciclo × 100 ciclos
A63: R10 | B63: 50.19097 | C63: 53.421255 | D63: =C63-B63 -> 3.230285 | E63: =ABS(D63) -> 3.230285 | F63: =_xlfn.RANK.AVG(E63,$E$6:$E$143,1) -> 67 | G63: =IF(D63<0,-1,1) -> 1 | I63: Ensaios de segurança | J63: 41 | K63: Folha «Segurança»
A64: R10 | B64: 52.132323 | C64: 43.675383 | D64: =C64-B64 -> -8.45694 | E64: =ABS(D64) -> 8.45694 | F64: =_xlfn.RANK.AVG(E64,$E$6:$E$143,1) -> 131 | G64: =IF(D64<0,-1,1) -> -1 | I64: Ensaios de robustez | J64: 19 | K64: Folha «Robustez»
A65: R10 | B65: 54.488682 | C65: 49.526924 | D65: =C65-B65 -> -4.961758 | E65: =ABS(D65) -> 4.961758 | F65: =_xlfn.RANK.AVG(E65,$E$6:$E$143,1) -> 110 | G65: =IF(D65<0,-1,1) -> -1
A66: R10 | B66: 46.490771 | C66: 46.799123 | D66: =C66-B66 -> 0.308352 | E66: =ABS(D66) -> 0.308352 | F66: =_xlfn.RANK.AVG(E66,$E$6:$E$143,1) -> 4 | G66: =IF(D66<0,-1,1) -> 1
A67: R10 | B67: 49.650391 | C67: 48.941153 | D67: =C67-B67 -> -0.709238 | E67: =ABS(D67) -> 0.709238 | F67: =_xlfn.RANK.AVG(E67,$E$6:$E$143,1) -> 13 | G67: =IF(D67<0,-1,1) -> -1
A68: R10 | B68: 46.493053 | C68: 47.582444 | D68: =C68-B68 -> 1.089391 | E68: =ABS(D68) -> 1.089391 | F68: =_xlfn.RANK.AVG(E68,$E$6:$E$143,1) -> 18 | G68: =IF(D68<0,-1,1) -> 1
A69: R10 | B69: 50.227924 | C69: 51.418999 | D69: =C69-B69 -> 1.191075 | E69: =ABS(D69) -> 1.191075 | F69: =_xlfn.RANK.AVG(E69,$E$6:$E$143,1) -> 19 | G69: =IF(D69<0,-1,1) -> 1
A70: R10 | B70: 51.300856 | C70: 48.200318 | D70: =C70-B70 -> -3.100538 | E70: =ABS(D70) -> 3.100538 | F70: =_xlfn.RANK.AVG(E70,$E$6:$E$143,1) -> 64 | G70: =IF(D70<0,-1,1) -> -1
A71: R10 | B71: 53.618949 | C71: 52.310116 | D71: =C71-B71 -> -1.308833 | E71: =ABS(D71) -> 1.308833 | F71: =_xlfn.RANK.AVG(E71,$E$6:$E$143,1) -> 23 | G71: =IF(D71<0,-1,1) -> -1
A72: R10 | B72: 54.480554 | C72: 47.390803 | D72: =C72-B72 -> -7.089751 | E72: =ABS(D72) -> 7.089751 | F72: =_xlfn.RANK.AVG(E72,$E$6:$E$143,1) -> 125 | G72: =IF(D72<0,-1,1) -> -1
A73: R10 | B73: 46.659176 | C73: 48.895891 | D73: =C73-B73 -> 2.236715 | E73: =ABS(D73) -> 2.236715 | F73: =_xlfn.RANK.AVG(E73,$E$6:$E$143,1) -> 46 | G73: =IF(D73<0,-1,1) -> 1
A74: R10 | B74: 49.554205 | C74: 53.055284 | D74: =C74-B74 -> 3.501079 | E74: =ABS(D74) -> 3.501079 | F74: =_xlfn.RANK.AVG(E74,$E$6:$E$143,1) -> 76 | G74: =IF(D74<0,-1,1) -> 1
A75: R10 | B75: 52.462901 | C75: 53.955051 | D75: =C75-B75 -> 1.49215 | E75: =ABS(D75) -> 1.49215 | F75: =_xlfn.RANK.AVG(E75,$E$6:$E$143,1) -> 27 | G75: =IF(D75<0,-1,1) -> 1
A76: O07 | B76: 50.121675 | C76: 54.762555 | D76: =C76-B76 -> 4.64088 | E76: =ABS(D76) -> 4.64088 | F76: =_xlfn.RANK.AVG(E76,$E$6:$E$143,1) -> 106 | G76: =IF(D76<0,-1,1) -> 1
... A143: O17 | B143: 48.888068 | C143: 45.101753 | D143: =C143-B143 -> -3.786315 | E143: =ABS(D143) -> 3.786315 | F143: =_xlfn.RANK.AVG(E143,$E$6:$E$143,1) -> 87 | G143: =IF(D143<0,-1,1) -> -1

Sheet Estatística descritiva
A1: ESTATÍSTICA DESCRITIVA E INTERVALOS DE CONFIANÇA A 95 %
A2: Tudo o que está nesta folha é fórmula. Altere um valor nos dados de origem e todos os resumos, margens de erro e intervalos se atualizam. O IC 95 % é o intervalo em que se situa a média verdadeira da população, com 95 % de confiança.
A4: 1. TEMPO DE CICLO — os 138 pares concluídos com sucesso pelas duas estratégias (Secção 5.4)
A5: Condição | B5: n | C5: Média | D5: Mediana | E5: Desvio-padrão | F5: Mínimo | G5: Máximo | H5: Q1 | I5: Q3 | J5: IQR | K5: Erro-padrão | L5: t crítico | M5: Margem de erro | N5: IC 95 % inferior | O5: IC 95 % superior
A6: Arquitetura temporal | B6: =COUNT('Testes estatísticos'!B6:B143) -> 138 | C6: =AVERAGE('Testes estatísticos'!B6:B143) -> 49.404171 | D6: =MEDIAN('Testes estatísticos'!B6:B143) -> 49.471097 | E6: =_xlfn.STDEV.S('Testes estatísticos'!B6:B143) -> 3.0233209 | F6: =MIN('Testes estatísticos'!B6:B143) -> 44.793365 | G6: =MAX('Testes estatísticos'!B6:B143) -> 60.471985 | H6: =QUARTILE('Testes estatísticos'!B6:B143,1) -> 47.147709 | I6: =QUARTILE('Testes estatísticos'!B6:B143,3) -> 51.201511 | J6: =I6-H6 -> 4.0538025 | K6: =E6/SQRT(B6) -> 0.25736217 | L6: =TINV(0.05,B6-1) -> 1.9774312 | M6: =L6*K6 -> 0.50891599 | N6: =C6-M6 -> 48.895255 | O6: =C6+M6 -> 49.913087
A7: Arquitetura por respostas | B7: =COUNT('Testes estatísticos'!C6:C143) -> 138 | C7: =AVERAGE('Testes estatísticos'!C6:C143) -> 47.010874 | D7: =MEDIAN('Testes estatísticos'!C6:C143) -> 46.771963 | E7: =_xlfn.STDEV.S('Testes estatísticos'!C6:C143) -> 3.2383158 | F7: =MIN('Testes estatísticos'!C6:C143) -> 42.650284 | G7: =MAX('Testes estatísticos'!C6:C143) -> 56.05236 | H7: =QUARTILE('Testes estatísticos'!C6:C143,1) -> 45.01256 | I7: =QUARTILE('Testes estatísticos'!C6:C143,3) -> 48.1825 | J7: =I7-H7 -> 3.1699395 | K7: =E7/SQRT(B7) -> 0.27566374 | L7: =TINV(0.05,B7-1) -> 1.9774312 | M7: =L7*K7 -> 0.54510609 | N7: =C7-M7 -> 46.465768 | O7: =C7+M7 -> 47.55598
A8: Diferença (respostas − temporal) | B8: =COUNT('Testes estatísticos'!D6:D143) -> 138 | C8: =AVERAGE('Testes estatísticos'!D6:D143) -> -2.3932968 | D8: =MEDIAN('Testes estatísticos'!D6:D143) -> -2.3160935 | E8: =_xlfn.STDEV.S('Testes estatísticos'!D6:D143) -> 3.7549527 | F8: =MIN('Testes estatísticos'!D6:D143) -> -15.416956 | G8: =MAX('Testes estatísticos'!D6:D143) -> 8.877868 | H8: =QUARTILE('Testes estatísticos'!D6:D143,1) -> -4.0051845 | I8: =QUARTILE('Testes estatísticos'!D6:D143,3) -> -0.592563 | J8: =I8-H8 -> 3.4126215 | K8: =E8/SQRT(B8) -> 0.3196428 | L8: =TINV(0.05,B8-1) -> 1.9774312 | M8: =L8*K8 -> 0.63207165 | N8: =C8-M8 -> -3.0253685 | O8: =C8+M8 -> -1.7612252
A10: O IC 95 % da diferença não contém o zero, o que confirma que a redução do tempo de ciclo não é atribuível ao acaso. É a leitura equivalente à do valor de p do teste de Wilcoxon.
A12: 2. TEMPO DE CICLO POR CENÁRIO — arquitetura temporal
A13: Condição | B13: n | C13: Média | D13: Mediana | E13: Desvio-padrão | F13: Mínimo | G13: Máximo | H13: Q1 | I13: Q3 | J13: IQR | K13: Erro-padrão | L13: t crítico | M13: Margem de erro | N13: IC 95 % inferior | O13: IC 95 % superior
A14: R01 | B14: =COUNT('Testes estatísticos'!B6:B23) -> 18 | C14: =AVERAGE('Testes estatísticos'!B6:B23) -> 50.268834 | D14: =MEDIAN('Testes estatísticos'!B6:B23) -> 49.926504 | E14: =_xlfn.STDEV.S('Testes estatísticos'!B6:B23) -> 3.1670451 | F14: =MIN('Testes estatísticos'!B6:B23) -> 45.297633 | G14: =MAX('Testes estatísticos'!B6:B23) -> 54.482655 | H14: =QUARTILE('Testes estatísticos'!B6:B23,1) -> 48.181953 | I14: =QUARTILE('Testes estatísticos'!B6:B23,3) -> 52.993702 | J14: =I14-H14 -> 4.8117485 | K14: =E14/SQRT(B14) -> 0.7464797 | L14: =TINV(0.05,B14-1) -> 2.1098156 | M14: =L14*K14 -> 1.5749345 | N14: =C14-M14 -> 48.6939 | O14: =C14+M14 -> 51.843769
A15: R04 | B15: =COUNT('Testes estatísticos'!B24:B43) -> 20 | C15: =AVERAGE('Testes estatísticos'!B24:B43) -> 46.273134 | D15: =MEDIAN('Testes estatísticos'!B24:B43) -> 45.062233 | E15: =_xlfn.STDEV.S('Testes estatísticos'!B24:B43) -> 1.9028096 | F15: =MIN('Testes estatísticos'!B24:B43) -> 44.793365 | G15: =MAX('Testes estatísticos'!B24:B43) -> 50.397911 | H15: =QUARTILE('Testes estatísticos'!B24:B43,1) -> 44.968973 | I15: =QUARTILE('Testes estatísticos'!B24:B43,3) -> 46.762417 | J15: =I15-H15 -> 1.7934443 | K15: =E15/SQRT(B15) -> 0.42548116 | L15: =TINV(0.05,B15-1) -> 2.0930241 | M15: =L15*K15 -> 0.89054231 | N15: =C15-M15 -> 45.382591 | O15: =C15+M15 -> 47.163676
A16: R08 | B16: =COUNT('Testes estatísticos'!B44:B60) -> 17 | C16: =AVERAGE('Testes estatísticos'!B44:B60) -> 48.12439 | D16: =MEDIAN('Testes estatísticos'!B44:B60) -> 48.137439 | E16: =_xlfn.STDEV.S('Testes estatísticos'!B44:B60) -> 2.3514482 | F16: =MIN('Testes estatísticos'!B44:B60) -> 45.230344 | G16: =MAX('Testes estatísticos'!B44:B60) -> 52.309505 | H16: =QUARTILE('Testes estatísticos'!B44:B60,1) -> 45.473462 | I16: =QUARTILE('Testes estatísticos'!B44:B60,3) -> 50.125838 | J16: =I16-H16 -> 4.652376 | K16: =E16/SQRT(B16) -> 0.57030995 | L16: =TINV(0.05,B16-1) -> 2.1199053 | M16: =L16*K16 -> 1.2090031 | N16: =C16-M16 -> 46.915387 | O16: =C16+M16 -> 49.333393
A17: R10 | B17: =COUNT('Testes estatísticos'!B61:B75) -> 15 | C17: =AVERAGE('Testes estatísticos'!B61:B75) -> 50.620336 | D17: =MEDIAN('Testes estatísticos'!B61:B75) -> 50.322402 | E17: =_xlfn.STDEV.S('Testes estatísticos'!B61:B75) -> 2.6411362 | F17: =MIN('Testes estatísticos'!B61:B75) -> 46.490771 | G17: =MAX('Testes estatísticos'!B61:B75) -> 54.488682 | H17: =QUARTILE('Testes estatísticos'!B61:B75,1) -> 49.602298 | I17: =QUARTILE('Testes estatísticos'!B61:B75,3) -> 52.297612 | J17: =I17-H17 -> 2.695314 | K17: =E17/SQRT(B17) -> 0.68193844 | L17: =TINV(0.05,B17-1) -> 2.1447867 | M17: =L17*K17 -> 1.4626125 | N17: =C17-M17 -> 49.157724 | O17: =C17+M17 -> 52.082948
A18: O07 | B18: =COUNT('Testes estatísticos'!B76:B95) -> 20 | C18: =AVERAGE('Testes estatísticos'!B76:B95) -> 50.888972 | D18: =MEDIAN('Testes estatísticos'!B76:B95) -> 50.16863 | E18: =_xlfn.STDEV.S('Testes estatísticos'!B76:B95) -> 1.5545822 | F18: =MIN('Testes estatísticos'!B76:B95) -> 49.151743 | G18: =MAX('Testes estatísticos'!B76:B95) -> 56.114478 | H18: =QUARTILE('Testes estatísticos'!B76:B95,1) -> 50.0424 | I18: =QUARTILE('Testes estatísticos'!B76:B95,3) -> 51.597563 | J18: =I18-H18 -> 1.5551635 | K18: =E18/SQRT(B18) -> 0.34761515 | L18: =TINV(0.05,B18-1) -> 2.0930241 | M18: =L18*K18 -> 0.72756686 | N18: =C18-M18 -> 50.161405 | O18: =C18+M18 -> 51.616538
A19: O03 | B19: =COUNT('Testes estatísticos'!B96:B110) -> 15 | C19: =AVERAGE('Testes estatísticos'!B96:B110) -> 51.017659 | D19: =MEDIAN('Testes estatísticos'!B96:B110) -> 50.907726 | E19: =_xlfn.STDEV.S('Testes estatísticos'!B96:B110) -> 0.27498313 | F19: =MIN('Testes estatísticos'!B96:B110) -> 50.651345 | G19: =MAX('Testes estatísticos'!B96:B110) -> 51.59837 | H19: =QUARTILE('Testes estatísticos'!B96:B110,1) -> 50.829741 | I19: =QUARTILE('Testes estatísticos'!B96:B110,3) -> 51.177815 | J19: =I19-H19 -> 0.3480735 | K19: =E19/SQRT(B19) -> 0.071000338 | L19: =TINV(0.05,B19-1) -> 2.1447867 | M19: =L19*K19 -> 0.15228058 | N19: =C19-M19 -> 50.865379 | O19: =C19+M19 -> 51.16994
A20: O13 | B20: =COUNT('Testes estatísticos'!B111:B126) -> 16 | C20: =AVERAGE('Testes estatísticos'!B111:B126) -> 47.863755 | D20: =MEDIAN('Testes estatísticos'!B111:B126) -> 47.166024 | E20: =_xlfn.STDEV.S('Testes estatísticos'!B111:B126) -> 2.7910772 | F20: =MIN('Testes estatísticos'!B111:B126) -> 47.047639 | G20: =MAX('Testes estatísticos'!B111:B126) -> 58.322647 | H20: =QUARTILE('Testes estatísticos'!B111:B126,1) -> 47.088555 | I20: =QUARTILE('Testes estatísticos'!B111:B126,3) -> 47.226414 | J20: =I20-H20 -> 0.137859 | K20: =E20/SQRT(B20) -> 0.69776929 | L20: =TINV(0.05,B20-1) -> 2.1314495 | M20: =L20*K20 -> 1.48726 | N20: =C20-M20 -> 46.376495 | O20: =C20+M20 -> 49.351015
A21: O17 | B21: =COUNT('Testes estatísticos'!B127:B143) -> 17 | C21: =AVERAGE('Testes estatísticos'!B127:B143) -> 50.658226 | D21: =MEDIAN('Testes estatísticos'!B127:B143) -> 48.943417 | E21: =_xlfn.STDEV.S('Testes estatísticos'!B127:B143) -> 3.996751 | F21: =MIN('Testes estatísticos'!B127:B143) -> 47.24907 | G21: =MAX('Testes estatísticos'!B127:B143) -> 60.471985 | H21: =QUARTILE('Testes estatísticos'!B127:B143,1) -> 48.814803 | I21: =QUARTILE('Testes estatísticos'!B127:B143,3) -> 53.423732 | J21: =I21-H21 -> 4.608929 | K21: =E21/SQRT(B21) -> 0.9693545 | L21: =TINV(0.05,B21-1) -> 2.1199053 | M21: =L21*K21 -> 2.0549397 | N21: =C21-M21 -> 48.603286 | O21: =C21+M21 -> 52.713166
A24: 3. TEMPO DE CICLO POR CENÁRIO — arquitetura por respostas
A25: Condição | B25: n | C25: Média | D25: Mediana | E25: Desvio-padrão | F25: Mínimo | G25: Máximo | H25: Q1 | I25: Q3 | J25: IQR | K25: Erro-padrão | L25: t crítico | M25: Margem de erro | N25: IC 95 % inferior | O25: IC 95 % superior
A26: R01 | B26: =COUNT('Testes estatísticos'!C6:C23) -> 18 | C26: =AVERAGE('Testes estatísticos'!C6:C23) -> 47.949944 | D26: =MEDIAN('Testes estatísticos'!C6:C23) -> 48.178 | E26: =_xlfn.STDEV.S('Testes estatísticos'!C6:C23) -> 3.2030431 | F26: =MIN('Testes estatísticos'!C6:C23) -> 43.218 | G26: =MAX('Testes estatísticos'!C6:C23) -> 53.615 | H26: =QUARTILE('Testes estatísticos'!C6:C23,1) -> 46.11075 | I26: =QUARTILE('Testes estatísticos'!C6:C23,3) -> 49.88325 | J26: =I26-H26 -> 3.7725 | K26: =E26/SQRT(B26) -> 0.7549645 | L26: =TINV(0.05,B26-1) -> 2.1098156 | M26: =L26*K26 -> 1.5928359 | N26: =C26-M26 -> 46.357109 | O26: =C26+M26 -> 49.54278
A27: R04 | B27: =COUNT('Testes estatísticos'!C24:C43) -> 20 | C27: =AVERAGE('Testes estatísticos'!C24:C43) -> 43.814484 | D27: =MEDIAN('Testes estatísticos'!C24:C43) -> 42.806957 | E27: =_xlfn.STDEV.S('Testes estatísticos'!C24:C43) -> 1.8668581 | F27: =MIN('Testes estatísticos'!C24:C43) -> 42.650284 | G27: =MAX('Testes estatísticos'!C24:C43) -> 48.329302 | H27: =QUARTILE('Testes estatísticos'!C24:C43,1) -> 42.73558 | I27: =QUARTILE('Testes estatísticos'!C24:C43,3) -> 44.280104 | J27: =I27-H27 -> 1.544524 | K27: =E27/SQRT(B27) -> 0.41744215 | L27: =TINV(0.05,B27-1) -> 2.0930241 | M27: =L27*K27 -> 0.87371646 | N27: =C27-M27 -> 42.940767 | O27: =C27+M27 -> 44.6882
A28: R08 | B28: =COUNT('Testes estatísticos'!C44:C60) -> 17 | C28: =AVERAGE('Testes estatísticos'!C44:C60) -> 46.989981 | D28: =MEDIAN('Testes estatísticos'!C44:C60) -> 45.612313 | E28: =_xlfn.STDEV.S('Testes estatísticos'!C44:C60) -> 4.1399701 | F28: =MIN('Testes estatísticos'!C44:C60) -> 43.715068 | G28: =MAX('Testes estatísticos'!C44:C60) -> 55.879504 | H28: =QUARTILE('Testes estatísticos'!C44:C60,1) -> 43.975354 | I28: =QUARTILE('Testes estatísticos'!C44:C60,3) -> 48.53652 | J28: =I28-H28 -> 4.561166 | K28: =E28/SQRT(B28) -> 1.0040902 | L28: =TINV(0.05,B28-1) -> 2.1199053 | M28: =L28*K28 -> 2.1285762 | N28: =C28-M28 -> 44.861405 | O28: =C28+M28 -> 49.118558
A29: R10 | B29: =COUNT('Testes estatísticos'!C61:C75) -> 15 | C29: =AVERAGE('Testes estatísticos'!C61:C75) -> 49.261627 | D29: =MEDIAN('Testes estatísticos'!C61:C75) -> 48.941153 | E29: =_xlfn.STDEV.S('Testes estatísticos'!C61:C75) -> 3.1783693 | F29: =MIN('Testes estatísticos'!C61:C75) -> 43.675383 | G29: =MAX('Testes estatísticos'!C61:C75) -> 53.955051 | H29: =QUARTILE('Testes estatísticos'!C61:C75,1) -> 47.486624 | I29: =QUARTILE('Testes estatísticos'!C61:C75,3) -> 51.864558 | J29: =I29-H29 -> 4.377934 | K29: =E29/SQRT(B29) -> 0.82065143 | L29: =TINV(0.05,B29-1) -> 2.1447867 | M29: =L29*K29 -> 1.7601223 | N29: =C29-M29 -> 47.501504 | O29: =C29+M29 -> 51.021749
A30: O07 | B30: =COUNT('Testes estatísticos'!C76:C95) -> 20 | C30: =AVERAGE('Testes estatísticos'!C76:C95) -> 47.742953 | D30: =MEDIAN('Testes estatísticos'!C76:C95) -> 46.922506 | E30: =_xlfn.STDEV.S('Testes estatísticos'!C76:C95) -> 2.9635511 | F30: =MIN('Testes estatísticos'!C76:C95) -> 45.363616 | G30: =MAX('Testes estatísticos'!C76:C95) -> 55.880272 | H30: =QUARTILE('Testes estatísticos'!C76:C95,1) -> 45.967743 | I30: =QUARTILE('Testes estatísticos'!C76:C95,3) -> 47.735731 | J30: =I30-H30 -> 1.7679873 | K30: =E30/SQRT(B30) -> 0.66267016 | L30: =TINV(0.05,B30-1) -> 2.0930241 | M30: =L30*K30 -> 1.3869846 | N30: =C30-M30 -> 46.355968 | O30: =C30+M30 -> 49.129937
A31: O03 | B31: =COUNT('Testes estatísticos'!C96:C110) -> 15 | C31: =AVERAGE('Testes estatísticos'!C96:C110) -> 47.479288 | D31: =MEDIAN('Testes estatísticos'!C96:C110) -> 47.074399 | E31: =_xlfn.STDEV.S('Testes estatísticos'!C96:C110) -> 1.1440191 | F31: =MIN('Testes estatísticos'!C96:C110) -> 46.964322 | G31: =MAX('Testes estatísticos'!C96:C110) -> 51.5289 | H31: =QUARTILE('Testes estatísticos'!C96:C110,1) -> 47.011245 | I31: =QUARTILE('Testes estatísticos'!C96:C110,3) -> 47.450646 | J31: =I31-H31 -> 0.439401 | K31: =E31/SQRT(B31) -> 0.29538447 | L31: =TINV(0.05,B31-1) -> 2.1447867 | M31: =L31*K31 -> 0.63353668 | N31: =C31-M31 -> 46.845751 | O31: =C31+M31 -> 48.112824
A32: O13 | B32: =COUNT('Testes estatísticos'!C111:C126) -> 16 | C32: =AVERAGE('Testes estatísticos'!C111:C126) -> 46.578391 | D32: =MEDIAN('Testes estatísticos'!C111:C126) -> 45.036305 | E32: =_xlfn.STDEV.S('Testes estatísticos'!C111:C126) -> 3.3892838 | F32: =MIN('Testes estatísticos'!C111:C126) -> 44.921168 | G32: =MAX('Testes estatísticos'!C111:C126) -> 56.05236 | H32: =QUARTILE('Testes estatísticos'!C111:C126,1) -> 45.001781 | I32: =QUARTILE('Testes estatísticos'!C111:C126,3) -> 45.250195 | J32: =I32-H32 -> 0.248414 | K32: =E32/SQRT(B32) -> 0.84732096 | L32: =TINV(0.05,B32-1) -> 2.1314495 | M32: =L32*K32 -> 1.8060219 | N32: =C32-M32 -> 44.772369 | O32: =C32+M32 -> 48.384413
A33: O17 | B33: =COUNT('Testes estatísticos'!C127:C143) -> 17 | C33: =AVERAGE('Testes estatísticos'!C127:C143) -> 46.944427 | D33: =MEDIAN('Testes estatísticos'!C127:C143) -> 46.732589 | E33: =_xlfn.STDEV.S('Testes estatísticos'!C127:C143) -> 2.6172792 | F33: =MIN('Testes estatísticos'!C127:C143) -> 45.050001 | G33: =MAX('Testes estatísticos'!C127:C143) -> 55.756136 | H33: =QUARTILE('Testes estatísticos'!C127:C143,1) -> 45.117579 | I33: =QUARTILE('Testes estatísticos'!C127:C143,3) -> 47.535028 | J33: =I33-H33 -> 2.417449 | K33: =E33/SQRT(B33) -> 0.63478345 | L33: =TINV(0.05,B33-1) -> 2.1199053 | M33: =L33*K33 -> 1.3456808 | N33: =C33-M33 -> 45.598746 | O33: =C33+M33 -> 48.290108
A36: 4. DIFERENÇA EMPARELHADA POR CENÁRIO (respostas − temporal)
A37: Condição | B37: n | C37: Média | D37: Mediana | E37: Desvio-padrão | F37: Mínimo | G37: Máximo | H37: Q1 | I37: Q3 | J37: IQR | K37: Erro-padrão | L37: t crítico | M37: Margem de erro | N37: IC 95 % inferior | O37: IC 95 % superior
A38: R01 | B38: =COUNT('Testes estatísticos'!D6:D23) -> 18 | C38: =AVERAGE('Testes estatísticos'!D6:D23) -> -2.3188899 | D38: =MEDIAN('Testes estatísticos'!D6:D23) -> -1.5550705 | E38: =_xlfn.STDEV.S('Testes estatísticos'!D6:D23) -> 4.6598987 | F38: =MIN('Testes estatísticos'!D6:D23) -> -11.033655 | G38: =MAX('Testes estatísticos'!D6:D23) -> 4.713088 | H38: =QUARTILE('Testes estatísticos'!D6:D23,1) -> -6.0675905 | I38: =QUARTILE('Testes estatísticos'!D6:D23,3) -> 0.556265 | J38: =I38-H38 -> 6.6238555 | K38: =E38/SQRT(B38) -> 1.0983487 | L38: =TINV(0.05,B38-1) -> 2.1098156 | M38: =L38*K38 -> 2.3173131 | N38: =C38-M38 -> -4.6362031 | O38: =C38+M38 -> -0.0015768331
A39: R04 | B39: =COUNT('Testes estatísticos'!D24:D43) -> 20 | C39: =AVERAGE('Testes estatísticos'!D24:D43) -> -2.4586501 | D39: =MEDIAN('Testes estatísticos'!D24:D43) -> -2.2718505 | E39: =_xlfn.STDEV.S('Testes estatísticos'!D24:D43) -> 2.3336163 | F39: =MIN('Testes estatísticos'!D24:D43) -> -7.353048 | G39: =MAX('Testes estatísticos'!D24:D43) -> 3.372644 | H39: =QUARTILE('Testes estatísticos'!D24:D43,1) -> -3.6537927 | I39: =QUARTILE('Testes estatísticos'!D24:D43,3) -> -2.1092305 | J39: =I39-H39 -> 1.5445623 | K39: =E39/SQRT(B39) -> 0.52181246 | L39: =TINV(0.05,B39-1) -> 2.0930241 | M39: =L39*K39 -> 1.092166 | N39: =C39-M39 -> -3.5508161 | O39: =C39+M39 -> -1.366484
A40: R08 | B40: =COUNT('Testes estatísticos'!D44:D60) -> 17 | C40: =AVERAGE('Testes estatísticos'!D44:D60) -> -1.1344082 | D40: =MEDIAN('Testes estatísticos'!D44:D60) -> -1.25499 | E40: =_xlfn.STDEV.S('Testes estatísticos'!D44:D60) -> 3.3694982 | F40: =MIN('Testes estatísticos'!D44:D60) -> -6.721471 | G40: =MAX('Testes estatísticos'!D44:D60) -> 4.758812 | H40: =QUARTILE('Testes estatísticos'!D44:D60,1) -> -2.933606 | I40: =QUARTILE('Testes estatísticos'!D44:D60,3) -> 0.406755 | J40: =I40-H40 -> 3.340361 | K40: =E40/SQRT(B40) -> 0.81722334 | L40: =TINV(0.05,B40-1) -> 2.1199053 | M40: =L40*K40 -> 1.7324361 | N40: =C40-M40 -> -2.8668443 | O40: =C40+M40 -> 0.59802791
A41: R10 | B41: =COUNT('Testes estatísticos'!D61:D75) -> 15 | C41: =AVERAGE('Testes estatísticos'!D61:D75) -> -1.3587094 | D41: =MEDIAN('Testes estatísticos'!D61:D75) -> -0.501125 | E41: =_xlfn.STDEV.S('Testes estatísticos'!D61:D75) -> 3.9345248 | F41: =MIN('Testes estatísticos'!D61:D75) -> -8.45694 | G41: =MAX('Testes estatísticos'!D61:D75) -> 3.501079 | H41: =QUARTILE('Testes estatísticos'!D61:D75,1) -> -4.031148 | I41: =QUARTILE('Testes estatísticos'!D61:D75,3) -> 1.3416125 | J41: =I41-H41 -> 5.3727605 | K41: =E41/SQRT(B41) -> 1.0158899 | L41: =TINV(0.05,B41-1) -> 2.1447867 | M41: =L41*K41 -> 2.1788672 | N41: =C41-M41 -> -3.5375766 | O41: =C41+M41 -> 0.82015779
A42: O07 | B42: =COUNT('Testes estatísticos'!D76:D95) -> 20 | C42: =AVERAGE('Testes estatísticos'!D76:D95) -> -3.1460188 | D42: =MEDIAN('Testes estatísticos'!D76:D95) -> -3.4062355 | E42: =_xlfn.STDEV.S('Testes estatísticos'!D76:D95) -> 3.2701672 | F42: =MIN('Testes estatísticos'!D76:D95) -> -8.406321 | G42: =MAX('Testes estatísticos'!D76:D95) -> 4.64088 | H42: =QUARTILE('Testes estatísticos'!D76:D95,1) -> -5.6336125 | I42: =QUARTILE('Testes estatísticos'!D76:D95,3) -> -2.4464348 | J42: =I42-H42 -> 3.1871777 | K42: =E42/SQRT(B42) -> 0.73123162 | L42: =TINV(0.05,B42-1) -> 2.0930241 | M42: =L42*K42 -> 1.5304854 | N42: =C42-M42 -> -4.6765041 | O42: =C42+M42 -> -1.6155334
A43: O03 | B43: =COUNT('Testes estatísticos'!D96:D110) -> 15 | C43: =AVERAGE('Testes estatísticos'!D96:D110) -> -3.5383717 | D43: =MEDIAN('Testes estatísticos'!D96:D110) -> -3.800793 | E43: =_xlfn.STDEV.S('Testes estatísticos'!D96:D110) -> 1.0464297 | F43: =MIN('Testes estatísticos'!D96:D110) -> -4.431786 | G43: =MAX('Testes estatísticos'!D96:D110) -> -0.06947 | H43: =QUARTILE('Testes estatísticos'!D96:D110,1) -> -4.0521315 | I43: =QUARTILE('Testes estatísticos'!D96:D110,3) -> -3.328128 | J43: =I43-H43 -> 0.7240035 | K43: =E43/SQRT(B43) -> 0.27018698 | L43: =TINV(0.05,B43-1) -> 2.1447867 | M43: =L43*K43 -> 0.57949343 | N43: =C43-M43 -> -4.1178652 | O43: =C43+M43 -> -2.9588783
A44: O13 | B44: =COUNT('Testes estatísticos'!D111:D126) -> 16 | C44: =AVERAGE('Testes estatísticos'!D111:D126) -> -1.2853644 | D44: =MEDIAN('Testes estatísticos'!D111:D126) -> -2.058848 | E44: =_xlfn.STDEV.S('Testes estatísticos'!D111:D126) -> 4.624311 | F44: =MIN('Testes estatísticos'!D111:D126) -> -13.340673 | G44: =MAX('Testes estatísticos'!D111:D126) -> 8.877868 | H44: =QUARTILE('Testes estatísticos'!D111:D126,1) -> -2.1900965 | I44: =QUARTILE('Testes estatísticos'!D111:D126,3) -> -1.859223 | J44: =I44-H44 -> 0.3308735 | K44: =E44/SQRT(B44) -> 1.1560778 | L44: =TINV(0.05,B44-1) -> 2.1314495 | M44: =L44*K44 -> 2.4641214 | N44: =C44-M44 -> -3.7494858 | O44: =C44+M44 -> 1.178757
A45: O17 | B45: =COUNT('Testes estatísticos'!D127:D143) -> 17 | C45: =AVERAGE('Testes estatísticos'!D127:D143) -> -3.7137989 | D45: =MEDIAN('Testes estatísticos'!D127:D143) -> -3.774814 | E45: =_xlfn.STDEV.S('Testes estatísticos'!D127:D143) -> 4.9869051 | F45: =MIN('Testes estatísticos'!D127:D143) -> -15.416956 | G45: =MAX('Testes estatísticos'!D127:D143) -> 8.507066 | H45: =QUARTILE('Testes estatísticos'!D127:D143,1) -> -6.691143 | I45: =QUARTILE('Testes estatísticos'!D127:D143,3) -> -1.284477 | J45: =I45-H45 -> 5.406666 | K45: =E45/SQRT(B45) -> 1.2095021 | L45: =TINV(0.05,B45-1) -> 2.1199053 | M45: =L45*K45 -> 2.56403 | N45: =C45-M45 -> -6.2778289 | O45: =C45+M45 -> -1.1497689
A47: Um IC 95 % que atravessa o zero significa que, nesse cenário, a diferença observada é compatível com a ausência de efeito. É o que sucede nos cenários em que o teste de Wilcoxon por cenário também não é significativo.
A49: 5. OUTRAS GRANDEZAS COM IC 95 % (Secções 5.5 e 5.6)
A50: Condição | B50: n | C50: Média | D50: Mediana | E50: Desvio-padrão | F50: Mínimo | G50: Máximo | H50: Q1 | I50: Q3 | J50: IQR | K50: Erro-padrão | L50: t crítico | M50: Margem de erro | N50: IC 95 % inferior | O50: IC 95 % superior
A51: Erro euclidiano por movimento (mm) | B51: =COUNT('Dados auxiliares'!A4:A203) -> 200 | C51: =AVERAGE('Dados auxiliares'!A4:A203) -> 0.9599842 | D51: =MEDIAN('Dados auxiliares'!A4:A203) -> 0.94604071 | E51: =_xlfn.STDEV.S('Dados auxiliares'!A4:A203) -> 0.38079834 | F51: =MIN('Dados auxiliares'!A4:A203) -> 0 | G51: =MAX('Dados auxiliares'!A4:A203) -> 2.0688161 | H51: =QUARTILE('Dados auxiliares'!A4:A203,1) -> 0.64807407 | I51: =QUARTILE('Dados auxiliares'!A4:A203,3) -> 1.2277916 | J51: =I51-H51 -> 0.57971751 | K51: =E51/SQRT(B51) -> 0.026926509 | L51: =TINV(0.05,B51-1) -> 1.9719565 | M51: =L51*K51 -> 0.053097905 | N51: =C51-M51 -> 0.90688629 | O51: =C51+M51 -> 1.0130821
A52: Erro euclidiano na flange (mm) | B52: =COUNT('Dados auxiliares'!D4:D20) -> 17 | C52: =AVERAGE('Dados auxiliares'!D4:D20) -> 50.284819 | D52: =MEDIAN('Dados auxiliares'!D4:D20) -> 50.417953 | E52: =_xlfn.STDEV.S('Dados auxiliares'!D4:D20) -> 0.83063859 | F52: =MIN('Dados auxiliares'!D4:D20) -> 48.805123 | G52: =MAX('Dados auxiliares'!D4:D20) -> 52.004807 | H52: =QUARTILE('Dados auxiliares'!D4:D20,1) -> 49.701308 | I52: =QUARTILE('Dados auxiliares'!D4:D20,3) -> 50.703649 | J52: =I52-H52 -> 1.002341 | K52: =E52/SQRT(B52) -> 0.20145945 | L52: =TINV(0.05,B52-1) -> 2.1199053 | M52: =L52*K52 -> 0.42707496 | N52: =C52-M52 -> 49.857744 | O52: =C52+M52 -> 50.711894
A53: Erro euclidiano com TCP corrigido (mm) | B53: =COUNT('Dados auxiliares'!E4:E20) -> 17 | C53: =AVERAGE('Dados auxiliares'!E4:E20) -> 0.93242699 | D53: =MEDIAN('Dados auxiliares'!E4:E20) -> 0.87749644 | E53: =_xlfn.STDEV.S('Dados auxiliares'!E4:E20) -> 0.34200315 | F53: =MIN('Dados auxiliares'!E4:E20) -> 0.3 | G53: =MAX('Dados auxiliares'!E4:E20) -> 1.584298 | H53: =QUARTILE('Dados auxiliares'!E4:E20,1) -> 0.70710678 | I53: =QUARTILE('Dados auxiliares'!E4:E20,3) -> 1.086278 | J53: =I53-H53 -> 0.37917127 | K53: =E53/SQRT(B53) -> 0.082947949 | L53: =TINV(0.05,B53-1) -> 2.1199053 | M53: =L53*K53 -> 0.1758418 | N53: =C53-M53 -> 0.75658519 | O53: =C53+M53 -> 1.1082688
A54: Distância de contorno (mm) | B54: =COUNT('Dados auxiliares'!B4:B18) -> 15 | C54: =AVERAGE('Dados auxiliares'!B4:B18) -> 184.53892 | D54: =MEDIAN('Dados auxiliares'!B4:B18) -> 180.7128 | E54: =_xlfn.STDEV.S('Dados auxiliares'!B4:B18) -> 83.747414 | F54: =MIN('Dados auxiliares'!B4:B18) -> 42.0562 | G54: =MAX('Dados auxiliares'!B4:B18) -> 341.1691 | H54: =QUARTILE('Dados auxiliares'!B4:B18,1) -> 127.72685 | I54: =QUARTILE('Dados auxiliares'!B4:B18,3) -> 238.30855 | J54: =I54-H54 -> 110.5817 | K54: =E54/SQRT(B54) -> 21.623489 | L54: =TINV(0.05,B54-1) -> 2.1447867 | M54: =L54*K54 -> 46.377772 | N54: =C54-M54 -> 138.16115 | O54: =C54+M54 -> 230.91669
A55: Distância de bloqueio (mm) | B55: =COUNT('Dados auxiliares'!C4:C8) -> 5 | C55: =AVERAGE('Dados auxiliares'!C4:C8) -> 761.47714 | D55: =MEDIAN('Dados auxiliares'!C4:C8) -> 549.4247 | E55: =_xlfn.STDEV.S('Dados auxiliares'!C4:C8) -> 711.16085 | F55: =MIN('Dados auxiliares'!C4:C8) -> 334.9116 | G55: =MAX('Dados auxiliares'!C4:C8) -> 2017.57 | H55: =QUARTILE('Dados auxiliares'!C4:C8,1) -> 335.1222 | I55: =QUARTILE('Dados auxiliares'!C4:C8,3) -> 570.3572 | J55: =I55-H55 -> 235.235 | K55: =E55/SQRT(B55) -> 318.0408 | L55: =TINV(0.05,B55-1) -> 2.7764451 | M55: =L55*K55 -> 883.02283 | N55: =C55-M55 -> -121.54569 | O55: =C55+M55 -> 1644.5
A57: O IC 95 % da distância de bloqueio desce abaixo de zero, o que é impossível para uma distância. É o sinal de que a média não descreve este grupo — daí a apresentação da mediana e da amplitude no texto.
A59: 6. TEMPO TOTAL POR PLANEADOR, COM IC 95 % (Secção 5.7)
A60: Condição | B60: n | C60: Média | D60: Mediana | E60: Desvio-padrão | F60: Mínimo | G60: Máximo | H60: Q1 | I60: Q3 | J60: IQR | K60: Erro-padrão | L60: t crítico | M60: Margem de erro | N60: IC 95 % inferior | O60: IC 95 % superior
A61: RRTConnect — Sem obstáculos (tempo total, s) | B61: =COUNT('Dados planeadores'!C3:C51) -> 49 | C61: =AVERAGE('Dados planeadores'!C3:C51) -> 33.322922 | D61: =MEDIAN('Dados planeadores'!C3:C51) -> 31.952 | E61: =_xlfn.STDEV.S('Dados planeadores'!C3:C51) -> 4.4533855 | F61: =MIN('Dados planeadores'!C3:C51) -> 27.9491 | G61: =MAX('Dados planeadores'!C3:C51) -> 46.782 | H61: =QUARTILE('Dados planeadores'!C3:C51,1) -> 30.092 | I61: =QUARTILE('Dados planeadores'!C3:C51,3) -> 34.538 | J61: =I61-H61 -> 4.446 | K61: =E61/SQRT(B61) -> 0.63619792 | L61: =TINV(0.05,B61-1) -> 2.0106348 | M61: =L61*K61 -> 1.2791617 | N61: =C61-M61 -> 32.043761 | O61: =C61+M61 -> 34.602084
A62: RRTstar — Sem obstáculos (tempo total, s) | B62: =COUNT('Dados planeadores'!C52:C101) -> 50 | C62: =AVERAGE('Dados planeadores'!C52:C101) -> 35.246474 | D62: =MEDIAN('Dados planeadores'!C52:C101) -> 34.0038 | E62: =_xlfn.STDEV.S('Dados planeadores'!C52:C101) -> 4.0171378 | F62: =MIN('Dados planeadores'!C52:C101) -> 28.3075 | G62: =MAX('Dados planeadores'!C52:C101) -> 43.239 | H62: =QUARTILE('Dados planeadores'!C52:C101,1) -> 32.722 | I62: =QUARTILE('Dados planeadores'!C52:C101,3) -> 37.85 | J62: =I62-H62 -> 5.128 | K62: =E62/SQRT(B62) -> 0.56810907 | L62: =TINV(0.05,B62-1) -> 2.0095752 | M62: =L62*K62 -> 1.1416579 | N62: =C62-M62 -> 34.104816 | O62: =C62+M62 -> 36.388132
A63: PRMstar — Sem obstáculos (tempo total, s) | B63: =COUNT('Dados planeadores'!C102:C151) -> 50 | C63: =AVERAGE('Dados planeadores'!C102:C151) -> 34.5652 | D63: =MEDIAN('Dados planeadores'!C102:C151) -> 33.2945 | E63: =_xlfn.STDEV.S('Dados planeadores'!C102:C151) -> 4.4262295 | F63: =MIN('Dados planeadores'!C102:C151) -> 28.13 | G63: =MAX('Dados planeadores'!C102:C151) -> 50.736 | H63: =QUARTILE('Dados planeadores'!C102:C151,1) -> 31.543 | I63: =QUARTILE('Dados planeadores'!C102:C151,3) -> 35.5485 | J63: =I63-H63 -> 4.0055 | K63: =E63/SQRT(B63) -> 0.62596338 | L63: =TINV(0.05,B63-1) -> 2.0095752 | M63: =L63*K63 -> 1.2579205 | N63: =C63-M63 -> 33.307279 | O63: =C63+M63 -> 35.823121
A64: RRTConnect — Com obstáculos (tempo total, s) | B64: =COUNT('Dados planeadores'!C152:C236) -> 85 | C64: =AVERAGE('Dados planeadores'!C152:C236) -> 3.8778369 | D64: =MEDIAN('Dados planeadores'!C152:C236) -> 3.760794 | E64: =_xlfn.STDEV.S('Dados planeadores'!C152:C236) -> 0.72258245 | F64: =MIN('Dados planeadores'!C152:C236) -> 2.954526 | G64: =MAX('Dados planeadores'!C152:C236) -> 7.039058 | H64: =QUARTILE('Dados planeadores'!C152:C236,1) -> 3.324 | I64: =QUARTILE('Dados planeadores'!C152:C236,3) -> 4.326673 | J64: =I64-H64 -> 1.002673 | K64: =E64/SQRT(B64) -> 0.078375071 | L64: =TINV(0.05,B64-1) -> 1.9886097 | M64: =L64*K64 -> 0.15585742 | N64: =C64-M64 -> 3.7219795 | O64: =C64+M64 -> 4.0336943
A65: RRTstar — Com obstáculos (tempo total, s) | B65: =COUNT('Dados planeadores'!C237:C318) -> 82 | C65: =AVERAGE('Dados planeadores'!C237:C318) -> 3.827677 | D65: =MEDIAN('Dados planeadores'!C237:C318) -> 3.7499785 | E65: =_xlfn.STDEV.S('Dados planeadores'!C237:C318) -> 0.88462111 | F65: =MIN('Dados planeadores'!C237:C318) -> 2.944916 | G65: =MAX('Dados planeadores'!C237:C318) -> 8.926255 | H65: =QUARTILE('Dados planeadores'!C237:C318,1) -> 3.2504603 | I65: =QUARTILE('Dados planeadores'!C237:C318,3) -> 4.0645488 | J65: =I65-H65 -> 0.8140885 | K65: =E65/SQRT(B65) -> 0.09769006 | L65: =TINV(0.05,B65-1) -> 1.9896863 | M65: =L65*K65 -> 0.19437258 | N65: =C65-M65 -> 3.6333045 | O65: =C65+M65 -> 4.0220496
A66: PRMstar — Com obstáculos (tempo total, s) | B66: =COUNT('Dados planeadores'!C319:C397) -> 79 | C66: =AVERAGE('Dados planeadores'!C319:C397) -> 3.9200068 | D66: =MEDIAN('Dados planeadores'!C319:C397) -> 3.758895 | E66: =_xlfn.STDEV.S('Dados planeadores'!C319:C397) -> 0.94369903 | F66: =MIN('Dados planeadores'!C319:C397) -> 2.96967 | G66: =MAX('Dados planeadores'!C319:C397) -> 8.437969 | H66: =QUARTILE('Dados planeadores'!C319:C397,1) -> 3.4657755 | I66: =QUARTILE('Dados planeadores'!C319:C397,3) -> 4.324854 | J66: =I66-H66 -> 0.8590785 | K66: =E66/SQRT(B66) -> 0.10617444 | L66: =TINV(0.05,B66-1) -> 1.9908471 | M66: =L66*K66 -> 0.21137706 | N66: =C66-M66 -> 3.7086298 | O66: =C66+M66 -> 4.1313839
A69: 7. LEITURA GRÁFICA DOS INTERVALOS DE CONFIANÇA
A72: 8. REDUÇÃO DO TEMPO DE CICLO — ESTIMATIVA DE HODGES-LEHMANN
A73: Os intervalos dos blocos 1 a 6 são calculados pela distribuição t e pressupõem normalidade. Como o teste de Shapiro-Wilk a rejeita para as diferenças emparelhadas, o Capítulo 5 reporta para essas diferenças a estimativa de Hodges-Lehmann e o intervalo distribution-free correspondente ao teste de Wilcoxon, que é o que consta da Tabela 29. Os dois métodos coincidem no valor agregado; divergem no cenário R01, onde o intervalo pela t exclui o zero por dois milésimos e o de Hodges-Lehmann não o exclui, em coerência com p = 0,067.
A75: Cenário | B75: n | C75: Redução HL (s) | D75: IC 95 % HL inferior | E75: IC 95 % HL superior | F75: IC 95 % t inferior | G75: IC 95 % t superior | H75: p de Wilcoxon
A76: R01 | B76: 18 | C76: -2.1441215 | D76: -4.8792475 | E76: 0.3010605 | F76: -4.6362031 | G76: -0.0015768331 | H76: 0.06653595
A77: R04 | B77: 20 | C77: -2.5122328 | D77: -3.2316045 | E77: -2.0614165 | F77: -3.5508161 | G77: -1.366484 | H77: 0.0014324188
A78: R08 | B78: 17 | C78: -1.045384 | D78: -3.0020075 | E78: 0.62425 | F78: -2.8668443 | G78: 0.59802791 | H78: 0.19009399
A79: R10 | B79: 15 | C79: -0.9801525 | D79: -3.6329325 | E79: 1.191075 | F79: -3.5375766 | G79: 0.82015779 | H79: 0.45428467
A80: O07 | B80: 20 | C80: -3.3705912 | D80: -4.6128405 | E80: -2.237429 | F80: -4.6765041 | G80: -1.6155334 | H80: 0.002325058
A81: O03 | B81: 15 | C81: -3.7304032 | D81: -4.0369975 | E81: -3.328128 | F81: -4.1178652 | G81: -2.9588783 | H81: 6.1035156e-05
A82: O13 | B82: 16 | C82: -2.0547032 | D82: -2.18749 | E82: 1.17822 | F82: -3.7494858 | G82: 1.178757 | H82: 0.19281006
A83: O17 | B83: 17 | C83: -3.7519925 | D83: -5.8310055 | E83: -1.7988725 | F83: -6.2778289 | G83: -1.1497689 | H83: 0.0038452148
A84: Agregado | B84: 138 | C84: -2.508485 | D84: -3.000599 | E84: -1.941315 | F84: -3.0253685 | G84: -1.7612252 | H84: 5.9559311e-11
A86: Calculado por analise_estatistica_cap5.py e testes_emparelhados.py (scipy) sobre o livro auditado. O Excel não dispõe de função para as médias de Walsh na forma agregada, pelo que estes valores são reproduzíveis correndo os scripts sobre os mesmos ficheiros de ensaios. A folha «Hodges-Lehmann» reproduz o mesmo cálculo em fórmula.

Sheet Testes emparelhados
A1: TESTES EMPARELHADOS — FRIEDMAN, WILCOXON COM HOLM, Q DE COCHRAN E McNEMAR
A2: O desenho é emparelhado: cada movimento foi executado pelos três planeadores e cada ciclo pelas duas arquiteturas. Os testes para grupos independentes não são aplicáveis. Tudo o que está abaixo é fórmula.
A4: CAMPANHA 1 — ciclo completo, sem obstáculos
A5: Blocos totais: 50. Blocos completos (concluídos pelos três planeadores): 49. As métricas contínuas usam os blocos completos; a taxa de sucesso usa todos.
A7: Bloco | B7: RRTConnect — Tempo total (s) | C7: RRTstar — Tempo total (s) | D7: PRMstar — Tempo total (s) | E7: posto RRTConnect | F7: posto RRTstar | G7: posto PRMstar | H7: RRTConnect — Comprimento (m) | I7: RRTstar — Comprimento (m) | J7: PRMstar — Comprimento (m) | K7: posto RRTConnect | L7: posto RRTstar | M7: posto PRMstar | N7: RRTConnect — Tempo de planeamento (s) | O7: RRTstar — Tempo de planeamento (s) | P7: PRMstar — Tempo de planeamento (s) | Q7: posto RRTConnect | R7: posto RRTstar | S7: posto PRMstar
A8: (1, 1) | B8: 44.045 | C8: 43.239 | D8: 39.8734 | E8: =RANK(B8,$B8:$D8,1) -> 3 | F8: =RANK(C8,$B8:$D8,1) -> 2 | G8: =RANK(D8,$B8:$D8,1) -> 1 | H8: 3.7939 | I8: 3.8195 | J8: 3.5204 | K8: =RANK(H8,$H8:$J8,1) -> 2 | L8: =RANK(I8,$H8:$J8,1) -> 3 | M8: =RANK(J8,$H8:$J8,1) -> 1 | N8: 3.251 | O8: 3.217 | P8: 4.0674 | Q8: =RANK(N8,$N8:$P8,1) -> 2 | R8: =RANK(O8,$N8:$P8,1) -> 1 | S8: =RANK(P8,$N8:$P8,1) -> 3
A9: (1, 10) | B9: 36.202 | C9: 40.206 | D9: 31.156 | E9: =RANK(B9,$B9:$D9,1) -> 2 | F9: =RANK(C9,$B9:$D9,1) -> 3 | G9: =RANK(D9,$B9:$D9,1) -> 1 | H9: 3.8107 | I9: 4.0243 | J9: 4.3946 | K9: =RANK(H9,$H9:$J9,1) -> 1 | L9: =RANK(I9,$H9:$J9,1) -> 2 | M9: =RANK(J9,$H9:$J9,1) -> 3 | N9: 3.651 | O9: 3.465 | P9: 4.142 | Q9: =RANK(N9,$N9:$P9,1) -> 2 | R9: =RANK(O9,$N9:$P9,1) -> 1 | S9: =RANK(P9,$N9:$P9,1) -> 3
A10: (1, 2) | B10: 40.629 | C10: 42.28 | D10: 43.539 | E10: =RANK(B10,$B10:$D10,1) -> 1 | F10: =RANK(C10,$B10:$D10,1) -> 2 | G10: =RANK(D10,$B10:$D10,1) -> 3 | H10: 3.8026 | I10: 3.6699 | J10: 4.4645 | K10: =RANK(H10,$H10:$J10,1) -> 2 | L10: =RANK(I10,$H10:$J10,1) -> 1 | M10: =RANK(J10,$H10:$J10,1) -> 3 | N10: 3.111 | O10: 3.422 | P10: 3.401 | Q10: =RANK(N10,$N10:$P10,1) -> 1 | R10: =RANK(O10,$N10:$P10,1) -> 3 | S10: =RANK(P10,$N10:$P10,1) -> 2
A11: (1, 3) | B11: 46.782 | C11: 42.844 | D11: 44.841 | E11: =RANK(B11,$B11:$D11,1) -> 3 | F11: =RANK(C11,$B11:$D11,1) -> 1 | G11: =RANK(D11,$B11:$D11,1) -> 2 | H11: 3.8583 | I11: 3.8889 | J11: 4.2954 | K11: =RANK(H11,$H11:$J11,1) -> 1 | L11: =RANK(I11,$H11:$J11,1) -> 2 | M11: =RANK(J11,$H11:$J11,1) -> 3 | N11: 3.307 | O11: 3.267 | P11: 3.311 | Q11: =RANK(N11,$N11:$P11,1) -> 2 | R11: =RANK(O11,$N11:$P11,1) -> 1 | S11: =RANK(P11,$N11:$P11,1) -> 3
A12: (1, 4) | B12: 43.931 | C12: 39.998 | D12: 41.488 | E12: =RANK(B12,$B12:$D12,1) -> 3 | F12: =RANK(C12,$B12:$D12,1) -> 1 | G12: =RANK(D12,$B12:$D12,1) -> 2 | H12: 3.4863 | I12: 3.5102 | J12: 4.2357 | K12: =RANK(H12,$H12:$J12,1) -> 1 | L12: =RANK(I12,$H12:$J12,1) -> 2 | M12: =RANK(J12,$H12:$J12,1) -> 3 | N12: 3.413 | O12: 3.406 | P12: 4.127 | Q12: =RANK(N12,$N12:$P12,1) -> 2 | R12: =RANK(O12,$N12:$P12,1) -> 1 | S12: =RANK(P12,$N12:$P12,1) -> 3
A13: (1, 5) | B13: 36.719 | C13: 40.081 | D13: 41.834 | E13: =RANK(B13,$B13:$D13,1) -> 1 | F13: =RANK(C13,$B13:$D13,1) -> 2 | G13: =RANK(D13,$B13:$D13,1) -> 3 | H13: 3.5892 | I13: 3.7815 | J13: 4.4431 | K13: =RANK(H13,$H13:$J13,1) -> 1 | L13: =RANK(I13,$H13:$J13,1) -> 2 | M13: =RANK(J13,$H13:$J13,1) -> 3 | N13: 3.419 | O13: 3.191 | P13: 3.491 | Q13: =RANK(N13,$N13:$P13,1) -> 2 | R13: =RANK(O13,$N13:$P13,1) -> 1 | S13: =RANK(P13,$N13:$P13,1) -> 3
A14: (1, 6) | B14: 38.907 | C14: 41.282 | D14: 37.243 | E14: =RANK(B14,$B14:$D14,1) -> 2 | F14: =RANK(C14,$B14:$D14,1) -> 3 | G14: =RANK(D14,$B14:$D14,1) -> 1 | H14: 3.7914 | I14: 3.8618 | J14: 4.2726 | K14: =RANK(H14,$H14:$J14,1) -> 1 | L14: =RANK(I14,$H14:$J14,1) -> 2 | M14: =RANK(J14,$H14:$J14,1) -> 3 | N14: 3.257 | O14: 4.064 | P14: 3.268 | Q14: =RANK(N14,$N14:$P14,1) -> 1 | R14: =RANK(O14,$N14:$P14,1) -> 3 | S14: =RANK(P14,$N14:$P14,1) -> 2
A15: (1, 7) | B15: 38.448 | C15: 41.08 | D15: 41.066 | E15: =RANK(B15,$B15:$D15,1) -> 1 | F15: =RANK(C15,$B15:$D15,1) -> 3 | G15: =RANK(D15,$B15:$D15,1) -> 2 | H15: 3.4825 | I15: 3.9155 | J15: 4.4906 | K15: =RANK(H15,$H15:$J15,1) -> 1 | L15: =RANK(I15,$H15:$J15,1) -> 2 | M15: =RANK(J15,$H15:$J15,1) -> 3 | N15: 4.086 | O15: 3.39 | P15: 4.088 | Q15: =RANK(N15,$N15:$P15,1) -> 2 | R15: =RANK(O15,$N15:$P15,1) -> 1 | S15: =RANK(P15,$N15:$P15,1) -> 3
A16: (1, 8) | B16: 41.685 | C16: 41.458 | D16: 42.498 | E16: =RANK(B16,$B16:$D16,1) -> 2 | F16: =RANK(C16,$B16:$D16,1) -> 1 | G16: =RANK(D16,$B16:$D16,1) -> 3 | H16: 3.809 | I16: 4.0122 | J16: 4.3687 | K16: =RANK(H16,$H16:$J16,1) -> 1 | L16: =RANK(I16,$H16:$J16,1) -> 2 | M16: =RANK(J16,$H16:$J16,1) -> 3 | N16: 6.274 | O16: 3.339 | P16: 3.351 | Q16: =RANK(N16,$N16:$P16,1) -> 3 | R16: =RANK(O16,$N16:$P16,1) -> 1 | S16: =RANK(P16,$N16:$P16,1) -> 2
A17: (1, 9) | B17: 35.5391 | C17: 42.701 | D17: 50.736 | E17: =RANK(B17,$B17:$D17,1) -> 1 | F17: =RANK(C17,$B17:$D17,1) -> 2 | G17: =RANK(D17,$B17:$D17,1) -> 3 | H17: 3.7821 | I17: 4.2073 | J17: 4.5032 | K17: =RANK(H17,$H17:$J17,1) -> 1 | L17: =RANK(I17,$H17:$J17,1) -> 2 | M17: =RANK(J17,$H17:$J17,1) -> 3 | N17: 3.609 | O17: 4.049 | P17: 4.04 | Q17: =RANK(N17,$N17:$P17,1) -> 1 | R17: =RANK(O17,$N17:$P17,1) -> 3 | S17: =RANK(P17,$N17:$P17,1) -> 2
A18: (2, 1) | B18: 31.708 | C18: 35.934 | D18: 33.033 | E18: =RANK(B18,$B18:$D18,1) -> 1 | F18: =RANK(C18,$B18:$D18,1) -> 3 | G18: =RANK(D18,$B18:$D18,1) -> 2 | H18: 3.502 | I18: 7.0657 | J18: 3.5837 | K18: =RANK(H18,$H18:$J18,1) -> 1 | L18: =RANK(I18,$H18:$J18,1) -> 3 | M18: =RANK(J18,$H18:$J18,1) -> 2 | N18: 4.422 | O18: 4.461 | P18: 3.926 | Q18: =RANK(N18,$N18:$P18,1) -> 2 | R18: =RANK(O18,$N18:$P18,1) -> 3 | S18: =RANK(P18,$N18:$P18,1) -> 1
A19: (2, 2) | B19: 30.063 | C19: 28.3075 | D19: 30.743 | E19: =RANK(B19,$B19:$D19,1) -> 2 | F19: =RANK(C19,$B19:$D19,1) -> 1 | G19: =RANK(D19,$B19:$D19,1) -> 3 | H19: 3.3711 | I19: 3.1452 | J19: 3.3897 | K19: =RANK(H19,$H19:$J19,1) -> 2 | L19: =RANK(I19,$H19:$J19,1) -> 1 | M19: =RANK(J19,$H19:$J19,1) -> 3 | N19: 3.955 | O19: 3.5421 | P19: 4.366 | Q19: =RANK(N19,$N19:$P19,1) -> 2 | R19: =RANK(O19,$N19:$P19,1) -> 1 | S19: =RANK(P19,$N19:$P19,1) -> 3
... A56: (5, 9) | B56: 31.234 | C56: 37.701 | D56: 31.889 | E56: =RANK(B56,$B56:$D56,1) -> 1 | F56: =RANK(C56,$B56:$D56,1) -> 3 | G56: =RANK(D56,$B56:$D56,1) -> 2 | H56: 4.593 | I56: 4.2073 | J56: 4.7817 | K56: =RANK(H56,$H56:$J56,1) -> 2 | L56: =RANK(I56,$H56:$J56,1) -> 1 | M56: =RANK(J56,$H56:$J56,1) -> 3 | N56: 3.656 | O56: 4.049 | P56: 3.746 | Q56: =RANK(N56,$N56:$P56,1) -> 1 | R56: =RANK(O56,$N56:$P56,1) -> 3 | S56: =RANK(P56,$N56:$P56,1) -> 2
A58: Métrica | B58: n blocos | C58: ΣR RRTConnect | D58: ΣR RRTstar | E58: ΣR PRMstar | F58: χ² de Friedman | G58: gl | H58: p
A59: Tempo total (s) | B59: 49 | C59: =SUM(E8:E56) -> 80 | D59: =SUM(F8:F56) -> 109 | E59: =SUM(G8:G56) -> 105 | F59: =12/(49*3*4)*(C59^2+D59^2+E59^2)-3*49*4 -> 10.081633 | G59: 2 | H59: =CHIDIST(F59,G59) -> 0.0064684658
A60: Comprimento (m) | B60: 49 | C60: =SUM(K8:K56) -> 66 | D60: =SUM(L8:L56) -> 105 | E60: =SUM(M8:M56) -> 123 | F60: =12/(49*3*4)*(C60^2+D60^2+E60^2)-3*49*4 -> 34.653061 | G60: 2 | H60: =CHIDIST(F60,G60) -> 2.9866434e-08
A61: Tempo de planeamento (s) | B61: 49 | C61: =SUM(Q8:Q56) -> 102 | D61: =SUM(R8:R56) -> 79 | E61: =SUM(S8:S56) -> 113 | F61: =12/(49*3*4)*(C61^2+D61^2+E61^2)-3*49*4 -> 12.285714 | G61: 2 | H61: =CHIDIST(F61,G61) -> 0.0021487755
A63: Taxa de sucesso | B63: Sucessos RRTConnect | C63: Sucessos RRTstar | D63: Sucessos PRMstar | E63: Blocos | F63: Q de Cochran | G63: gl | H63: p
A64: Blocos concluídos | B64: 49 | C64: 50 | D64: 50 | E64: 50 | F64: =2*(3*(B64^2+C64^2+D64^2)-149^2)/(3*149-445) -> 2 | G64: 2 | H64: =CHIDIST(F64,G64) -> 0.36787944
A67: CAMPANHA 2 — movimento isolado, com obstáculos
A68: Blocos totais: 85. Blocos completos (concluídos pelos três planeadores): 78. As métricas contínuas usam os blocos completos; a taxa de sucesso usa todos.
A70: Bloco | B70: RRTConnect — Tempo total (s) | C70: RRTstar — Tempo total (s) | D70: PRMstar — Tempo total (s) | E70: posto RRTConnect | F70: posto RRTstar | G70: posto PRMstar | H70: RRTConnect — Comprimento (m) | I70: RRTstar — Comprimento (m) | J70: PRMstar — Comprimento (m) | K70: posto RRTConnect | L70: posto RRTstar | M70: posto PRMstar | N70: RRTConnect — Tempo de planeamento (s) | O70: RRTstar — Tempo de planeamento (s) | P70: PRMstar — Tempo de planeamento (s) | Q70: posto RRTConnect | R70: posto RRTstar | S70: posto PRMstar
A71: ('O03_1', 1) | B71: 4.611154 | C71: 3.779868 | D71: 3.81281 | E71: =RANK(B71,$B71:$D71,1) -> 3 | F71: =RANK(C71,$B71:$D71,1) -> 1 | G71: =RANK(D71,$B71:$D71,1) -> 2 | H71: 2.831715 | I71: 2.255318 | J71: 2.255818 | K71: =RANK(H71,$H71:$J71,1) -> 3 | L71: =RANK(I71,$H71:$J71,1) -> 1 | M71: =RANK(J71,$H71:$J71,1) -> 2 | N71: 0.11664 | O71: 0.093886 | P71: 0.074256 | Q71: =RANK(N71,$N71:$P71,1) -> 3 | R71: =RANK(O71,$N71:$P71,1) -> 2 | S71: =RANK(P71,$N71:$P71,1) -> 1
A72: ('O03_1', 2) | B72: 3.822604 | C72: 3.787466 | D72: 3.830618 | E72: =RANK(B72,$B72:$D72,1) -> 2 | F72: =RANK(C72,$B72:$D72,1) -> 1 | G72: =RANK(D72,$B72:$D72,1) -> 3 | H72: 2.25386 | I72: 2.254267 | J72: 2.253931 | K72: =RANK(H72,$H72:$J72,1) -> 1 | L72: =RANK(I72,$H72:$J72,1) -> 3 | M72: =RANK(J72,$H72:$J72,1) -> 2 | N72: 0.082687 | O72: 0.08838 | P72: 0.083433 | Q72: =RANK(N72,$N72:$P72,1) -> 1 | R72: =RANK(O72,$N72:$P72,1) -> 3 | S72: =RANK(P72,$N72:$P72,1) -> 2
A73: ('O03_1', 3) | B73: 3.83817 | C73: 3.834708 | D73: 3.86916 | E73: =RANK(B73,$B73:$D73,1) -> 2 | F73: =RANK(C73,$B73:$D73,1) -> 1 | G73: =RANK(D73,$B73:$D73,1) -> 3 | H73: 2.255704 | I73: 2.254643 | J73: 2.375162 | K73: =RANK(H73,$H73:$J73,1) -> 2 | L73: =RANK(I73,$H73:$J73,1) -> 1 | M73: =RANK(J73,$H73:$J73,1) -> 3 | N73: 0.090152 | O73: 0.092525 | P73: 0.122015 | Q73: =RANK(N73,$N73:$P73,1) -> 1 | R73: =RANK(O73,$N73:$P73,1) -> 2 | S73: =RANK(P73,$N73:$P73,1) -> 3
A74: ('O03_1', 4) | B74: 4.571304 | C74: 3.814986 | D74: 3.830618 | E74: =RANK(B74,$B74:$D74,1) -> 3 | F74: =RANK(C74,$B74:$D74,1) -> 1 | G74: =RANK(D74,$B74:$D74,1) -> 2 | H74: 2.831955 | I74: 2.253944 | J74: 2.253931 | K74: =RANK(H74,$H74:$J74,1) -> 3 | L74: =RANK(I74,$H74:$J74,1) -> 2 | M74: =RANK(J74,$H74:$J74,1) -> 1 | N74: 0.085305 | O74: 0.068699 | P74: 0.083433 | Q74: =RANK(N74,$N74:$P74,1) -> 3 | R74: =RANK(O74,$N74:$P74,1) -> 1 | S74: =RANK(P74,$N74:$P74,1) -> 2
A75: ('O03_1', 5) | B75: 4.326673 | C75: 3.778892 | D75: 3.81281 | E75: =RANK(B75,$B75:$D75,1) -> 3 | F75: =RANK(C75,$B75:$D75,1) -> 1 | G75: =RANK(D75,$B75:$D75,1) -> 2 | H75: 2.460937 | I75: 2.254707 | J75: 2.255818 | K75: =RANK(H75,$H75:$J75,1) -> 3 | L75: =RANK(I75,$H75:$J75,1) -> 1 | M75: =RANK(J75,$H75:$J75,1) -> 2 | N75: 0.089686 | O75: 0.08246 | P75: 0.074256 | Q75: =RANK(N75,$N75:$P75,1) -> 3 | R75: =RANK(O75,$N75:$P75,1) -> 2 | S75: =RANK(P75,$N75:$P75,1) -> 1
A76: ('O03_2', 1) | B76: 5.416736 | C76: 3.548406 | D76: 3.515584 | E76: =RANK(B76,$B76:$D76,1) -> 3 | F76: =RANK(C76,$B76:$D76,1) -> 2 | G76: =RANK(D76,$B76:$D76,1) -> 1 | H76: 4.304988 | I76: 1.41831 | J76: 1.417461 | K76: =RANK(H76,$H76:$J76,1) -> 3 | L76: =RANK(I76,$H76:$J76,1) -> 2 | M76: =RANK(J76,$H76:$J76,1) -> 1 | N76: 0.123007 | O76: 0.10512 | P76: 0.068455 | Q76: =RANK(N76,$N76:$P76,1) -> 3 | R76: =RANK(O76,$N76:$P76,1) -> 2 | S76: =RANK(P76,$N76:$P76,1) -> 1
A77: ('O03_2', 2) | B77: 3.527538 | C77: 3.558404 | D77: 3.533697 | E77: =RANK(B77,$B77:$D77,1) -> 1 | F77: =RANK(C77,$B77:$D77,1) -> 3 | G77: =RANK(D77,$B77:$D77,1) -> 2 | H77: 1.413859 | I77: 1.414253 | J77: 1.418623 | K77: =RANK(H77,$H77:$J77,1) -> 1 | L77: =RANK(I77,$H77:$J77,1) -> 2 | M77: =RANK(J77,$H77:$J77,1) -> 3 | N77: 0.077683 | O77: 0.106917 | P77: 0.078604 | Q77: =RANK(N77,$N77:$P77,1) -> 1 | R77: =RANK(O77,$N77:$P77,1) -> 3 | S77: =RANK(P77,$N77:$P77,1) -> 2
A78: ('O03_2', 4) | B78: 4.951307 | C78: 3.475664 | D78: 3.533697 | E78: =RANK(B78,$B78:$D78,1) -> 3 | F78: =RANK(C78,$B78:$D78,1) -> 1 | G78: =RANK(D78,$B78:$D78,1) -> 2 | H78: 3.471767 | I78: 1.414523 | J78: 1.418623 | K78: =RANK(H78,$H78:$J78,1) -> 3 | L78: =RANK(I78,$H78:$J78,1) -> 1 | M78: =RANK(J78,$H78:$J78,1) -> 2 | N78: 0.10453 | O78: 0.074032 | P78: 0.078604 | Q78: =RANK(N78,$N78:$P78,1) -> 3 | R78: =RANK(O78,$N78:$P78,1) -> 1 | S78: =RANK(P78,$N78:$P78,1) -> 2
A79: ('O03_2', 5) | B79: 3.583387 | C79: 3.546077 | D79: 3.86916 | E79: =RANK(B79,$B79:$D79,1) -> 2 | F79: =RANK(C79,$B79:$D79,1) -> 1 | G79: =RANK(D79,$B79:$D79,1) -> 3 | H79: 1.215574 | I79: 1.420021 | J79: 2.375162 | K79: =RANK(H79,$H79:$J79,1) -> 1 | L79: =RANK(I79,$H79:$J79,1) -> 2 | M79: =RANK(J79,$H79:$J79,1) -> 3 | N79: 0.075212 | O79: 0.087819 | P79: 0.122015 | Q79: =RANK(N79,$N79:$P79,1) -> 1 | R79: =RANK(O79,$N79:$P79,1) -> 2 | S79: =RANK(P79,$N79:$P79,1) -> 3
A80: ('O07_1', 1) | B80: 4.550112 | C80: 3.816007 | D80: 8.437969 | E80: =RANK(B80,$B80:$D80,1) -> 2 | F80: =RANK(C80,$B80:$D80,1) -> 1 | G80: =RANK(D80,$B80:$D80,1) -> 3 | H80: 3.661822 | I80: 2.376257 | J80: 4.425095 | K80: =RANK(H80,$H80:$J80,1) -> 2 | L80: =RANK(I80,$H80:$J80,1) -> 1 | M80: =RANK(J80,$H80:$J80,1) -> 3 | N80: 0.108201 | O80: 0.086584 | P80: 0.190614 | Q80: =RANK(N80,$N80:$P80,1) -> 2 | R80: =RANK(O80,$N80:$P80,1) -> 1 | S80: =RANK(P80,$N80:$P80,1) -> 3
A81: ('O07_1', 2) | B81: 7.039058 | C81: 4.530242 | D81: 4.528642 | E81: =RANK(B81,$B81:$D81,1) -> 3 | F81: =RANK(C81,$B81:$D81,1) -> 2 | G81: =RANK(D81,$B81:$D81,1) -> 1 | H81: 2.498504 | I81: 3.031576 | J81: 3.653151 | K81: =RANK(H81,$H81:$J81,1) -> 1 | L81: =RANK(I81,$H81:$J81,1) -> 2 | M81: =RANK(J81,$H81:$J81,1) -> 3 | N81: 0.187847 | O81: 0.105006 | P81: 0.085344 | Q81: =RANK(N81,$N81:$P81,1) -> 3 | R81: =RANK(O81,$N81:$P81,1) -> 2 | S81: =RANK(P81,$N81:$P81,1) -> 1
A82: ('O07_1', 3) | B82: 3.779637 | C82: 4.557892 | D82: 4.587465 | E82: =RANK(B82,$B82:$D82,1) -> 1 | F82: =RANK(C82,$B82:$D82,1) -> 2 | G82: =RANK(D82,$B82:$D82,1) -> 3 | H82: 2.377428 | I82: 3.241821 | J82: 3.916854 | K82: =RANK(H82,$H82:$J82,1) -> 1 | L82: =RANK(I82,$H82:$J82,1) -> 2 | M82: =RANK(J82,$H82:$J82,1) -> 3 | N82: 0.083336 | O82: 0.108406 | P82: 0.083906 | Q82: =RANK(N82,$N82:$P82,1) -> 1 | R82: =RANK(O82,$N82:$P82,1) -> 3 | S82: =RANK(P82,$N82:$P82,1) -> 2
... A148: ('O22_2', 5) | B148: 3.466704 | C148: 3.52069 | D148: 3.86916 | E148: =RANK(B148,$B148:$D148,1) -> 1 | F148: =RANK(C148,$B148:$D148,1) -> 2 | G148: =RANK(D148,$B148:$D148,1) -> 3 | H148: 1.16331 | I148: 1.417354 | J148: 1.675162 | K148: =RANK(H148,$H148:$J148,1) -> 1 | L148: =RANK(I148,$H148:$J148,1) -> 2 | M148: =RANK(J148,$H148:$J148,1) -> 3 | N148: 0.055748 | O148: 0.072486 | P148: 0.122015 | Q148: =RANK(N148,$N148:$P148,1) -> 1 | R148: =RANK(O148,$N148:$P148,1) -> 2 | S148: =RANK(P148,$N148:$P148,1) -> 3
A150: Métrica | B150: n blocos | C150: ΣR RRTConnect | D150: ΣR RRTstar | E150: ΣR PRMstar | F150: χ² de Friedman | G150: gl | H150: p
A151: Tempo total (s) | B151: 78 | C151: =SUM(E71:E148) -> 164 | D151: =SUM(F71:F148) -> 144 | E151: =SUM(G71:G148) -> 160 | F151: =12/(78*3*4)*(C151^2+D151^2+E151^2)-3*78*4 -> 2.8717949 | G151: 2 | H151: =CHIDIST(F151,G151) -> 0.23790177
A152: Comprimento (m) | B152: 78 | C152: =SUM(K71:K148) -> 157 | D152: =SUM(L71:L148) -> 141 | E152: =SUM(M71:M148) -> 170 | F152: =12/(78*3*4)*(C152^2+D152^2+E152^2)-3*78*4 -> 5.4102564 | G152: 2 | H152: =CHIDIST(F152,G152) -> 0.066861751
A153: Tempo de planeamento (s) | B153: 78 | C153: =SUM(Q71:Q148) -> 150 | D153: =SUM(R71:R148) -> 163 | E153: =SUM(S71:S148) -> 155 | F153: =12/(78*3*4)*(C153^2+D153^2+E153^2)-3*78*4 -> 1.1025641 | G153: 2 | H153: =CHIDIST(F153,G153) -> 0.57621061
A155: Taxa de sucesso | B155: Sucessos RRTConnect | C155: Sucessos RRTstar | D155: Sucessos PRMstar | E155: Blocos | F155: Q de Cochran | G155: gl | H155: p
A156: Blocos concluídos | B156: 85 | C156: 82 | D156: 79 | E156: 85 | F156: =2*(3*(B156^2+C156^2+D156^2)-246^2)/(3*246-724) -> 7.7142857 | G156: 2 | H156: =CHIDIST(F156,G156) -> 0.02112828
A159: COMPARAÇÕES PAR A PAR — Wilcoxon emparelhado com correção de Holm-Bonferroni
A160: Calculado por testes_emparelhados.py (scipy). O Excel não dispõe de função para o teste de Wilcoxon emparelhado; os valores são reproduzíveis correndo o script sobre os mesmos ficheiros.
A162: Campanha | B162: Métrica | C162: Par comparado | D162: p de Wilcoxon | E162: p corrigido por Holm | F162: Significativo a 5 %
A163: Sem obstáculos | B163: Tempo total | C163: RRTConnect vs. RRTstar | D163: 0.001197 | E163: 0.003592 | F163: Sim
C164: RRTConnect vs. PRMstar | D164: 0.01063 | E164: 0.02126 | F164: Sim
C165: RRTstar vs. PRMstar | D165: 0.4412 | E165: 0.4412 | F165: Não
B166: Comprimento | C166: RRTConnect vs. RRTstar | D166: 0.0003254 | E166: 0.0006508 | F166: Sim
C167: RRTConnect vs. PRMstar | D167: 2.734e-05 | E167: 8.202e-05 | F167: Sim
C168: RRTstar vs. PRMstar | D168: 0.03682 | E168: 0.03682 | F168: Sim
B169: Tempo de planeamento | C169: RRTConnect vs. RRTstar | D169: 0.002889 | E169: 0.005779 | F169: Sim
C170: RRTConnect vs. PRMstar | D170: 0.3792 | E170: 0.3792 | F170: Não
C171: RRTstar vs. PRMstar | D171: 0.0002504 | E171: 0.0007513 | F171: Sim
A172: Com obstáculos | B172: — | C172: Friedman não significativo; não se fazem comparações par a par
A175: TAXA DE SUCESSO DO CICLO — McNemar exato (substitui o teste de Fisher)
A176: Cada repetição foi executada pelas duas estratégias nas mesmas condições, pelo que os resultados são emparelhados e o teste de Fisher, que pressupõe amostras independentes, não é aplicável. A tabela assenta nas 147 condições com registo primário das duas estratégias.
B178: Sucesso por respostas | C178: Falha por respostas | D178: Total
A179: Sucesso temporal | B179: 138 | C179: 5 | D179: =B179+C179 -> 143
A180: Falha temporal | B180: 4 | C180: 0 | D180: =B180+C180 -> 4
A181: Total | B181: =B179+B180 -> 142 | C181: =C179+C180 -> 5 | D181: =D179+D180 -> 147
A183: Pares discordantes | B183: =C179+B180 -> 9
A184: Menor das duas contagens | B184: =MIN(C179,B180) -> 4
A185: p exato bilateral (binomial) | B185: =MIN(1,2*BINOMDIST(B184,B183,0.5,TRUE())) -> 1

Sheet Hodges-Lehmann
A1: ESTIMATIVA DE HODGES-LEHMANN E INTERVALO DE CONFIANÇA A 95 % — TUDO EM FÓRMULA
A2: A mediana e os quartis descrevem a amostra. Para a diferença emparelhada é preciso um intervalo que não pressuponha normalidade, porque o teste de Shapiro-Wilk a rejeita. O método é o de Hodges-Lehmann: calculam-se as médias de todos os pares de diferenças — as médias de Walsh —, a estimativa é a mediana desse conjunto e os limites do intervalo são a k-ésima menor e a k-ésima maior, com k dado pela distribuição de Wilcoxon. Base: os 138 pares concluídos com sucesso pelas duas estratégias.
A3: k = ARRED(n(n+1)/4 − 1,959964 × RAIZ(n(n+1)(2n+1)/24); 0) + 1. As grelhas triangulares abaixo contêm as médias de Walsh; as células vazias são texto e não entram em MED, MENOR nem MAIOR.
A5: Cenário | B5: n | C5: k | D5: Redução HL (s) | E5: IC 95 % inferior | F5: IC 95 % superior | G5: Exclui o zero?
A6: R01 | B6: 18 | C6: =ROUND(B6*(B6+1)/4-1.959964*SQRT(B6*(B6+1)*(2*B6+1)/24),0)+1 -> 41 | D6: =MEDIAN($B$17:$S$34) -> -2.1441215 | E6: =SMALL($B$17:$S$34,C6) -> -4.8792475 | F6: =LARGE($B$17:$S$34,C6) -> 0.3010605 | G6: =IF(OR(AND(E6<0,F6<0),AND(E6>0,F6>0)),"sim","não") -> não
A7: R04 | B7: 20 | C7: =ROUND(B7*(B7+1)/4-1.959964*SQRT(B7*(B7+1)*(2*B7+1)/24),0)+1 -> 54 | D7: =MEDIAN($B$38:$U$57) -> -2.5122328 | E7: =SMALL($B$38:$U$57,C7) -> -3.2316045 | F7: =LARGE($B$38:$U$57,C7) -> -2.0614165 | G7: =IF(OR(AND(E7<0,F7<0),AND(E7>0,F7>0)),"sim","não") -> sim
A8: R08 | B8: 17 | C8: =ROUND(B8*(B8+1)/4-1.959964*SQRT(B8*(B8+1)*(2*B8+1)/24),0)+1 -> 36 | D8: =MEDIAN($B$61:$R$77) -> -1.045384 | E8: =SMALL($B$61:$R$77,C8) -> -3.0020075 | F8: =LARGE($B$61:$R$77,C8) -> 0.62425 | G8: =IF(OR(AND(E8<0,F8<0),AND(E8>0,F8>0)),"sim","não") -> não
A9: R10 | B9: 15 | C9: =ROUND(B9*(B9+1)/4-1.959964*SQRT(B9*(B9+1)*(2*B9+1)/24),0)+1 -> 26 | D9: =MEDIAN($B$81:$P$95) -> -0.9801525 | E9: =SMALL($B$81:$P$95,C9) -> -3.6329325 | F9: =LARGE($B$81:$P$95,C9) -> 1.191075 | G9: =IF(OR(AND(E9<0,F9<0),AND(E9>0,F9>0)),"sim","não") -> não
A10: O07 | B10: 20 | C10: =ROUND(B10*(B10+1)/4-1.959964*SQRT(B10*(B10+1)*(2*B10+1)/24),0)+1 -> 54 | D10: =MEDIAN($B$99:$U$118) -> -3.3705913 | E10: =SMALL($B$99:$U$118,C10) -> -4.6128405 | F10: =LARGE($B$99:$U$118,C10) -> -2.237429 | G10: =IF(OR(AND(E10<0,F10<0),AND(E10>0,F10>0)),"sim","não") -> sim
A11: O03 | B11: 15 | C11: =ROUND(B11*(B11+1)/4-1.959964*SQRT(B11*(B11+1)*(2*B11+1)/24),0)+1 -> 26 | D11: =MEDIAN($B$122:$P$136) -> -3.7304032 | E11: =SMALL($B$122:$P$136,C11) -> -4.0369975 | F11: =LARGE($B$122:$P$136,C11) -> -3.328128 | G11: =IF(OR(AND(E11<0,F11<0),AND(E11>0,F11>0)),"sim","não") -> sim
A12: O13 | B12: 16 | C12: =ROUND(B12*(B12+1)/4-1.959964*SQRT(B12*(B12+1)*(2*B12+1)/24),0)+1 -> 31 | D12: =MEDIAN($B$140:$Q$155) -> -2.0547032 | E12: =SMALL($B$140:$Q$155,C12) -> -2.18749 | F12: =LARGE($B$140:$Q$155,C12) -> 1.17822 | G12: =IF(OR(AND(E12<0,F12<0),AND(E12>0,F12>0)),"sim","não") -> não
A13: O17 | B13: 17 | C13: =ROUND(B13*(B13+1)/4-1.959964*SQRT(B13*(B13+1)*(2*B13+1)/24),0)+1 -> 36 | D13: =MEDIAN($B$159:$R$175) -> -3.7519925 | E13: =SMALL($B$159:$R$175,C13) -> -5.8310055 | F13: =LARGE($B$159:$R$175,C13) -> -1.7988725 | G13: =IF(OR(AND(E13<0,F13<0),AND(E13>0,F13>0)),"sim","não") -> sim
A14: Agregado | B14: 138 | C14: =ROUND(B14*(B14+1)/4-1.959964*SQRT(B14*(B14+1)*(2*B14+1)/24),0)+1 -> 3874 | D14: =MEDIAN($B$179:$EI$316) -> -2.508485 | E14: =SMALL($B$179:$EI$316,C14) -> -3.000599 | F14: =LARGE($B$179:$EI$316,C14) -> -1.941315 | G14: =IF(OR(AND(E14<0,F14<0),AND(E14>0,F14>0)),"sim","não") -> sim
A15: As grelhas que se seguem são o cálculo intermédio. Podem ser ocultadas sem afetar os resultados acima.
A16: Médias de Walsh — R01 (n = 18)
B17: =IF(1>=1,('Testes estatísticos'!$D$6+'Testes estatísticos'!$D$6)/2,"") -> -1.647825 | C17: =IF(2>=1,('Testes estatísticos'!$D$6+'Testes estatísticos'!$D$7)/2,"") -> -3.716032 | D17: =IF(3>=1,('Testes estatísticos'!$D$6+'Testes estatísticos'!$D$8)/2,"") -> 0.7483325 | E17: =IF(4>=1,('Testes estatísticos'!$D$6+'Testes estatísticos'!$D$9)/2,"") -> -3.904933 | F17: =IF(5>=1,('Testes estatísticos'!$D$6+'Testes estatísticos'!$D$10)/2,"") -> -1.5550705 | G17: =IF(6>=1,('Testes estatísticos'!$D$6+'Testes estatísticos'!$D$11)/2,"") -> 1.5326315 | H17: =IF(7>=1,('Testes estatísticos'!$D$6+'Testes estatísticos'!$D$12)/2,"") -> -5.324578 | I17: =IF(8>=1,('Testes estatísticos'!$D$6+'Testes estatísticos'!$D$13)/2,"") -> -1.454352 | J17: =IF(9>=1,('Testes estatísticos'!$D$6+'Testes estatísticos'!$D$14)/2,"") -> -0.801293 | K17: =IF(10>=1,('Testes estatísticos'!$D$6+'Testes estatísticos'!$D$15)/2,"") -> -1.109108 | L17: =IF(11>=1,('Testes estatísticos'!$D$6+'Testes estatísticos'!$D$16)/2,"") -> -1.702729 | M17: =IF(12>=1,('Testes estatísticos'!$D$6+'Testes estatísticos'!$D$17)/2,"") -> -4.972002 | N17: =IF(13>=1,('Testes estatísticos'!$D$6+'Testes estatísticos'!$D$18)/2,"") -> 0.881684 | O17: =IF(14>=1,('Testes estatísticos'!$D$6+'Testes estatísticos'!$D$19)/2,"") -> -0.460609 | P17: =IF(15>=1,('Testes estatísticos'!$D$6+'Testes estatísticos'!$D$20)/2,"") -> 0.9590945 | Q17: =IF(16>=1,('Testes estatísticos'!$D$6+'Testes estatísticos'!$D$21)/2,"") -> -6.34074 | R17: =IF(17>=1,('Testes estatísticos'!$D$6+'Testes estatísticos'!$D$22)/2,"") -> -2.879396 | S17: =IF(18>=1,('Testes estatísticos'!$D$6+'Testes estatísticos'!$D$23)/2,"") -> -3.9535095
B18: =IF(1>=2,('Testes estatísticos'!$D$7+'Testes estatísticos'!$D$6)/2,"") | C18: =IF(2>=2,('Testes estatísticos'!$D$7+'Testes estatísticos'!$D$7)/2,"") -> -5.784239 | D18: =IF(3>=2,('Testes estatísticos'!$D$7+'Testes estatísticos'!$D$8)/2,"") -> -1.3198745 | E18: =IF(4>=2,('Testes estatísticos'!$D$7+'Testes estatísticos'!$D$9)/2,"") -> -5.97314 | F18: =IF(5>=2,('Testes estatísticos'!$D$7+'Testes estatísticos'!$D$10)/2,"") -> -3.6232775 | G18: =IF(6>=2,('Testes estatísticos'!$D$7+'Testes estatísticos'!$D$11)/2,"") -> -0.5355755 | H18: =IF(7>=2,('Testes estatísticos'!$D$7+'Testes estatísticos'!$D$12)/2,"") -> -7.392785 | I18: =IF(8>=2,('Testes estatísticos'!$D$7+'Testes estatísticos'!$D$13)/2,"") -> -3.522559 | J18: =IF(9>=2,('Testes estatísticos'!$D$7+'Testes estatísticos'!$D$14)/2,"") -> -2.8695 | K18: =IF(10>=2,('Testes estatísticos'!$D$7+'Testes estatísticos'!$D$15)/2,"") -> -3.177315 | L18: =IF(11>=2,('Testes estatísticos'!$D$7+'Testes estatísticos'!$D$16)/2,"") -> -3.770936 | M18: =IF(12>=2,('Testes estatísticos'!$D$7+'Testes estatísticos'!$D$17)/2,"") -> -7.040209 | N18: =IF(13>=2,('Testes estatísticos'!$D$7+'Testes estatísticos'!$D$18)/2,"") -> -1.186523 | O18: =IF(14>=2,('Testes estatísticos'!$D$7+'Testes estatísticos'!$D$19)/2,"") -> -2.528816 | P18: =IF(15>=2,('Testes estatísticos'!$D$7+'Testes estatísticos'!$D$20)/2,"") -> -1.1091125 | Q18: =IF(16>=2,('Testes estatísticos'!$D$7+'Testes estatísticos'!$D$21)/2,"") -> -8.408947 | R18: =IF(17>=2,('Testes estatísticos'!$D$7+'Testes estatísticos'!$D$22)/2,"") -> -4.947603 | S18: =IF(18>=2,('Testes estatísticos'!$D$7+'Testes estatísticos'!$D$23)/2,"") -> -6.0217165
B19: =IF(1>=3,('Testes estatísticos'!$D$8+'Testes estatísticos'!$D$6)/2,"") | C19: =IF(2>=3,('Testes estatísticos'!$D$8+'Testes estatísticos'!$D$7)/2,"") | D19: =IF(3>=3,('Testes estatísticos'!$D$8+'Testes estatísticos'!$D$8)/2,"") -> 3.14449 | E19: =IF(4>=3,('Testes estatísticos'!$D$8+'Testes estatísticos'!$D$9)/2,"") -> -1.5087755 | F19: =IF(5>=3,('Testes estatísticos'!$D$8+'Testes estatísticos'!$D$10)/2,"") -> 0.841087 | G19: =IF(6>=3,('Testes estatísticos'!$D$8+'Testes estatísticos'!$D$11)/2,"") -> 3.928789 | H19: =IF(7>=3,('Testes estatísticos'!$D$8+'Testes estatísticos'!$D$12)/2,"") -> -2.9284205 | I19: =IF(8>=3,('Testes estatísticos'!$D$8+'Testes estatísticos'!$D$13)/2,"") -> 0.9418055 | J19: =IF(9>=3,('Testes estatísticos'!$D$8+'Testes estatísticos'!$D$14)/2,"") -> 1.5948645 | K19: =IF(10>=3,('Testes estatísticos'!$D$8+'Testes estatísticos'!$D$15)/2,"") -> 1.2870495 | L19: =IF(11>=3,('Testes estatísticos'!$D$8+'Testes estatísticos'!$D$16)/2,"") -> 0.6934285 | M19: =IF(12>=3,('Testes estatísticos'!$D$8+'Testes estatísticos'!$D$17)/2,"") -> -2.5758445 | N19: =IF(13>=3,('Testes estatísticos'!$D$8+'Testes estatísticos'!$D$18)/2,"") -> 3.2778415 | O19: =IF(14>=3,('Testes estatísticos'!$D$8+'Testes estatísticos'!$D$19)/2,"") -> 1.9355485 | P19: =IF(15>=3,('Testes estatísticos'!$D$8+'Testes estatísticos'!$D$20)/2,"") -> 3.355252 | Q19: =IF(16>=3,('Testes estatísticos'!$D$8+'Testes estatísticos'!$D$21)/2,"") -> -3.9445825 | R19: =IF(17>=3,('Testes estatísticos'!$D$8+'Testes estatísticos'!$D$22)/2,"") -> -0.4832385 | S19: =IF(18>=3,('Testes estatísticos'!$D$8+'Testes estatísticos'!$D$23)/2,"") -> -1.557352
B20: =IF(1>=4,('Testes estatísticos'!$D$9+'Testes estatísticos'!$D$6)/2,"") | C20: =IF(2>=4,('Testes estatísticos'!$D$9+'Testes estatísticos'!$D$7)/2,"") | D20: =IF(3>=4,('Testes estatísticos'!$D$9+'Testes estatísticos'!$D$8)/2,"") | E20: =IF(4>=4,('Testes estatísticos'!$D$9+'Testes estatísticos'!$D$9)/2,"") -> -6.162041 | F20: =IF(5>=4,('Testes estatísticos'!$D$9+'Testes estatísticos'!$D$10)/2,"") -> -3.8121785 | G20: =IF(6>=4,('Testes estatísticos'!$D$9+'Testes estatísticos'!$D$11)/2,"") -> -0.7244765 | H20: =IF(7>=4,('Testes estatísticos'!$D$9+'Testes estatísticos'!$D$12)/2,"") -> -7.581686 | I20: =IF(8>=4,('Testes estatísticos'!$D$9+'Testes estatísticos'!$D$13)/2,"") -> -3.71146 | J20: =IF(9>=4,('Testes estatísticos'!$D$9+'Testes estatísticos'!$D$14)/2,"") -> -3.058401 | K20: =IF(10>=4,('Testes estatísticos'!$D$9+'Testes estatísticos'!$D$15)/2,"") -> -3.366216 | L20: =IF(11>=4,('Testes estatísticos'!$D$9+'Testes estatísticos'!$D$16)/2,"") -> -3.959837 | M20: =IF(12>=4,('Testes estatísticos'!$D$9+'Testes estatísticos'!$D$17)/2,"") -> -7.22911 | N20: =IF(13>=4,('Testes estatísticos'!$D$9+'Testes estatísticos'!$D$18)/2,"") -> -1.375424 | O20: =IF(14>=4,('Testes estatísticos'!$D$9+'Testes estatísticos'!$D$19)/2,"") -> -2.717717 | P20: =IF(15>=4,('Testes estatísticos'!$D$9+'Testes estatísticos'!$D$20)/2,"") -> -1.2980135 | Q20: =IF(16>=4,('Testes estatísticos'!$D$9+'Testes estatísticos'!$D$21)/2,"") -> -8.597848 | R20: =IF(17>=4,('Testes estatísticos'!$D$9+'Testes estatísticos'!$D$22)/2,"") -> -5.136504 | S20: =IF(18>=4,('Testes estatísticos'!$D$9+'Testes estatísticos'!$D$23)/2,"") -> -6.2106175
B21: =IF(1>=5,('Testes estatísticos'!$D$10+'Testes estatísticos'!$D$6)/2,"") | C21: =IF(2>=5,('Testes estatísticos'!$D$10+'Testes estatísticos'!$D$7)/2,"") | D21: =IF(3>=5,('Testes estatísticos'!$D$10+'Testes estatísticos'!$D$8)/2,"") | E21: =IF(4>=5,('Testes estatísticos'!$D$10+'Testes estatísticos'!$D$9)/2,"") | F21: =IF(5>=5,('Testes estatísticos'!$D$10+'Testes estatísticos'!$D$10)/2,"") -> -1.462316 | G21: =IF(6>=5,('Testes estatísticos'!$D$10+'Testes estatísticos'!$D$11)/2,"") -> 1.625386 | H21: =IF(7>=5,('Testes estatísticos'!$D$10+'Testes estatísticos'!$D$12)/2,"") -> -5.2318235 | I21: =IF(8>=5,('Testes estatísticos'!$D$10+'Testes estatísticos'!$D$13)/2,"") -> -1.3615975 | J21: =IF(9>=5,('Testes estatísticos'!$D$10+'Testes estatísticos'!$D$14)/2,"") -> -0.7085385 | K21: =IF(10>=5,('Testes estatísticos'!$D$10+'Testes estatísticos'!$D$15)/2,"") -> -1.0163535 | L21: =IF(11>=5,('Testes estatísticos'!$D$10+'Testes estatísticos'!$D$16)/2,"") -> -1.6099745 | M21: =IF(12>=5,('Testes estatísticos'!$D$10+'Testes estatísticos'!$D$17)/2,"") -> -4.8792475 | N21: =IF(13>=5,('Testes estatísticos'!$D$10+'Testes estatísticos'!$D$18)/2,"") -> 0.9744385 | O21: =IF(14>=5,('Testes estatísticos'!$D$10+'Testes estatísticos'!$D$19)/2,"") -> -0.3678545 | P21: =IF(15>=5,('Testes estatísticos'!$D$10+'Testes estatísticos'!$D$20)/2,"") -> 1.051849 | Q21: =IF(16>=5,('Testes estatísticos'!$D$10+'Testes estatísticos'!$D$21)/2,"") -> -6.2479855 | R21: =IF(17>=5,('Testes estatísticos'!$D$10+'Testes estatísticos'!$D$22)/2,"") -> -2.7866415 | S21: =IF(18>=5,('Testes estatísticos'!$D$10+'Testes estatísticos'!$D$23)/2,"") -> -3.860755
B22: =IF(1>=6,('Testes estatísticos'!$D$11+'Testes estatísticos'!$D$6)/2,"") | C22: =IF(2>=6,('Testes estatísticos'!$D$11+'Testes estatísticos'!$D$7)/2,"") | D22: =IF(3>=6,('Testes estatísticos'!$D$11+'Testes estatísticos'!$D$8)/2,"") | E22: =IF(4>=6,('Testes estatísticos'!$D$11+'Testes estatísticos'!$D$9)/2,"") | F22: =IF(5>=6,('Testes estatísticos'!$D$11+'Testes estatísticos'!$D$10)/2,"") | G22: =IF(6>=6,('Testes estatísticos'!$D$11+'Testes estatísticos'!$D$11)/2,"") -> 4.713088 | H22: =IF(7>=6,('Testes estatísticos'!$D$11+'Testes estatísticos'!$D$12)/2,"") -> -2.1441215 | I22: =IF(8>=6,('Testes estatísticos'!$D$11+'Testes estatísticos'!$D$13)/2,"") -> 1.7261045 | J22: =IF(9>=6,('Testes estatísticos'!$D$11+'Testes estatísticos'!$D$14)/2,"") -> 2.3791635 | K22: =IF(10>=6,('Testes estatísticos'!$D$11+'Testes estatísticos'!$D$15)/2,"") -> 2.0713485 | L22: =IF(11>=6,('Testes estatísticos'!$D$11+'Testes estatísticos'!$D$16)/2,"") -> 1.4777275 | M22: =IF(12>=6,('Testes estatísticos'!$D$11+'Testes estatísticos'!$D$17)/2,"") -> -1.7915455 | N22: =IF(13>=6,('Testes estatísticos'!$D$11+'Testes estatísticos'!$D$18)/2,"") -> 4.0621405 | O22: =IF(14>=6,('Testes estatísticos'!$D$11+'Testes estatísticos'!$D$19)/2,"") -> 2.7198475 | P22: =IF(15>=6,('Testes estatísticos'!$D$11+'Testes estatísticos'!$D$20)/2,"") -> 4.139551 | Q22: =IF(16>=6,('Testes estatísticos'!$D$11+'Testes estatísticos'!$D$21)/2,"") -> -3.1602835 | R22: =IF(17>=6,('Testes estatísticos'!$D$11+'Testes estatísticos'!$D$22)/2,"") -> 0.3010605 | S22: =IF(18>=6,('Testes estatísticos'!$D$11+'Testes estatísticos'!$D$23)/2,"") -> -0.773053
B23: =IF(1>=7,('Testes estatísticos'!$D$12+'Testes estatísticos'!$D$6)/2,"") | C23: =IF(2>=7,('Testes estatísticos'!$D$12+'Testes estatísticos'!$D$7)/2,"") | D23: =IF(3>=7,('Testes estatísticos'!$D$12+'Testes estatísticos'!$D$8)/2,"") | E23: =IF(4>=7,('Testes estatísticos'!$D$12+'Testes estatísticos'!$D$9)/2,"") | F23: =IF(5>=7,('Testes estatísticos'!$D$12+'Testes estatísticos'!$D$10)/2,"") | G23: =IF(6>=7,('Testes estatísticos'!$D$12+'Testes estatísticos'!$D$11)/2,"") | H23: =IF(7>=7,('Testes estatísticos'!$D$12+'Testes estatísticos'!$D$12)/2,"") -> -9.001331 | I23: =IF(8>=7,('Testes estatísticos'!$D$12+'Testes estatísticos'!$D$13)/2,"") -> -5.131105 | J23: =IF(9>=7,('Testes estatísticos'!$D$12+'Testes estatísticos'!$D$14)/2,"") -> -4.478046 | K23: =IF(10>=7,('Testes estatísticos'!$D$12+'Testes estatísticos'!$D$15)/2,"") -> -4.785861 | L23: =IF(11>=7,('Testes estatísticos'!$D$12+'Testes estatísticos'!$D$16)/2,"") -> -5.379482 | M23: =IF(12>=7,('Testes estatísticos'!$D$12+'Testes estatísticos'!$D$17)/2,"") -> -8.648755 | N23: =IF(13>=7,('Testes estatísticos'!$D$12+'Testes estatísticos'!$D$18)/2,"") -> -2.795069 | O23: =IF(14>=7,('Testes estatísticos'!$D$12+'Testes estatísticos'!$D$19)/2,"") -> -4.137362 | P23: =IF(15>=7,('Testes estatísticos'!$D$12+'Testes estatísticos'!$D$20)/2,"") -> -2.7176585 | Q23: =IF(16>=7,('Testes estatísticos'!$D$12+'Testes estatísticos'!$D$21)/2,"") -> -10.017493 | R23: =IF(17>=7,('Testes estatísticos'!$D$12+'Testes estatísticos'!$D$22)/2,"") -> -6.556149 | S23: =IF(18>=7,('Testes estatísticos'!$D$12+'Testes estatísticos'!$D$23)/2,"") -> -7.6302625
B24: =IF(1>=8,('Testes estatísticos'!$D$13+'Testes estatísticos'!$D$6)/2,"") | C24: =IF(2>=8,('Testes estatísticos'!$D$13+'Testes estatísticos'!$D$7)/2,"") | D24: =IF(3>=8,('Testes estatísticos'!$D$13+'Testes estatísticos'!$D$8)/2,"") | E24: =IF(4>=8,('Testes estatísticos'!$D$13+'Testes estatísticos'!$D$9)/2,"") | F24: =IF(5>=8,('Testes estatísticos'!$D$13+'Testes estatísticos'!$D$10)/2,"") | G24: =IF(6>=8,('Testes estatísticos'!$D$13+'Testes estatísticos'!$D$11)/2,"") | H24: =IF(7>=8,('Testes estatísticos'!$D$13+'Testes estatísticos'!$D$12)/2,"") | I24: =IF(8>=8,('Testes estatísticos'!$D$13+'Testes estatísticos'!$D$13)/2,"") -> -1.260879 | J24: =IF(9>=8,('Testes estatísticos'!$D$13+'Testes estatísticos'!$D$14)/2,"") -> -0.60782 | K24: =IF(10>=8,('Testes estatísticos'!$D$13+'Testes estatísticos'!$D$15)/2,"") -> -0.915635 | L24: =IF(11>=8,('Testes estatísticos'!$D$13+'Testes estatísticos'!$D$16)/2,"") -> -1.509256 | M24: =IF(12>=8,('Testes estatísticos'!$D$13+'Testes estatísticos'!$D$17)/2,"") -> -4.778529 | N24: =IF(13>=8,('Testes estatísticos'!$D$13+'Testes estatísticos'!$D$18)/2,"") -> 1.075157 | O24: =IF(14>=8,('Testes estatísticos'!$D$13+'Testes estatísticos'!$D$19)/2,"") -> -0.267136 | P24: =IF(15>=8,('Testes estatísticos'!$D$13+'Testes estatísticos'!$D$20)/2,"") -> 1.1525675 | Q24: =IF(16>=8,('Testes estatísticos'!$D$13+'Testes estatísticos'!$D$21)/2,"") -> -6.147267 | R24: =IF(17>=8,('Testes estatísticos'!$D$13+'Testes estatísticos'!$D$22)/2,"") -> -2.685923 | S24: =IF(18>=8,('Testes estatísticos'!$D$13+'Testes estatísticos'!$D$23)/2,"") -> -3.7600365
B25: =IF(1>=9,('Testes estatísticos'!$D$14+'Testes estatísticos'!$D$6)/2,"") | C25: =IF(2>=9,('Testes estatísticos'!$D$14+'Testes estatísticos'!$D$7)/2,"") | D25: =IF(3>=9,('Testes estatísticos'!$D$14+'Testes estatísticos'!$D$8)/2,"") | E25: =IF(4>=9,('Testes estatísticos'!$D$14+'Testes estatísticos'!$D$9)/2,"") | F25: =IF(5>=9,('Testes estatísticos'!$D$14+'Testes estatísticos'!$D$10)/2,"") | G25: =IF(6>=9,('Testes estatísticos'!$D$14+'Testes estatísticos'!$D$11)/2,"") | H25: =IF(7>=9,('Testes estatísticos'!$D$14+'Testes estatísticos'!$D$12)/2,"") | I25: =IF(8>=9,('Testes estatísticos'!$D$14+'Testes estatísticos'!$D$13)/2,"") | J25: =IF(9>=9,('Testes estatísticos'!$D$14+'Testes estatísticos'!$D$14)/2,"") -> 0.045239 | K25: =IF(10>=9,('Testes estatísticos'!$D$14+'Testes estatísticos'!$D$15)/2,"") -> -0.262576 | L25: =IF(11>=9,('Testes estatísticos'!$D$14+'Testes estatísticos'!$D$16)/2,"") -> -0.856197 | M25: =IF(12>=9,('Testes estatísticos'!$D$14+'Testes estatísticos'!$D$17)/2,"") -> -4.12547 | N25: =IF(13>=9,('Testes estatísticos'!$D$14+'Testes estatísticos'!$D$18)/2,"") -> 1.728216 | O25: =IF(14>=9,('Testes estatísticos'!$D$14+'Testes estatísticos'!$D$19)/2,"") -> 0.385923 | P25: =IF(15>=9,('Testes estatísticos'!$D$14+'Testes estatísticos'!$D$20)/2,"") -> 1.8056265 | Q25: =IF(16>=9,('Testes estatísticos'!$D$14+'Testes estatísticos'!$D$21)/2,"") -> -5.494208 | R25: =IF(17>=9,('Testes estatísticos'!$D$14+'Testes estatísticos'!$D$22)/2,"") -> -2.032864 | S25: =IF(18>=9,('Testes estatísticos'!$D$14+'Testes estatísticos'!$D$23)/2,"") -> -3.1069775
B26: =IF(1>=10,('Testes estatísticos'!$D$15+'Testes estatísticos'!$D$6)/2,"") | C26: =IF(2>=10,('Testes estatísticos'!$D$15+'Testes estatísticos'!$D$7)/2,"") | D26: =IF(3>=10,('Testes estatísticos'!$D$15+'Testes estatísticos'!$D$8)/2,"") | E26: =IF(4>=10,('Testes estatísticos'!$D$15+'Testes estatísticos'!$D$9)/2,"") | F26: =IF(5>=10,('Testes estatísticos'!$D$15+'Testes estatísticos'!$D$10)/2,"") | G26: =IF(6>=10,('Testes estatísticos'!$D$15+'Testes estatísticos'!$D$11)/2,"") | H26: =IF(7>=10,('Testes estatísticos'!$D$15+'Testes estatísticos'!$D$12)/2,"") | I26: =IF(8>=10,('Testes estatísticos'!$D$15+'Testes estatísticos'!$D$13)/2,"") | J26: =IF(9>=10,('Testes estatísticos'!$D$15+'Testes estatísticos'!$D$14)/2,"") | K26: =IF(10>=10,('Testes estatísticos'!$D$15+'Testes estatísticos'!$D$15)/2,"") -> -0.570391 | L26: =IF(11>=10,('Testes estatísticos'!$D$15+'Testes estatísticos'!$D$16)/2,"") -> -1.164012 | M26: =IF(12>=10,('Testes estatísticos'!$D$15+'Testes estatísticos'!$D$17)/2,"") -> -4.433285 | N26: =IF(13>=10,('Testes estatísticos'!$D$15+'Testes estatísticos'!$D$18)/2,"") -> 1.420401 | O26: =IF(14>=10,('Testes estatísticos'!$D$15+'Testes estatísticos'!$D$19)/2,"") -> 0.078108 | P26: =IF(15>=10,('Testes estatísticos'!$D$15+'Testes estatísticos'!$D$20)/2,"") -> 1.4978115 | Q26: =IF(16>=10,('Testes estatísticos'!$D$15+'Testes estatísticos'!$D$21)/2,"") -> -5.802023 | R26: =IF(17>=10,('Testes estatísticos'!$D$15+'Testes estatísticos'!$D$22)/2,"") -> -2.340679 | S26: =IF(18>=10,('Testes estatísticos'!$D$15+'Testes estatísticos'!$D$23)/2,"") -> -3.4147925
B27: =IF(1>=11,('Testes estatísticos'!$D$16+'Testes estatísticos'!$D$6)/2,"") | C27: =IF(2>=11,('Testes estatísticos'!$D$16+'Testes estatísticos'!$D$7)/2,"") | D27: =IF(3>=11,('Testes estatísticos'!$D$16+'Testes estatísticos'!$D$8)/2,"") | E27: =IF(4>=11,('Testes estatísticos'!$D$16+'Testes estatísticos'!$D$9)/2,"") | F27: =IF(5>=11,('Testes estatísticos'!$D$16+'Testes estatísticos'!$D$10)/2,"") | G27: =IF(6>=11,('Testes estatísticos'!$D$16+'Testes estatísticos'!$D$11)/2,"") | H27: =IF(7>=11,('Testes estatísticos'!$D$16+'Testes estatísticos'!$D$12)/2,"") | I27: =IF(8>=11,('Testes estatísticos'!$D$16+'Testes estatísticos'!$D$13)/2,"") | J27: =IF(9>=11,('Testes estatísticos'!$D$16+'Testes estatísticos'!$D$14)/2,"") | K27: =IF(10>=11,('Testes estatísticos'!$D$16+'Testes estatísticos'!$D$15)/2,"") | L27: =IF(11>=11,('Testes estatísticos'!$D$16+'Testes estatísticos'!$D$16)/2,"") -> -1.757633 | M27: =IF(12>=11,('Testes estatísticos'!$D$16+'Testes estatísticos'!$D$17)/2,"") -> -5.026906 | N27: =IF(13>=11,('Testes estatísticos'!$D$16+'Testes estatísticos'!$D$18)/2,"") -> 0.82678 | O27: =IF(14>=11,('Testes estatísticos'!$D$16+'Testes estatísticos'!$D$19)/2,"") -> -0.515513 | P27: =IF(15>=11,('Testes estatísticos'!$D$16+'Testes estatísticos'!$D$20)/2,"") -> 0.9041905 | Q27: =IF(16>=11,('Testes estatísticos'!$D$16+'Testes estatísticos'!$D$21)/2,"") -> -6.395644 | R27: =IF(17>=11,('Testes estatísticos'!$D$16+'Testes estatísticos'!$D$22)/2,"") -> -2.9343 | S27: =IF(18>=11,('Testes estatísticos'!$D$16+'Testes estatísticos'!$D$23)/2,"") -> -4.0084135
B28: =IF(1>=12,('Testes estatísticos'!$D$17+'Testes estatísticos'!$D$6)/2,"") | C28: =IF(2>=12,('Testes estatísticos'!$D$17+'Testes estatísticos'!$D$7)/2,"") | D28: =IF(3>=12,('Testes estatísticos'!$D$17+'Testes estatísticos'!$D$8)/2,"") | E28: =IF(4>=12,('Testes estatísticos'!$D$17+'Testes estatísticos'!$D$9)/2,"") | F28: =IF(5>=12,('Testes estatísticos'!$D$17+'Testes estatísticos'!$D$10)/2,"") | G28: =IF(6>=12,('Testes estatísticos'!$D$17+'Testes estatísticos'!$D$11)/2,"") | H28: =IF(7>=12,('Testes estatísticos'!$D$17+'Testes estatísticos'!$D$12)/2,"") | I28: =IF(8>=12,('Testes estatísticos'!$D$17+'Testes estatísticos'!$D$13)/2,"") | J28: =IF(9>=12,('Testes estatísticos'!$D$17+'Testes estatísticos'!$D$14)/2,"") | K28: =IF(10>=12,('Testes estatísticos'!$D$17+'Testes estatísticos'!$D$15)/2,"") | L28: =IF(11>=12,('Testes estatísticos'!$D$17+'Testes estatísticos'!$D$16)/2,"") | M28: =IF(12>=12,('Testes estatísticos'!$D$17+'Testes estatísticos'!$D$17)/2,"") -> -8.296179 | N28: =IF(13>=12,('Testes estatísticos'!$D$17+'Testes estatísticos'!$D$18)/2,"") -> -2.442493 | O28: =IF(14>=12,('Testes estatísticos'!$D$17+'Testes estatísticos'!$D$19)/2,"") -> -3.784786 | P28: =IF(15>=12,('Testes estatísticos'!$D$17+'Testes estatísticos'!$D$20)/2,"") -> -2.3650825 | Q28: =IF(16>=12,('Testes estatísticos'!$D$17+'Testes estatísticos'!$D$21)/2,"") -> -9.664917 | R28: =IF(17>=12,('Testes estatísticos'!$D$17+'Testes estatísticos'!$D$22)/2,"") -> -6.203573 | S28: =IF(18>=12,('Testes estatísticos'!$D$17+'Testes estatísticos'!$D$23)/2,"") -> -7.2776865
B29: =IF(1>=13,('Testes estatísticos'!$D$18+'Testes estatísticos'!$D$6)/2,"") | C29: =IF(2>=13,('Testes estatísticos'!$D$18+'Testes estatísticos'!$D$7)/2,"") | D29: =IF(3>=13,('Testes estatísticos'!$D$18+'Testes estatísticos'!$D$8)/2,"") | E29: =IF(4>=13,('Testes estatísticos'!$D$18+'Testes estatísticos'!$D$9)/2,"") | F29: =IF(5>=13,('Testes estatísticos'!$D$18+'Testes estatísticos'!$D$10)/2,"") | G29: =IF(6>=13,('Testes estatísticos'!$D$18+'Testes estatísticos'!$D$11)/2,"") | H29: =IF(7>=13,('Testes estatísticos'!$D$18+'Testes estatísticos'!$D$12)/2,"") | I29: =IF(8>=13,('Testes estatísticos'!$D$18+'Testes estatísticos'!$D$13)/2,"") | J29: =IF(9>=13,('Testes estatísticos'!$D$18+'Testes estatísticos'!$D$14)/2,"") | K29: =IF(10>=13,('Testes estatísticos'!$D$18+'Testes estatísticos'!$D$15)/2,"") | L29: =IF(11>=13,('Testes estatísticos'!$D$18+'Testes estatísticos'!$D$16)/2,"") | M29: =IF(12>=13,('Testes estatísticos'!$D$18+'Testes estatísticos'!$D$17)/2,"") | N29: =IF(13>=13,('Testes estatísticos'!$D$18+'Testes estatísticos'!$D$18)/2,"") -> 3.411193 | O29: =IF(14>=13,('Testes estatísticos'!$D$18+'Testes estatísticos'!$D$19)/2,"") -> 2.0689 | P29: =IF(15>=13,('Testes estatísticos'!$D$18+'Testes estatísticos'!$D$20)/2,"") -> 3.4886035 | Q29: =IF(16>=13,('Testes estatísticos'!$D$18+'Testes estatísticos'!$D$21)/2,"") -> -3.811231 | R29: =IF(17>=13,('Testes estatísticos'!$D$18+'Testes estatísticos'!$D$22)/2,"") -> -0.349887 | S29: =IF(18>=13,('Testes estatísticos'!$D$18+'Testes estatísticos'!$D$23)/2,"") -> -1.4240005
B30: =IF(1>=14,('Testes estatísticos'!$D$19+'Testes estatísticos'!$D$6)/2,"") | C30: =IF(2>=14,('Testes estatísticos'!$D$19+'Testes estatísticos'!$D$7)/2,"") | D30: =IF(3>=14,('Testes estatísticos'!$D$19+'Testes estatísticos'!$D$8)/2,"") | E30: =IF(4>=14,('Testes estatísticos'!$D$19+'Testes estatísticos'!$D$9)/2,"") | F30: =IF(5>=14,('Testes estatísticos'!$D$19+'Testes estatísticos'!$D$10)/2,"") | G30: =IF(6>=14,('Testes estatísticos'!$D$19+'Testes estatísticos'!$D$11)/2,"") | H30: =IF(7>=14,('Testes estatísticos'!$D$19+'Testes estatísticos'!$D$12)/2,"") | I30: =IF(8>=14,('Testes estatísticos'!$D$19+'Testes estatísticos'!$D$13)/2,"") | J30: =IF(9>=14,('Testes estatísticos'!$D$19+'Testes estatísticos'!$D$14)/2,"") | K30: =IF(10>=14,('Testes estatísticos'!$D$19+'Testes estatísticos'!$D$15)/2,"") | L30: =IF(11>=14,('Testes estatísticos'!$D$19+'Testes estatísticos'!$D$16)/2,"") | M30: =IF(12>=14,('Testes estatísticos'!$D$19+'Testes estatísticos'!$D$17)/2,"") | N30: =IF(13>=14,('Testes estatísticos'!$D$19+'Testes estatísticos'!$D$18)/2,"") | O30: =IF(14>=14,('Testes estatísticos'!$D$19+'Testes estatísticos'!$D$19)/2,"") -> 0.726607 | P30: =IF(15>=14,('Testes estatísticos'!$D$19+'Testes estatísticos'!$D$20)/2,"") -> 2.1463105 | Q30: =IF(16>=14,('Testes estatísticos'!$D$19+'Testes estatísticos'!$D$21)/2,"") -> -5.153524 | R30: =IF(17>=14,('Testes estatísticos'!$D$19+'Testes estatísticos'!$D$22)/2,"") -> -1.69218 | S30: =IF(18>=14,('Testes estatísticos'!$D$19+'Testes estatísticos'!$D$23)/2,"") -> -2.7662935
B31: =IF(1>=15,('Testes estatísticos'!$D$20+'Testes estatísticos'!$D$6)/2,"") | C31: =IF(2>=15,('Testes estatísticos'!$D$20+'Testes estatísticos'!$D$7)/2,"") | D31: =IF(3>=15,('Testes estatísticos'!$D$20+'Testes estatísticos'!$D$8)/2,"") | E31: =IF(4>=15,('Testes estatísticos'!$D$20+'Testes estatísticos'!$D$9)/2,"") | F31: =IF(5>=15,('Testes estatísticos'!$D$20+'Testes estatísticos'!$D$10)/2,"") | G31: =IF(6>=15,('Testes estatísticos'!$D$20+'Testes estatísticos'!$D$11)/2,"") | H31: =IF(7>=15,('Testes estatísticos'!$D$20+'Testes estatísticos'!$D$12)/2,"") | I31: =IF(8>=15,('Testes estatísticos'!$D$20+'Testes estatísticos'!$D$13)/2,"") | J31: =IF(9>=15,('Testes estatísticos'!$D$20+'Testes estatísticos'!$D$14)/2,"") | K31: =IF(10>=15,('Testes estatísticos'!$D$20+'Testes estatísticos'!$D$15)/2,"") | L31: =IF(11>=15,('Testes estatísticos'!$D$20+'Testes estatísticos'!$D$16)/2,"") | M31: =IF(12>=15,('Testes estatísticos'!$D$20+'Testes estatísticos'!$D$17)/2,"") | N31: =IF(13>=15,('Testes estatísticos'!$D$20+'Testes estatísticos'!$D$18)/2,"") | O31: =IF(14>=15,('Testes estatísticos'!$D$20+'Testes estatísticos'!$D$19)/2,"") | P31: =IF(15>=15,('Testes estatísticos'!$D$20+'Testes estatísticos'!$D$20)/2,"") -> 3.566014 | Q31: =IF(16>=15,('Testes estatísticos'!$D$20+'Testes estatísticos'!$D$21)/2,"") -> -3.7338205 | R31: =IF(17>=15,('Testes estatísticos'!$D$20+'Testes estatísticos'!$D$22)/2,"") -> -0.2724765 | S31: =IF(18>=15,('Testes estatísticos'!$D$20+'Testes estatísticos'!$D$23)/2,"") -> -1.34659
B32: =IF(1>=16,('Testes estatísticos'!$D$21+'Testes estatísticos'!$D$6)/2,"") | C32: =IF(2>=16,('Testes estatísticos'!$D$21+'Testes estatísticos'!$D$7)/2,"") | D32: =IF(3>=16,('Testes estatísticos'!$D$21+'Testes estatísticos'!$D$8)/2,"") | E32: =IF(4>=16,('Testes estatísticos'!$D$21+'Testes estatísticos'!$D$9)/2,"") | F32: =IF(5>=16,('Testes estatísticos'!$D$21+'Testes estatísticos'!$D$10)/2,"") | G32: =IF(6>=16,('Testes estatísticos'!$D$21+'Testes estatísticos'!$D$11)/2,"") | H32: =IF(7>=16,('Testes estatísticos'!$D$21+'Testes estatísticos'!$D$12)/2,"") | I32: =IF(8>=16,('Testes estatísticos'!$D$21+'Testes estatísticos'!$D$13)/2,"") | J32: =IF(9>=16,('Testes estatísticos'!$D$21+'Testes estatísticos'!$D$14)/2,"") | K32: =IF(10>=16,('Testes estatísticos'!$D$21+'Testes estatísticos'!$D$15)/2,"") | L32: =IF(11>=16,('Testes estatísticos'!$D$21+'Testes estatísticos'!$D$16)/2,"") | M32: =IF(12>=16,('Testes estatísticos'!$D$21+'Testes estatísticos'!$D$17)/2,"") | N32: =IF(13>=16,('Testes estatísticos'!$D$21+'Testes estatísticos'!$D$18)/2,"") | O32: =IF(14>=16,('Testes estatísticos'!$D$21+'Testes estatísticos'!$D$19)/2,"") | P32: =IF(15>=16,('Testes estatísticos'!$D$21+'Testes estatísticos'!$D$20)/2,"") | Q32: =IF(16>=16,('Testes estatísticos'!$D$21+'Testes estatísticos'!$D$21)/2,"") -> -11.033655 | R32: =IF(17>=16,('Testes estatísticos'!$D$21+'Testes estatísticos'!$D$22)/2,"") -> -7.572311 | S32: =IF(18>=16,('Testes estatísticos'!$D$21+'Testes estatísticos'!$D$23)/2,"") -> -8.6464245
B33: =IF(1>=17,('Testes estatísticos'!$D$22+'Testes estatísticos'!$D$6)/2,"") | C33: =IF(2>=17,('Testes estatísticos'!$D$22+'Testes estatísticos'!$D$7)/2,"") | D33: =IF(3>=17,('Testes estatísticos'!$D$22+'Testes estatísticos'!$D$8)/2,"") | E33: =IF(4>=17,('Testes estatísticos'!$D$22+'Testes estatísticos'!$D$9)/2,"") | F33: =IF(5>=17,('Testes estatísticos'!$D$22+'Testes estatísticos'!$D$10)/2,"") | G33: =IF(6>=17,('Testes estatísticos'!$D$22+'Testes estatísticos'!$D$11)/2,"") | H33: =IF(7>=17,('Testes estatísticos'!$D$22+'Testes estatísticos'!$D$12)/2,"") | I33: =IF(8>=17,('Testes estatísticos'!$D$22+'Testes estatísticos'!$D$13)/2,"") | J33: =IF(9>=17,('Testes estatísticos'!$D$22+'Testes estatísticos'!$D$14)/2,"") | K33: =IF(10>=17,('Testes estatísticos'!$D$22+'Testes estatísticos'!$D$15)/2,"") | L33: =IF(11>=17,('Testes estatísticos'!$D$22+'Testes estatísticos'!$D$16)/2,"") | M33: =IF(12>=17,('Testes estatísticos'!$D$22+'Testes estatísticos'!$D$17)/2,"") | N33: =IF(13>=17,('Testes estatísticos'!$D$22+'Testes estatísticos'!$D$18)/2,"") | O33: =IF(14>=17,('Testes estatísticos'!$D$22+'Testes estatísticos'!$D$19)/2,"") | P33: =IF(15>=17,('Testes estatísticos'!$D$22+'Testes estatísticos'!$D$20)/2,"") | Q33: =IF(16>=17,('Testes estatísticos'!$D$22+'Testes estatísticos'!$D$21)/2,"") | R33: =IF(17>=17,('Testes estatísticos'!$D$22+'Testes estatísticos'!$D$22)/2,"") -> -4.110967 | S33: =IF(18>=17,('Testes estatísticos'!$D$22+'Testes estatísticos'!$D$23)/2,"") -> -5.1850805
B34: =IF(1>=18,('Testes estatísticos'!$D$23+'Testes estatísticos'!$D$6)/2,"") | C34: =IF(2>=18,('Testes estatísticos'!$D$23+'Testes estatísticos'!$D$7)/2,"") | D34: =IF(3>=18,('Testes estatísticos'!$D$23+'Testes estatísticos'!$D$8)/2,"") | E34: =IF(4>=18,('Testes estatísticos'!$D$23+'Testes estatísticos'!$D$9)/2,"") | F34: =IF(5>=18,('Testes estatísticos'!$D$23+'Testes estatísticos'!$D$10)/2,"") | G34: =IF(6>=18,('Testes estatísticos'!$D$23+'Testes estatísticos'!$D$11)/2,"") | H34: =IF(7>=18,('Testes estatísticos'!$D$23+'Testes estatísticos'!$D$12)/2,"") | I34: =IF(8>=18,('Testes estatísticos'!$D$23+'Testes estatísticos'!$D$13)/2,"") | J34: =IF(9>=18,('Testes estatísticos'!$D$23+'Testes estatísticos'!$D$14)/2,"") | K34: =IF(10>=18,('Testes estatísticos'!$D$23+'Testes estatísticos'!$D$15)/2,"") | L34: =IF(11>=18,('Testes estatísticos'!$D$23+'Testes estatísticos'!$D$16)/2,"") | M34: =IF(12>=18,('Testes estatísticos'!$D$23+'Testes estatísticos'!$D$17)/2,"") | N34: =IF(13>=18,('Testes estatísticos'!$D$23+'Testes estatísticos'!$D$18)/2,"") | O34: =IF(14>=18,('Testes estatísticos'!$D$23+'Testes estatísticos'!$D$19)/2,"") | P34: =IF(15>=18,('Testes estatísticos'!$D$23+'Testes estatísticos'!$D$20)/2,"") | Q34: =IF(16>=18,('Testes estatísticos'!$D$23+'Testes estatísticos'!$D$21)/2,"") | R34: =IF(17>=18,('Testes estatísticos'!$D$23+'Testes estatísticos'!$D$22)/2,"") | S34: =IF(18>=18,('Testes estatísticos'!$D$23+'Testes estatísticos'!$D$23)/2,"") -> -6.259194
A37: Médias de Walsh — R04 (n = 20)
B38: =IF(1>=1,('Testes estatísticos'!$D$24+'Testes estatísticos'!$D$24)/2,"") -> -5.462312 | C38: =IF(2>=1,('Testes estatísticos'!$D$24+'Testes estatísticos'!$D$25)/2,"") -> -6.40768 | D38: =IF(3>=1,('Testes estatísticos'!$D$24+'Testes estatísticos'!$D$26)/2,"") -> -4.548995 | E38: =IF(4>=1,('Testes estatísticos'!$D$24+'Testes estatísticos'!$D$27)/2,"") -> -4.5852245 | F38: =IF(5>=1,('Testes estatísticos'!$D$24+'Testes estatísticos'!$D$28)/2,"") -> -4.708102 | G38: =IF(6>=1,('Testes estatísticos'!$D$24+'Testes estatísticos'!$D$29)/2,"") -> -4.1449215 | H38: =IF(7>=1,('Testes estatísticos'!$D$24+'Testes estatísticos'!$D$30)/2,"") -> -3.8313585 | I38: =IF(8>=1,('Testes estatísticos'!$D$24+'Testes estatísticos'!$D$31)/2,"") -> -3.827888 | J38: =IF(9>=1,('Testes estatísticos'!$D$24+'Testes estatísticos'!$D$32)/2,"") -> -3.932497 | K38: =IF(10>=1,('Testes estatísticos'!$D$24+'Testes estatísticos'!$D$33)/2,"") -> -3.8727825 | L38: =IF(11>=1,('Testes estatísticos'!$D$24+'Testes estatísticos'!$D$34)/2,"") -> -3.1435205 | M38: =IF(12>=1,('Testes estatísticos'!$D$24+'Testes estatísticos'!$D$35)/2,"") -> -4.4570665 | N38: =IF(13>=1,('Testes estatísticos'!$D$24+'Testes estatísticos'!$D$36)/2,"") -> -4.799461 | O38: =IF(14>=1,('Testes estatísticos'!$D$24+'Testes estatísticos'!$D$37)/2,"") -> -3.6958405 | P38: =IF(15>=1,('Testes estatísticos'!$D$24+'Testes estatísticos'!$D$38)/2,"") -> -3.86138 | Q38: =IF(16>=1,('Testes estatísticos'!$D$24+'Testes estatísticos'!$D$39)/2,"") -> -1.044834 | R38: =IF(17>=1,('Testes estatísticos'!$D$24+'Testes estatísticos'!$D$40)/2,"") -> -3.786332 | S38: =IF(18>=1,('Testes estatísticos'!$D$24+'Testes estatísticos'!$D$41)/2,"") -> -1.5183875 | T38: =IF(19>=1,('Testes estatísticos'!$D$24+'Testes estatísticos'!$D$42)/2,"") -> -3.7969485 | U38: =IF(20>=1,('Testes estatísticos'!$D$24+'Testes estatísticos'!$D$43)/2,"") -> -3.784089
B39: =IF(1>=2,('Testes estatísticos'!$D$25+'Testes estatísticos'!$D$24)/2,"") | C39: =IF(2>=2,('Testes estatísticos'!$D$25+'Testes estatísticos'!$D$25)/2,"") -> -7.353048 | D39: =IF(3>=2,('Testes estatísticos'!$D$25+'Testes estatísticos'!$D$26)/2,"") -> -5.494363 | E39: =IF(4>=2,('Testes estatísticos'!$D$25+'Testes estatísticos'!$D$27)/2,"") -> -5.5305925 | F39: =IF(5>=2,('Testes estatísticos'!$D$25+'Testes estatísticos'!$D$28)/2,"") -> -5.65347 | G39: =IF(6>=2,('Testes estatísticos'!$D$25+'Testes estatísticos'!$D$29)/2,"") -> -5.0902895 | H39: =IF(7>=2,('Testes estatísticos'!$D$25+'Testes estatísticos'!$D$30)/2,"") -> -4.7767265 | I39: =IF(8>=2,('Testes estatísticos'!$D$25+'Testes estatísticos'!$D$31)/2,"") -> -4.773256 | J39: =IF(9>=2,('Testes estatísticos'!$D$25+'Testes estatísticos'!$D$32)/2,"") -> -4.877865 | K39: =IF(10>=2,('Testes estatísticos'!$D$25+'Testes estatísticos'!$D$33)/2,"") -> -4.8181505 | L39: =IF(11>=2,('Testes estatísticos'!$D$25+'Testes estatísticos'!$D$34)/2,"") -> -4.0888885 | M39: =IF(12>=2,('Testes estatísticos'!$D$25+'Testes estatísticos'!$D$35)/2,"") -> -5.4024345 | N39: =IF(13>=2,('Testes estatísticos'!$D$25+'Testes estatísticos'!$D$36)/2,"") -> -5.744829 | O39: =IF(14>=2,('Testes estatísticos'!$D$25+'Testes estatísticos'!$D$37)/2,"") -> -4.6412085 | P39: =IF(15>=2,('Testes estatísticos'!$D$25+'Testes estatísticos'!$D$38)/2,"") -> -4.806748 | Q39: =IF(16>=2,('Testes estatísticos'!$D$25+'Testes estatísticos'!$D$39)/2,"") -> -1.990202 | R39: =IF(17>=2,('Testes estatísticos'!$D$25+'Testes estatísticos'!$D$40)/2,"") -> -4.7317 | S39: =IF(18>=2,('Testes estatísticos'!$D$25+'Testes estatísticos'!$D$41)/2,"") -> -2.4637555 | T39: =IF(19>=2,('Testes estatísticos'!$D$25+'Testes estatísticos'!$D$42)/2,"") -> -4.7423165 | U39: =IF(20>=2,('Testes estatísticos'!$D$25+'Testes estatísticos'!$D$43)/2,"") -> -4.729457
B40: =IF(1>=3,('Testes estatísticos'!$D$26+'Testes estatísticos'!$D$24)/2,"") | C40: =IF(2>=3,('Testes estatísticos'!$D$26+'Testes estatísticos'!$D$25)/2,"") | D40: =IF(3>=3,('Testes estatísticos'!$D$26+'Testes estatísticos'!$D$26)/2,"") -> -3.635678 | E40: =IF(4>=3,('Testes estatísticos'!$D$26+'Testes estatísticos'!$D$27)/2,"") -> -3.6719075 | F40: =IF(5>=3,('Testes estatísticos'!$D$26+'Testes estatísticos'!$D$28)/2,"") -> -3.794785 | G40: =IF(6>=3,('Testes estatísticos'!$D$26+'Testes estatísticos'!$D$29)/2,"") -> -3.2316045 | H40: =IF(7>=3,('Testes estatísticos'!$D$26+'Testes estatísticos'!$D$30)/2,"") -> -2.9180415 | I40: =IF(8>=3,('Testes estatísticos'!$D$26+'Testes estatísticos'!$D$31)/2,"") -> -2.914571 | J40: =IF(9>=3,('Testes estatísticos'!$D$26+'Testes estatísticos'!$D$32)/2,"") -> -3.01918 | K40: =IF(10>=3,('Testes estatísticos'!$D$26+'Testes estatísticos'!$D$33)/2,"") -> -2.9594655 | L40: =IF(11>=3,('Testes estatísticos'!$D$26+'Testes estatísticos'!$D$34)/2,"") -> -2.2302035 | M40: =IF(12>=3,('Testes estatísticos'!$D$26+'Testes estatísticos'!$D$35)/2,"") -> -3.5437495 | N40: =IF(13>=3,('Testes estatísticos'!$D$26+'Testes estatísticos'!$D$36)/2,"") -> -3.886144 | O40: =IF(14>=3,('Testes estatísticos'!$D$26+'Testes estatísticos'!$D$37)/2,"") -> -2.7825235 | P40: =IF(15>=3,('Testes estatísticos'!$D$26+'Testes estatísticos'!$D$38)/2,"") -> -2.948063 | Q40: =IF(16>=3,('Testes estatísticos'!$D$26+'Testes estatísticos'!$D$39)/2,"") -> -0.131517 | R40: =IF(17>=3,('Testes estatísticos'!$D$26+'Testes estatísticos'!$D$40)/2,"") -> -2.873015 | S40: =IF(18>=3,('Testes estatísticos'!$D$26+'Testes estatísticos'!$D$41)/2,"") -> -0.6050705 | T40: =IF(19>=3,('Testes estatísticos'!$D$26+'Testes estatísticos'!$D$42)/2,"") -> -2.8836315 | U40: =IF(20>=3,('Testes estatísticos'!$D$26+'Testes estatísticos'!$D$43)/2,"") -> -2.870772
B41: =IF(1>=4,('Testes estatísticos'!$D$27+'Testes estatísticos'!$D$24)/2,"") | C41: =IF(2>=4,('Testes estatísticos'!$D$27+'Testes estatísticos'!$D$25)/2,"") | D41: =IF(3>=4,('Testes estatísticos'!$D$27+'Testes estatísticos'!$D$26)/2,"") | E41: =IF(4>=4,('Testes estatísticos'!$D$27+'Testes estatísticos'!$D$27)/2,"") -> -3.708137 | F41: =IF(5>=4,('Testes estatísticos'!$D$27+'Testes estatísticos'!$D$28)/2,"") -> -3.8310145 | G41: =IF(6>=4,('Testes estatísticos'!$D$27+'Testes estatísticos'!$D$29)/2,"") -> -3.267834 | H41: =IF(7>=4,('Testes estatísticos'!$D$27+'Testes estatísticos'!$D$30)/2,"") -> -2.954271 | I41: =IF(8>=4,('Testes estatísticos'!$D$27+'Testes estatísticos'!$D$31)/2,"") -> -2.9508005 | J41: =IF(9>=4,('Testes estatísticos'!$D$27+'Testes estatísticos'!$D$32)/2,"") -> -3.0554095 | K41: =IF(10>=4,('Testes estatísticos'!$D$27+'Testes estatísticos'!$D$33)/2,"") -> -2.995695 | L41: =IF(11>=4,('Testes estatísticos'!$D$27+'Testes estatísticos'!$D$34)/2,"") -> -2.266433 | M41: =IF(12>=4,('Testes estatísticos'!$D$27+'Testes estatísticos'!$D$35)/2,"") -> -3.579979 | N41: =IF(13>=4,('Testes estatísticos'!$D$27+'Testes estatísticos'!$D$36)/2,"") -> -3.9223735 | O41: =IF(14>=4,('Testes estatísticos'!$D$27+'Testes estatísticos'!$D$37)/2,"") -> -2.818753 | P41: =IF(15>=4,('Testes estatísticos'!$D$27+'Testes estatísticos'!$D$38)/2,"") -> -2.9842925 | Q41: =IF(16>=4,('Testes estatísticos'!$D$27+'Testes estatísticos'!$D$39)/2,"") -> -0.1677465 | R41: =IF(17>=4,('Testes estatísticos'!$D$27+'Testes estatísticos'!$D$40)/2,"") -> -2.9092445 | S41: =IF(18>=4,('Testes estatísticos'!$D$27+'Testes estatísticos'!$D$41)/2,"") -> -0.6413 | T41: =IF(19>=4,('Testes estatísticos'!$D$27+'Testes estatísticos'!$D$42)/2,"") -> -2.919861 | U41: =IF(20>=4,('Testes estatísticos'!$D$27+'Testes estatísticos'!$D$43)/2,"") -> -2.9070015
B42: =IF(1>=5,('Testes estatísticos'!$D$28+'Testes estatísticos'!$D$24)/2,"") | C42: =IF(2>=5,('Testes estatísticos'!$D$28+'Testes estatísticos'!$D$25)/2,"") | D42: =IF(3>=5,('Testes estatísticos'!$D$28+'Testes estatísticos'!$D$26)/2,"") | E42: =IF(4>=5,('Testes estatísticos'!$D$28+'Testes estatísticos'!$D$27)/2,"") | F42: =IF(5>=5,('Testes estatísticos'!$D$28+'Testes estatísticos'!$D$28)/2,"") -> -3.953892 | G42: =IF(6>=5,('Testes estatísticos'!$D$28+'Testes estatísticos'!$D$29)/2,"") -> -3.3907115 | H42: =IF(7>=5,('Testes estatísticos'!$D$28+'Testes estatísticos'!$D$30)/2,"") -> -3.0771485 | I42: =IF(8>=5,('Testes estatísticos'!$D$28+'Testes estatísticos'!$D$31)/2,"") -> -3.073678 | J42: =IF(9>=5,('Testes estatísticos'!$D$28+'Testes estatísticos'!$D$32)/2,"") -> -3.178287 | K42: =IF(10>=5,('Testes estatísticos'!$D$28+'Testes estatísticos'!$D$33)/2,"") -> -3.1185725 | L42: =IF(11>=5,('Testes estatísticos'!$D$28+'Testes estatísticos'!$D$34)/2,"") -> -2.3893105 | M42: =IF(12>=5,('Testes estatísticos'!$D$28+'Testes estatísticos'!$D$35)/2,"") -> -3.7028565 | N42: =IF(13>=5,('Testes estatísticos'!$D$28+'Testes estatísticos'!$D$36)/2,"") -> -4.045251 | O42: =IF(14>=5,('Testes estatísticos'!$D$28+'Testes estatísticos'!$D$37)/2,"") -> -2.9416305 | P42: =IF(15>=5,('Testes estatísticos'!$D$28+'Testes estatísticos'!$D$38)/2,"") -> -3.10717 | Q42: =IF(16>=5,('Testes estatísticos'!$D$28+'Testes estatísticos'!$D$39)/2,"") -> -0.290624 | R42: =IF(17>=5,('Testes estatísticos'!$D$28+'Testes estatísticos'!$D$40)/2,"") -> -3.032122 | S42: =IF(18>=5,('Testes estatísticos'!$D$28+'Testes estatísticos'!$D$41)/2,"") -> -0.7641775 | T42: =IF(19>=5,('Testes estatísticos'!$D$28+'Testes estatísticos'!$D$42)/2,"") -> -3.0427385 | U42: =IF(20>=5,('Testes estatísticos'!$D$28+'Testes estatísticos'!$D$43)/2,"") -> -3.029879
B43: =IF(1>=6,('Testes estatísticos'!$D$29+'Testes estatísticos'!$D$24)/2,"") | C43: =IF(2>=6,('Testes estatísticos'!$D$29+'Testes estatísticos'!$D$25)/2,"") | D43: =IF(3>=6,('Testes estatísticos'!$D$29+'Testes estatísticos'!$D$26)/2,"") | E43: =IF(4>=6,('Testes estatísticos'!$D$29+'Testes estatísticos'!$D$27)/2,"") | F43: =IF(5>=6,('Testes estatísticos'!$D$29+'Testes estatísticos'!$D$28)/2,"") | G43: =IF(6>=6,('Testes estatísticos'!$D$29+'Testes estatísticos'!$D$29)/2,"") -> -2.827531 | H43: =IF(7>=6,('Testes estatísticos'!$D$29+'Testes estatísticos'!$D$30)/2,"") -> -2.513968 | I43: =IF(8>=6,('Testes estatísticos'!$D$29+'Testes estatísticos'!$D$31)/2,"") -> -2.5104975 | J43: =IF(9>=6,('Testes estatísticos'!$D$29+'Testes estatísticos'!$D$32)/2,"") -> -2.6151065 | K43: =IF(10>=6,('Testes estatísticos'!$D$29+'Testes estatísticos'!$D$33)/2,"") -> -2.555392 | L43: =IF(11>=6,('Testes estatísticos'!$D$29+'Testes estatísticos'!$D$34)/2,"") -> -1.82613 | M43: =IF(12>=6,('Testes estatísticos'!$D$29+'Testes estatísticos'!$D$35)/2,"") -> -3.139676 | N43: =IF(13>=6,('Testes estatísticos'!$D$29+'Testes estatísticos'!$D$36)/2,"") -> -3.4820705 | O43: =IF(14>=6,('Testes estatísticos'!$D$29+'Testes estatísticos'!$D$37)/2,"") -> -2.37845 | P43: =IF(15>=6,('Testes estatísticos'!$D$29+'Testes estatísticos'!$D$38)/2,"") -> -2.5439895 | Q43: =IF(16>=6,('Testes estatísticos'!$D$29+'Testes estatísticos'!$D$39)/2,"") -> 0.2725565 | R43: =IF(17>=6,('Testes estatísticos'!$D$29+'Testes estatísticos'!$D$40)/2,"") -> -2.4689415 | S43: =IF(18>=6,('Testes estatísticos'!$D$29+'Testes estatísticos'!$D$41)/2,"") -> -0.200997 | T43: =IF(19>=6,('Testes estatísticos'!$D$29+'Testes estatísticos'!$D$42)/2,"") -> -2.479558 | U43: =IF(20>=6,('Testes estatísticos'!$D$29+'Testes estatísticos'!$D$43)/2,"") -> -2.4666985
B44: =IF(1>=7,('Testes estatísticos'!$D$30+'Testes estatísticos'!$D$24)/2,"") | C44: =IF(2>=7,('Testes estatísticos'!$D$30+'Testes estatísticos'!$D$25)/2,"") | D44: =IF(3>=7,('Testes estatísticos'!$D$30+'Testes estatísticos'!$D$26)/2,"") | E44: =IF(4>=7,('Testes estatísticos'!$D$30+'Testes estatísticos'!$D$27)/2,"") | F44: =IF(5>=7,('Testes estatísticos'!$D$30+'Testes estatísticos'!$D$28)/2,"") | G44: =IF(6>=7,('Testes estatísticos'!$D$30+'Testes estatísticos'!$D$29)/2,"") | H44: =IF(7>=7,('Testes estatísticos'!$D$30+'Testes estatísticos'!$D$30)/2,"") -> -2.200405 | I44: =IF(8>=7,('Testes estatísticos'!$D$30+'Testes estatísticos'!$D$31)/2,"") -> -2.1969345 | J44: =IF(9>=7,('Testes estatísticos'!$D$30+'Testes estatísticos'!$D$32)/2,"") -> -2.3015435 | K44: =IF(10>=7,('Testes estatísticos'!$D$30+'Testes estatísticos'!$D$33)/2,"") -> -2.241829 | L44: =IF(11>=7,('Testes estatísticos'!$D$30+'Testes estatísticos'!$D$34)/2,"") -> -1.512567 | M44: =IF(12>=7,('Testes estatísticos'!$D$30+'Testes estatísticos'!$D$35)/2,"") -> -2.826113 | N44: =IF(13>=7,('Testes estatísticos'!$D$30+'Testes estatísticos'!$D$36)/2,"") -> -3.1685075 | O44: =IF(14>=7,('Testes estatísticos'!$D$30+'Testes estatísticos'!$D$37)/2,"") -> -2.064887 | P44: =IF(15>=7,('Testes estatísticos'!$D$30+'Testes estatísticos'!$D$38)/2,"") -> -2.2304265 | Q44: =IF(16>=7,('Testes estatísticos'!$D$30+'Testes estatísticos'!$D$39)/2,"") -> 0.5861195 | R44: =IF(17>=7,('Testes estatísticos'!$D$30+'Testes estatísticos'!$D$40)/2,"") -> -2.1553785 | S44: =IF(18>=7,('Testes estatísticos'!$D$30+'Testes estatísticos'!$D$41)/2,"") -> 0.112566 | T44: =IF(19>=7,('Testes estatísticos'!$D$30+'Testes estatísticos'!$D$42)/2,"") -> -2.165995 | U44: =IF(20>=7,('Testes estatísticos'!$D$30+'Testes estatísticos'!$D$43)/2,"") -> -2.1531355
B45: =IF(1>=8,('Testes estatísticos'!$D$31+'Testes estatísticos'!$D$24)/2,"") | C45: =IF(2>=8,('Testes estatísticos'!$D$31+'Testes estatísticos'!$D$25)/2,"") | D45: =IF(3>=8,('Testes estatísticos'!$D$31+'Testes estatísticos'!$D$26)/2,"") | E45: =IF(4>=8,('Testes estatísticos'!$D$31+'Testes estatísticos'!$D$27)/2,"") | F45: =IF(5>=8,('Testes estatísticos'!$D$31+'Testes estatísticos'!$D$28)/2,"") | G45: =IF(6>=8,('Testes estatísticos'!$D$31+'Testes estatísticos'!$D$29)/2,"") | H45: =IF(7>=8,('Testes estatísticos'!$D$31+'Testes estatísticos'!$D$30)/2,"") | I45: =IF(8>=8,('Testes estatísticos'!$D$31+'Testes estatísticos'!$D$31)/2,"") -> -2.193464 | J45: =IF(9>=8,('Testes estatísticos'!$D$31+'Testes estatísticos'!$D$32)/2,"") -> -2.298073 | K45: =IF(10>=8,('Testes estatísticos'!$D$31+'Testes estatísticos'!$D$33)/2,"") -> -2.2383585 | L45: =IF(11>=8,('Testes estatísticos'!$D$31+'Testes estatísticos'!$D$34)/2,"") -> -1.5090965 | M45: =IF(12>=8,('Testes estatísticos'!$D$31+'Testes estatísticos'!$D$35)/2,"") -> -2.8226425 | N45: =IF(13>=8,('Testes estatísticos'!$D$31+'Testes estatísticos'!$D$36)/2,"") -> -3.165037 | O45: =IF(14>=8,('Testes estatísticos'!$D$31+'Testes estatísticos'!$D$37)/2,"") -> -2.0614165 | P45: =IF(15>=8,('Testes estatísticos'!$D$31+'Testes estatísticos'!$D$38)/2,"") -> -2.226956 | Q45: =IF(16>=8,('Testes estatísticos'!$D$31+'Testes estatísticos'!$D$39)/2,"") -> 0.58959 | R45: =IF(17>=8,('Testes estatísticos'!$D$31+'Testes estatísticos'!$D$40)/2,"") -> -2.151908 | S45: =IF(18>=8,('Testes estatísticos'!$D$31+'Testes estatísticos'!$D$41)/2,"") -> 0.1160365 | T45: =IF(19>=8,('Testes estatísticos'!$D$31+'Testes estatísticos'!$D$42)/2,"") -> -2.1625245 | U45: =IF(20>=8,('Testes estatísticos'!$D$31+'Testes estatísticos'!$D$43)/2,"") -> -2.149665
B46: =IF(1>=9,('Testes estatísticos'!$D$32+'Testes estatísticos'!$D$24)/2,"") | C46: =IF(2>=9,('Testes estatísticos'!$D$32+'Testes estatísticos'!$D$25)/2,"") | D46: =IF(3>=9,('Testes estatísticos'!$D$32+'Testes estatísticos'!$D$26)/2,"") | E46: =IF(4>=9,('Testes estatísticos'!$D$32+'Testes estatísticos'!$D$27)/2,"") | F46: =IF(5>=9,('Testes estatísticos'!$D$32+'Testes estatísticos'!$D$28)/2,"") | G46: =IF(6>=9,('Testes estatísticos'!$D$32+'Testes estatísticos'!$D$29)/2,"") | H46: =IF(7>=9,('Testes estatísticos'!$D$32+'Testes estatísticos'!$D$30)/2,"") | I46: =IF(8>=9,('Testes estatísticos'!$D$32+'Testes estatísticos'!$D$31)/2,"") | J46: =IF(9>=9,('Testes estatísticos'!$D$32+'Testes estatísticos'!$D$32)/2,"") -> -2.402682 | K46: =IF(10>=9,('Testes estatísticos'!$D$32+'Testes estatísticos'!$D$33)/2,"") -> -2.3429675 | L46: =IF(11>=9,('Testes estatísticos'!$D$32+'Testes estatísticos'!$D$34)/2,"") -> -1.6137055 | M46: =IF(12>=9,('Testes estatísticos'!$D$32+'Testes estatísticos'!$D$35)/2,"") -> -2.9272515 | N46: =IF(13>=9,('Testes estatísticos'!$D$32+'Testes estatísticos'!$D$36)/2,"") -> -3.269646 | O46: =IF(14>=9,('Testes estatísticos'!$D$32+'Testes estatísticos'!$D$37)/2,"") -> -2.1660255 | P46: =IF(15>=9,('Testes estatísticos'!$D$32+'Testes estatísticos'!$D$38)/2,"") -> -2.331565 | Q46: =IF(16>=9,('Testes estatísticos'!$D$32+'Testes estatísticos'!$D$39)/2,"") -> 0.484981 | R46: =IF(17>=9,('Testes estatísticos'!$D$32+'Testes estatísticos'!$D$40)/2,"") -> -2.256517 | S46: =IF(18>=9,('Testes estatísticos'!$D$32+'Testes estatísticos'!$D$41)/2,"") -> 0.0114275 | T46: =IF(19>=9,('Testes estatísticos'!$D$32+'Testes estatísticos'!$D$42)/2,"") -> -2.2671335 | U46: =IF(20>=9,('Testes estatísticos'!$D$32+'Testes estatísticos'!$D$43)/2,"") -> -2.254274
B47: =IF(1>=10,('Testes estatísticos'!$D$33+'Testes estatísticos'!$D$24)/2,"") | C47: =IF(2>=10,('Testes estatísticos'!$D$33+'Testes estatísticos'!$D$25)/2,"") | D47: =IF(3>=10,('Testes estatísticos'!$D$33+'Testes estatísticos'!$D$26)/2,"") | E47: =IF(4>=10,('Testes estatísticos'!$D$33+'Testes estatísticos'!$D$27)/2,"") | F47: =IF(5>=10,('Testes estatísticos'!$D$33+'Testes estatísticos'!$D$28)/2,"") | G47: =IF(6>=10,('Testes estatísticos'!$D$33+'Testes estatísticos'!$D$29)/2,"") | H47: =IF(7>=10,('Testes estatísticos'!$D$33+'Testes estatísticos'!$D$30)/2,"") | I47: =IF(8>=10,('Testes estatísticos'!$D$33+'Testes estatísticos'!$D$31)/2,"") | J47: =IF(9>=10,('Testes estatísticos'!$D$33+'Testes estatísticos'!$D$32)/2,"") | K47: =IF(10>=10,('Testes estatísticos'!$D$33+'Testes estatísticos'!$D$33)/2,"") -> -2.283253 | L47: =IF(11>=10,('Testes estatísticos'!$D$33+'Testes estatísticos'!$D$34)/2,"") -> -1.553991 | M47: =IF(12>=10,('Testes estatísticos'!$D$33+'Testes estatísticos'!$D$35)/2,"") -> -2.867537 | N47: =IF(13>=10,('Testes estatísticos'!$D$33+'Testes estatísticos'!$D$36)/2,"") -> -3.2099315 | O47: =IF(14>=10,('Testes estatísticos'!$D$33+'Testes estatísticos'!$D$37)/2,"") -> -2.106311 | P47: =IF(15>=10,('Testes estatísticos'!$D$33+'Testes estatísticos'!$D$38)/2,"") -> -2.2718505 | Q47: =IF(16>=10,('Testes estatísticos'!$D$33+'Testes estatísticos'!$D$39)/2,"") -> 0.5446955 | R47: =IF(17>=10,('Testes estatísticos'!$D$33+'Testes estatísticos'!$D$40)/2,"") -> -2.1968025 | S47: =IF(18>=10,('Testes estatísticos'!$D$33+'Testes estatísticos'!$D$41)/2,"") -> 0.071142 | T47: =IF(19>=10,('Testes estatísticos'!$D$33+'Testes estatísticos'!$D$42)/2,"") -> -2.207419 | U47: =IF(20>=10,('Testes estatísticos'!$D$33+'Testes estatísticos'!$D$43)/2,"") -> -2.1945595
B48: =IF(1>=11,('Testes estatísticos'!$D$34+'Testes estatísticos'!$D$24)/2,"") | C48: =IF(2>=11,('Testes estatísticos'!$D$34+'Testes estatísticos'!$D$25)/2,"") | D48: =IF(3>=11,('Testes estatísticos'!$D$34+'Testes estatísticos'!$D$26)/2,"") | E48: =IF(4>=11,('Testes estatísticos'!$D$34+'Testes estatísticos'!$D$27)/2,"") | F48: =IF(5>=11,('Testes estatísticos'!$D$34+'Testes estatísticos'!$D$28)/2,"") | G48: =IF(6>=11,('Testes estatísticos'!$D$34+'Testes estatísticos'!$D$29)/2,"") | H48: =IF(7>=11,('Testes estatísticos'!$D$34+'Testes estatísticos'!$D$30)/2,"") | I48: =IF(8>=11,('Testes estatísticos'!$D$34+'Testes estatísticos'!$D$31)/2,"") | J48: =IF(9>=11,('Testes estatísticos'!$D$34+'Testes estatísticos'!$D$32)/2,"") | K48: =IF(10>=11,('Testes estatísticos'!$D$34+'Testes estatísticos'!$D$33)/2,"") | L48: =IF(11>=11,('Testes estatísticos'!$D$34+'Testes estatísticos'!$D$34)/2,"") -> -0.824729 | M48: =IF(12>=11,('Testes estatísticos'!$D$34+'Testes estatísticos'!$D$35)/2,"") -> -2.138275 | N48: =IF(13>=11,('Testes estatísticos'!$D$34+'Testes estatísticos'!$D$36)/2,"") -> -2.4806695 | O48: =IF(14>=11,('Testes estatísticos'!$D$34+'Testes estatísticos'!$D$37)/2,"") -> -1.377049 | P48: =IF(15>=11,('Testes estatísticos'!$D$34+'Testes estatísticos'!$D$38)/2,"") -> -1.5425885 | Q48: =IF(16>=11,('Testes estatísticos'!$D$34+'Testes estatísticos'!$D$39)/2,"") -> 1.2739575 | R48: =IF(17>=11,('Testes estatísticos'!$D$34+'Testes estatísticos'!$D$40)/2,"") -> -1.4675405 | S48: =IF(18>=11,('Testes estatísticos'!$D$34+'Testes estatísticos'!$D$41)/2,"") -> 0.800404 | T48: =IF(19>=11,('Testes estatísticos'!$D$34+'Testes estatísticos'!$D$42)/2,"") -> -1.478157 | U48: =IF(20>=11,('Testes estatísticos'!$D$34+'Testes estatísticos'!$D$43)/2,"") -> -1.4652975
B49: =IF(1>=12,('Testes estatísticos'!$D$35+'Testes estatísticos'!$D$24)/2,"") | C49: =IF(2>=12,('Testes estatísticos'!$D$35+'Testes estatísticos'!$D$25)/2,"") | D49: =IF(3>=12,('Testes estatísticos'!$D$35+'Testes estatísticos'!$D$26)/2,"") | E49: =IF(4>=12,('Testes estatísticos'!$D$35+'Testes estatísticos'!$D$27)/2,"") | F49: =IF(5>=12,('Testes estatísticos'!$D$35+'Testes estatísticos'!$D$28)/2,"") | G49: =IF(6>=12,('Testes estatísticos'!$D$35+'Testes estatísticos'!$D$29)/2,"") | H49: =IF(7>=12,('Testes estatísticos'!$D$35+'Testes estatísticos'!$D$30)/2,"") | I49: =IF(8>=12,('Testes estatísticos'!$D$35+'Testes estatísticos'!$D$31)/2,"") | J49: =IF(9>=12,('Testes estatísticos'!$D$35+'Testes estatísticos'!$D$32)/2,"") | K49: =IF(10>=12,('Testes estatísticos'!$D$35+'Testes estatísticos'!$D$33)/2,"") | L49: =IF(11>=12,('Testes estatísticos'!$D$35+'Testes estatísticos'!$D$34)/2,"") | M49: =IF(12>=12,('Testes estatísticos'!$D$35+'Testes estatísticos'!$D$35)/2,"") -> -3.451821 | N49: =IF(13>=12,('Testes estatísticos'!$D$35+'Testes estatísticos'!$D$36)/2,"") -> -3.7942155 | O49: =IF(14>=12,('Testes estatísticos'!$D$35+'Testes estatísticos'!$D$37)/2,"") -> -2.690595 | P49: =IF(15>=12,('Testes estatísticos'!$D$35+'Testes estatísticos'!$D$38)/2,"") -> -2.8561345 | Q49: =IF(16>=12,('Testes estatísticos'!$D$35+'Testes estatísticos'!$D$39)/2,"") -> -0.0395885 | R49: =IF(17>=12,('Testes estatísticos'!$D$35+'Testes estatísticos'!$D$40)/2,"") -> -2.7810865 | S49: =IF(18>=12,('Testes estatísticos'!$D$35+'Testes estatísticos'!$D$41)/2,"") -> -0.513142 | T49: =IF(19>=12,('Testes estatísticos'!$D$35+'Testes estatísticos'!$D$42)/2,"") -> -2.791703 | U49: =IF(20>=12,('Testes estatísticos'!$D$35+'Testes estatísticos'!$D$43)/2,"") -> -2.7788435
B50: =IF(1>=13,('Testes estatísticos'!$D$36+'Testes estatísticos'!$D$24)/2,"") | C50: =IF(2>=13,('Testes estatísticos'!$D$36+'Testes estatísticos'!$D$25)/2,"") | D50: =IF(3>=13,('Testes estatísticos'!$D$36+'Testes estatísticos'!$D$26)/2,"") | E50: =IF(4>=13,('Testes estatísticos'!$D$36+'Testes estatísticos'!$D$27)/2,"") | F50: =IF(5>=13,('Testes estatísticos'!$D$36+'Testes estatísticos'!$D$28)/2,"") | G50: =IF(6>=13,('Testes estatísticos'!$D$36+'Testes estatísticos'!$D$29)/2,"") | H50: =IF(7>=13,('Testes estatísticos'!$D$36+'Testes estatísticos'!$D$30)/2,"") | I50: =IF(8>=13,('Testes estatísticos'!$D$36+'Testes estatísticos'!$D$31)/2,"") | J50: =IF(9>=13,('Testes estatísticos'!$D$36+'Testes estatísticos'!$D$32)/2,"") | K50: =IF(10>=13,('Testes estatísticos'!$D$36+'Testes estatísticos'!$D$33)/2,"") | L50: =IF(11>=13,('Testes estatísticos'!$D$36+'Testes estatísticos'!$D$34)/2,"") | M50: =IF(12>=13,('Testes estatísticos'!$D$36+'Testes estatísticos'!$D$35)/2,"") | N50: =IF(13>=13,('Testes estatísticos'!$D$36+'Testes estatísticos'!$D$36)/2,"") -> -4.13661 | O50: =IF(14>=13,('Testes estatísticos'!$D$36+'Testes estatísticos'!$D$37)/2,"") -> -3.0329895 | P50: =IF(15>=13,('Testes estatísticos'!$D$36+'Testes estatísticos'!$D$38)/2,"") -> -3.198529 | Q50: =IF(16>=13,('Testes estatísticos'!$D$36+'Testes estatísticos'!$D$39)/2,"") -> -0.381983 | R50: =IF(17>=13,('Testes estatísticos'!$D$36+'Testes estatísticos'!$D$40)/2,"") -> -3.123481 | S50: =IF(18>=13,('Testes estatísticos'!$D$36+'Testes estatísticos'!$D$41)/2,"") -> -0.8555365 | T50: =IF(19>=13,('Testes estatísticos'!$D$36+'Testes estatísticos'!$D$42)/2,"") -> -3.1340975 | U50: =IF(20>=13,('Testes estatísticos'!$D$36+'Testes estatísticos'!$D$43)/2,"") -> -3.121238
B51: =IF(1>=14,('Testes estatísticos'!$D$37+'Testes estatísticos'!$D$24)/2,"") | C51: =IF(2>=14,('Testes estatísticos'!$D$37+'Testes estatísticos'!$D$25)/2,"") | D51: =IF(3>=14,('Testes estatísticos'!$D$37+'Testes estatísticos'!$D$26)/2,"") | E51: =IF(4>=14,('Testes estatísticos'!$D$37+'Testes estatísticos'!$D$27)/2,"") | F51: =IF(5>=14,('Testes estatísticos'!$D$37+'Testes estatísticos'!$D$28)/2,"") | G51: =IF(6>=14,('Testes estatísticos'!$D$37+'Testes estatísticos'!$D$29)/2,"") | H51: =IF(7>=14,('Testes estatísticos'!$D$37+'Testes estatísticos'!$D$30)/2,"") | I51: =IF(8>=14,('Testes estatísticos'!$D$37+'Testes estatísticos'!$D$31)/2,"") | J51: =IF(9>=14,('Testes estatísticos'!$D$37+'Testes estatísticos'!$D$32)/2,"") | K51: =IF(10>=14,('Testes estatísticos'!$D$37+'Testes estatísticos'!$D$33)/2,"") | L51: =IF(11>=14,('Testes estatísticos'!$D$37+'Testes estatísticos'!$D$34)/2,"") | M51: =IF(12>=14,('Testes estatísticos'!$D$37+'Testes estatísticos'!$D$35)/2,"") | N51: =IF(13>=14,('Testes estatísticos'!$D$37+'Testes estatísticos'!$D$36)/2,"") | O51: =IF(14>=14,('Testes estatísticos'!$D$37+'Testes estatísticos'!$D$37)/2,"") -> -1.929369 | P51: =IF(15>=14,('Testes estatísticos'!$D$37+'Testes estatísticos'!$D$38)/2,"") -> -2.0949085 | Q51: =IF(16>=14,('Testes estatísticos'!$D$37+'Testes estatísticos'!$D$39)/2,"") -> 0.7216375 | R51: =IF(17>=14,('Testes estatísticos'!$D$37+'Testes estatísticos'!$D$40)/2,"") -> -2.0198605 | S51: =IF(18>=14,('Testes estatísticos'!$D$37+'Testes estatísticos'!$D$41)/2,"") -> 0.248084 | T51: =IF(19>=14,('Testes estatísticos'!$D$37+'Testes estatísticos'!$D$42)/2,"") -> -2.030477 | U51: =IF(20>=14,('Testes estatísticos'!$D$37+'Testes estatísticos'!$D$43)/2,"") -> -2.0176175
B52: =IF(1>=15,('Testes estatísticos'!$D$38+'Testes estatísticos'!$D$24)/2,"") | C52: =IF(2>=15,('Testes estatísticos'!$D$38+'Testes estatísticos'!$D$25)/2,"") | D52: =IF(3>=15,('Testes estatísticos'!$D$38+'Testes estatísticos'!$D$26)/2,"") | E52: =IF(4>=15,('Testes estatísticos'!$D$38+'Testes estatísticos'!$D$27)/2,"") | F52: =IF(5>=15,('Testes estatísticos'!$D$38+'Testes estatísticos'!$D$28)/2,"") | G52: =IF(6>=15,('Testes estatísticos'!$D$38+'Testes estatísticos'!$D$29)/2,"") | H52: =IF(7>=15,('Testes estatísticos'!$D$38+'Testes estatísticos'!$D$30)/2,"") | I52: =IF(8>=15,('Testes estatísticos'!$D$38+'Testes estatísticos'!$D$31)/2,"") | J52: =IF(9>=15,('Testes estatísticos'!$D$38+'Testes estatísticos'!$D$32)/2,"") | K52: =IF(10>=15,('Testes estatísticos'!$D$38+'Testes estatísticos'!$D$33)/2,"") | L52: =IF(11>=15,('Testes estatísticos'!$D$38+'Testes estatísticos'!$D$34)/2,"") | M52: =IF(12>=15,('Testes estatísticos'!$D$38+'Testes estatísticos'!$D$35)/2,"") | N52: =IF(13>=15,('Testes estatísticos'!$D$38+'Testes estatísticos'!$D$36)/2,"") | O52: =IF(14>=15,('Testes estatísticos'!$D$38+'Testes estatísticos'!$D$37)/2,"") | P52: =IF(15>=15,('Testes estatísticos'!$D$38+'Testes estatísticos'!$D$38)/2,"") -> -2.260448 | Q52: =IF(16>=15,('Testes estatísticos'!$D$38+'Testes estatísticos'!$D$39)/2,"") -> 0.556098 | R52: =IF(17>=15,('Testes estatísticos'!$D$38+'Testes estatísticos'!$D$40)/2,"") -> -2.1854 | S52: =IF(18>=15,('Testes estatísticos'!$D$38+'Testes estatísticos'!$D$41)/2,"") -> 0.0825445 | T52: =IF(19>=15,('Testes estatísticos'!$D$38+'Testes estatísticos'!$D$42)/2,"") -> -2.1960165 | U52: =IF(20>=15,('Testes estatísticos'!$D$38+'Testes estatísticos'!$D$43)/2,"") -> -2.183157
B53: =IF(1>=16,('Testes estatísticos'!$D$39+'Testes estatísticos'!$D$24)/2,"") | C53: =IF(2>=16,('Testes estatísticos'!$D$39+'Testes estatísticos'!$D$25)/2,"") | D53: =IF(3>=16,('Testes estatísticos'!$D$39+'Testes estatísticos'!$D$26)/2,"") | E53: =IF(4>=16,('Testes estatísticos'!$D$39+'Testes estatísticos'!$D$27)/2,"") | F53: =IF(5>=16,('Testes estatísticos'!$D$39+'Testes estatísticos'!$D$28)/2,"") | G53: =IF(6>=16,('Testes estatísticos'!$D$39+'Testes estatísticos'!$D$29)/2,"") | H53: =IF(7>=16,('Testes estatísticos'!$D$39+'Testes estatísticos'!$D$30)/2,"") | I53: =IF(8>=16,('Testes estatísticos'!$D$39+'Testes estatísticos'!$D$31)/2,"") | J53: =IF(9>=16,('Testes estatísticos'!$D$39+'Testes estatísticos'!$D$32)/2,"") | K53: =IF(10>=16,('Testes estatísticos'!$D$39+'Testes estatísticos'!$D$33)/2,"") | L53: =IF(11>=16,('Testes estatísticos'!$D$39+'Testes estatísticos'!$D$34)/2,"") | M53: =IF(12>=16,('Testes estatísticos'!$D$39+'Testes estatísticos'!$D$35)/2,"") | N53: =IF(13>=16,('Testes estatísticos'!$D$39+'Testes estatísticos'!$D$36)/2,"") | O53: =IF(14>=16,('Testes estatísticos'!$D$39+'Testes estatísticos'!$D$37)/2,"") | P53: =IF(15>=16,('Testes estatísticos'!$D$39+'Testes estatísticos'!$D$38)/2,"") | Q53: =IF(16>=16,('Testes estatísticos'!$D$39+'Testes estatísticos'!$D$39)/2,"") -> 3.372644 | R53: =IF(17>=16,('Testes estatísticos'!$D$39+'Testes estatísticos'!$D$40)/2,"") -> 0.631146 | S53: =IF(18>=16,('Testes estatísticos'!$D$39+'Testes estatísticos'!$D$41)/2,"") -> 2.8990905 | T53: =IF(19>=16,('Testes estatísticos'!$D$39+'Testes estatísticos'!$D$42)/2,"") -> 0.6205295 | U53: =IF(20>=16,('Testes estatísticos'!$D$39+'Testes estatísticos'!$D$43)/2,"") -> 0.633389
B54: =IF(1>=17,('Testes estatísticos'!$D$40+'Testes estatísticos'!$D$24)/2,"") | C54: =IF(2>=17,('Testes estatísticos'!$D$40+'Testes estatísticos'!$D$25)/2,"") | D54: =IF(3>=17,('Testes estatísticos'!$D$40+'Testes estatísticos'!$D$26)/2,"") | E54: =IF(4>=17,('Testes estatísticos'!$D$40+'Testes estatísticos'!$D$27)/2,"") | F54: =IF(5>=17,('Testes estatísticos'!$D$40+'Testes estatísticos'!$D$28)/2,"") | G54: =IF(6>=17,('Testes estatísticos'!$D$40+'Testes estatísticos'!$D$29)/2,"") | H54: =IF(7>=17,('Testes estatísticos'!$D$40+'Testes estatísticos'!$D$30)/2,"") | I54: =IF(8>=17,('Testes estatísticos'!$D$40+'Testes estatísticos'!$D$31)/2,"") | J54: =IF(9>=17,('Testes estatísticos'!$D$40+'Testes estatísticos'!$D$32)/2,"") | K54: =IF(10>=17,('Testes estatísticos'!$D$40+'Testes estatísticos'!$D$33)/2,"") | L54: =IF(11>=17,('Testes estatísticos'!$D$40+'Testes estatísticos'!$D$34)/2,"") | M54: =IF(12>=17,('Testes estatísticos'!$D$40+'Testes estatísticos'!$D$35)/2,"") | N54: =IF(13>=17,('Testes estatísticos'!$D$40+'Testes estatísticos'!$D$36)/2,"") | O54: =IF(14>=17,('Testes estatísticos'!$D$40+'Testes estatísticos'!$D$37)/2,"") | P54: =IF(15>=17,('Testes estatísticos'!$D$40+'Testes estatísticos'!$D$38)/2,"") | Q54: =IF(16>=17,('Testes estatísticos'!$D$40+'Testes estatísticos'!$D$39)/2,"") | R54: =IF(17>=17,('Testes estatísticos'!$D$40+'Testes estatísticos'!$D$40)/2,"") -> -2.110352 | S54: =IF(18>=17,('Testes estatísticos'!$D$40+'Testes estatísticos'!$D$41)/2,"") -> 0.1575925 | T54: =IF(19>=17,('Testes estatísticos'!$D$40+'Testes estatísticos'!$D$42)/2,"") -> -2.1209685 | U54: =IF(20>=17,('Testes estatísticos'!$D$40+'Testes estatísticos'!$D$43)/2,"") -> -2.108109
B55: =IF(1>=18,('Testes estatísticos'!$D$41+'Testes estatísticos'!$D$24)/2,"") | C55: =IF(2>=18,('Testes estatísticos'!$D$41+'Testes estatísticos'!$D$25)/2,"") | D55: =IF(3>=18,('Testes estatísticos'!$D$41+'Testes estatísticos'!$D$26)/2,"") | E55: =IF(4>=18,('Testes estatísticos'!$D$41+'Testes estatísticos'!$D$27)/2,"") | F55: =IF(5>=18,('Testes estatísticos'!$D$41+'Testes estatísticos'!$D$28)/2,"") | G55: =IF(6>=18,('Testes estatísticos'!$D$41+'Testes estatísticos'!$D$29)/2,"") | H55: =IF(7>=18,('Testes estatísticos'!$D$41+'Testes estatísticos'!$D$30)/2,"") | I55: =IF(8>=18,('Testes estatísticos'!$D$41+'Testes estatísticos'!$D$31)/2,"") | J55: =IF(9>=18,('Testes estatísticos'!$D$41+'Testes estatísticos'!$D$32)/2,"") | K55: =IF(10>=18,('Testes estatísticos'!$D$41+'Testes estatísticos'!$D$33)/2,"") | L55: =IF(11>=18,('Testes estatísticos'!$D$41+'Testes estatísticos'!$D$34)/2,"") | M55: =IF(12>=18,('Testes estatísticos'!$D$41+'Testes estatísticos'!$D$35)/2,"") | N55: =IF(13>=18,('Testes estatísticos'!$D$41+'Testes estatísticos'!$D$36)/2,"") | O55: =IF(14>=18,('Testes estatísticos'!$D$41+'Testes estatísticos'!$D$37)/2,"") | P55: =IF(15>=18,('Testes estatísticos'!$D$41+'Testes estatísticos'!$D$38)/2,"") | Q55: =IF(16>=18,('Testes estatísticos'!$D$41+'Testes estatísticos'!$D$39)/2,"") | R55: =IF(17>=18,('Testes estatísticos'!$D$41+'Testes estatísticos'!$D$40)/2,"") | S55: =IF(18>=18,('Testes estatísticos'!$D$41+'Testes estatísticos'!$D$41)/2,"") -> 2.425537 | T55: =IF(19>=18,('Testes estatísticos'!$D$41+'Testes estatísticos'!$D$42)/2,"") -> 0.146976 | U55: =IF(20>=18,('Testes estatísticos'!$D$41+'Testes estatísticos'!$D$43)/2,"") -> 0.1598355
B56: =IF(1>=19,('Testes estatísticos'!$D$42+'Testes estatísticos'!$D$24)/2,"") | C56: =IF(2>=19,('Testes estatísticos'!$D$42+'Testes estatísticos'!$D$25)/2,"") | D56: =IF(3>=19,('Testes estatísticos'!$D$42+'Testes estatísticos'!$D$26)/2,"") | E56: =IF(4>=19,('Testes estatísticos'!$D$42+'Testes estatísticos'!$D$27)/2,"") | F56: =IF(5>=19,('Testes estatísticos'!$D$42+'Testes estatísticos'!$D$28)/2,"") | G56: =IF(6>=19,('Testes estatísticos'!$D$42+'Testes estatísticos'!$D$29)/2,"") | H56: =IF(7>=19,('Testes estatísticos'!$D$42+'Testes estatísticos'!$D$30)/2,"") | I56: =IF(8>=19,('Testes estatísticos'!$D$42+'Testes estatísticos'!$D$31)/2,"") | J56: =IF(9>=19,('Testes estatísticos'!$D$42+'Testes estatísticos'!$D$32)/2,"") | K56: =IF(10>=19,('Testes estatísticos'!$D$42+'Testes estatísticos'!$D$33)/2,"") | L56: =IF(11>=19,('Testes estatísticos'!$D$42+'Testes estatísticos'!$D$34)/2,"") | M56: =IF(12>=19,('Testes estatísticos'!$D$42+'Testes estatísticos'!$D$35)/2,"") | N56: =IF(13>=19,('Testes estatísticos'!$D$42+'Testes estatísticos'!$D$36)/2,"") | O56: =IF(14>=19,('Testes estatísticos'!$D$42+'Testes estatísticos'!$D$37)/2,"") | P56: =IF(15>=19,('Testes estatísticos'!$D$42+'Testes estatísticos'!$D$38)/2,"") | Q56: =IF(16>=19,('Testes estatísticos'!$D$42+'Testes estatísticos'!$D$39)/2,"") | R56: =IF(17>=19,('Testes estatísticos'!$D$42+'Testes estatísticos'!$D$40)/2,"") | S56: =IF(18>=19,('Testes estatísticos'!$D$42+'Testes estatísticos'!$D$41)/2,"") | T56: =IF(19>=19,('Testes estatísticos'!$D$42+'Testes estatísticos'!$D$42)/2,"") -> -2.131585 | U56: =IF(20>=19,('Testes estatísticos'!$D$42+'Testes estatísticos'!$D$43)/2,"") -> -2.1187255
B57: =IF(1>=20,('Testes estatísticos'!$D$43+'Testes estatísticos'!$D$24)/2,"") | C57: =IF(2>=20,('Testes estatísticos'!$D$43+'Testes estatísticos'!$D$25)/2,"") | D57: =IF(3>=20,('Testes estatísticos'!$D$43+'Testes estatísticos'!$D$26)/2,"") | E57: =IF(4>=20,('Testes estatísticos'!$D$43+'Testes estatísticos'!$D$27)/2,"") | F57: =IF(5>=20,('Testes estatísticos'!$D$43+'Testes estatísticos'!$D$28)/2,"") | G57: =IF(6>=20,('Testes estatísticos'!$D$43+'Testes estatísticos'!$D$29)/2,"") | H57: =IF(7>=20,('Testes estatísticos'!$D$43+'Testes estatísticos'!$D$30)/2,"") | I57: =IF(8>=20,('Testes estatísticos'!$D$43+'Testes estatísticos'!$D$31)/2,"") | J57: =IF(9>=20,('Testes estatísticos'!$D$43+'Testes estatísticos'!$D$32)/2,"") | K57: =IF(10>=20,('Testes estatísticos'!$D$43+'Testes estatísticos'!$D$33)/2,"") | L57: =IF(11>=20,('Testes estatísticos'!$D$43+'Testes estatísticos'!$D$34)/2,"") | M57: =IF(12>=20,('Testes estatísticos'!$D$43+'Testes estatísticos'!$D$35)/2,"") | N57: =IF(13>=20,('Testes estatísticos'!$D$43+'Testes estatísticos'!$D$36)/2,"") | O57: =IF(14>=20,('Testes estatísticos'!$D$43+'Testes estatísticos'!$D$37)/2,"") | P57: =IF(15>=20,('Testes estatísticos'!$D$43+'Testes estatísticos'!$D$38)/2,"") | Q57: =IF(16>=20,('Testes estatísticos'!$D$43+'Testes estatísticos'!$D$39)/2,"") | R57: =IF(17>=20,('Testes estatísticos'!$D$43+'Testes estatísticos'!$D$40)/2,"") | S57: =IF(18>=20,('Testes estatísticos'!$D$43+'Testes estatísticos'!$D$41)/2,"") | T57: =IF(19>=20,('Testes estatísticos'!$D$43+'Testes estatísticos'!$D$42)/2,"") | U57: =IF(20>=20,('Testes estatísticos'!$D$43+'Testes estatísticos'!$D$43)/2,"") -> -2.105866
A60: Médias de Walsh — R08 (n = 17)
B61: =IF(1>=1,('Testes estatísticos'!$D$44+'Testes estatísticos'!$D$44)/2,"") -> -4.379854 | C61: =IF(2>=1,('Testes estatísticos'!$D$44+'Testes estatísticos'!$D$45)/2,"") -> -0.4049275 | D61: =IF(3>=1,('Testes estatísticos'!$D$44+'Testes estatísticos'!$D$46)/2,"") -> -2.910867 | E61: =IF(4>=1,('Testes estatísticos'!$D$44+'Testes estatísticos'!$D$47)/2,"") -> -1.768508 | F61: =IF(5>=1,('Testes estatísticos'!$D$44+'Testes estatísticos'!$D$48)/2,"") -> -2.817422 | G61: =IF(6>=1,('Testes estatísticos'!$D$44+'Testes estatísticos'!$D$49)/2,"") -> -3.348545 | H61: =IF(7>=1,('Testes estatísticos'!$D$44+'Testes estatísticos'!$D$50)/2,"") -> -2.5194665 | I61: =IF(8>=1,('Testes estatísticos'!$D$44+'Testes estatísticos'!$D$51)/2,"") -> -5.5506625 | J61: =IF(9>=1,('Testes estatísticos'!$D$44+'Testes estatísticos'!$D$52)/2,"") -> -0.4804895 | K61: =IF(10>=1,('Testes estatísticos'!$D$44+'Testes estatísticos'!$D$53)/2,"") -> -4.9165205 | L61: =IF(11>=1,('Testes estatísticos'!$D$44+'Testes estatísticos'!$D$54)/2,"") -> -3.65673 | M61: =IF(12>=1,('Testes estatísticos'!$D$44+'Testes estatísticos'!$D$55)/2,"") -> -2.0315655 | N61: =IF(13>=1,('Testes estatísticos'!$D$44+'Testes estatísticos'!$D$56)/2,"") -> -1.987096 | O61: =IF(14>=1,('Testes estatísticos'!$D$44+'Testes estatísticos'!$D$57)/2,"") -> -5.395312 | P61: =IF(15>=1,('Testes estatísticos'!$D$44+'Testes estatísticos'!$D$58)/2,"") -> -1.9865495 | Q61: =IF(16>=1,('Testes estatísticos'!$D$44+'Testes estatísticos'!$D$59)/2,"") -> -2.906192 | R61: =IF(17>=1,('Testes estatísticos'!$D$44+'Testes estatísticos'!$D$60)/2,"") -> 0.189479
B62: =IF(1>=2,('Testes estatísticos'!$D$45+'Testes estatísticos'!$D$44)/2,"") | C62: =IF(2>=2,('Testes estatísticos'!$D$45+'Testes estatísticos'!$D$45)/2,"") -> 3.569999 | D62: =IF(3>=2,('Testes estatísticos'!$D$45+'Testes estatísticos'!$D$46)/2,"") -> 1.0640595 | E62: =IF(4>=2,('Testes estatísticos'!$D$45+'Testes estatísticos'!$D$47)/2,"") -> 2.2064185 | F62: =IF(5>=2,('Testes estatísticos'!$D$45+'Testes estatísticos'!$D$48)/2,"") -> 1.1575045 | G62: =IF(6>=2,('Testes estatísticos'!$D$45+'Testes estatísticos'!$D$49)/2,"") -> 0.6263815 | H62: =IF(7>=2,('Testes estatísticos'!$D$45+'Testes estatísticos'!$D$50)/2,"") -> 1.45546 | I62: =IF(8>=2,('Testes estatísticos'!$D$45+'Testes estatísticos'!$D$51)/2,"") -> -1.575736 | J62: =IF(9>=2,('Testes estatísticos'!$D$45+'Testes estatísticos'!$D$52)/2,"") -> 3.494437 | K62: =IF(10>=2,('Testes estatísticos'!$D$45+'Testes estatísticos'!$D$53)/2,"") -> -0.941594 | L62: =IF(11>=2,('Testes estatísticos'!$D$45+'Testes estatísticos'!$D$54)/2,"") -> 0.3181965 | M62: =IF(12>=2,('Testes estatísticos'!$D$45+'Testes estatísticos'!$D$55)/2,"") -> 1.943361 | N62: =IF(13>=2,('Testes estatísticos'!$D$45+'Testes estatísticos'!$D$56)/2,"") -> 1.9878305 | O62: =IF(14>=2,('Testes estatísticos'!$D$45+'Testes estatísticos'!$D$57)/2,"") -> -1.4203855 | P62: =IF(15>=2,('Testes estatísticos'!$D$45+'Testes estatísticos'!$D$58)/2,"") -> 1.988377 | Q62: =IF(16>=2,('Testes estatísticos'!$D$45+'Testes estatísticos'!$D$59)/2,"") -> 1.0687345 | R62: =IF(17>=2,('Testes estatísticos'!$D$45+'Testes estatísticos'!$D$60)/2,"") -> 4.1644055
B63: =IF(1>=3,('Testes estatísticos'!$D$46+'Testes estatísticos'!$D$44)/2,"") | C63: =IF(2>=3,('Testes estatísticos'!$D$46+'Testes estatísticos'!$D$45)/2,"") | D63: =IF(3>=3,('Testes estatísticos'!$D$46+'Testes estatísticos'!$D$46)/2,"") -> -1.44188 | E63: =IF(4>=3,('Testes estatísticos'!$D$46+'Testes estatísticos'!$D$47)/2,"") -> -0.299521 | F63: =IF(5>=3,('Testes estatísticos'!$D$46+'Testes estatísticos'!$D$48)/2,"") -> -1.348435 | G63: =IF(6>=3,('Testes estatísticos'!$D$46+'Testes estatísticos'!$D$49)/2,"") -> -1.879558 | H63: =IF(7>=3,('Testes estatísticos'!$D$46+'Testes estatísticos'!$D$50)/2,"") -> -1.0504795 | I63: =IF(8>=3,('Testes estatísticos'!$D$46+'Testes estatísticos'!$D$51)/2,"") -> -4.0816755 | J63: =IF(9>=3,('Testes estatísticos'!$D$46+'Testes estatísticos'!$D$52)/2,"") -> 0.9884975 | K63: =IF(10>=3,('Testes estatísticos'!$D$46+'Testes estatísticos'!$D$53)/2,"") -> -3.4475335 | L63: =IF(11>=3,('Testes estatísticos'!$D$46+'Testes estatísticos'!$D$54)/2,"") -> -2.187743 | M63: =IF(12>=3,('Testes estatísticos'!$D$46+'Testes estatísticos'!$D$55)/2,"") -> -0.5625785 | N63: =IF(13>=3,('Testes estatísticos'!$D$46+'Testes estatísticos'!$D$56)/2,"") -> -0.518109 | O63: =IF(14>=3,('Testes estatísticos'!$D$46+'Testes estatísticos'!$D$57)/2,"") -> -3.926325 | P63: =IF(15>=3,('Testes estatísticos'!$D$46+'Testes estatísticos'!$D$58)/2,"") -> -0.5175625 | Q63: =IF(16>=3,('Testes estatísticos'!$D$46+'Testes estatísticos'!$D$59)/2,"") -> -1.437205 | R63: =IF(17>=3,('Testes estatísticos'!$D$46+'Testes estatísticos'!$D$60)/2,"") -> 1.658466
B64: =IF(1>=4,('Testes estatísticos'!$D$47+'Testes estatísticos'!$D$44)/2,"") | C64: =IF(2>=4,('Testes estatísticos'!$D$47+'Testes estatísticos'!$D$45)/2,"") | D64: =IF(3>=4,('Testes estatísticos'!$D$47+'Testes estatísticos'!$D$46)/2,"") | E64: =IF(4>=4,('Testes estatísticos'!$D$47+'Testes estatísticos'!$D$47)/2,"") -> 0.842838 | F64: =IF(5>=4,('Testes estatísticos'!$D$47+'Testes estatísticos'!$D$48)/2,"") -> -0.206076 | G64: =IF(6>=4,('Testes estatísticos'!$D$47+'Testes estatísticos'!$D$49)/2,"") -> -0.737199 | H64: =IF(7>=4,('Testes estatísticos'!$D$47+'Testes estatísticos'!$D$50)/2,"") -> 0.0918795 | I64: =IF(8>=4,('Testes estatísticos'!$D$47+'Testes estatísticos'!$D$51)/2,"") -> -2.9393165 | J64: =IF(9>=4,('Testes estatísticos'!$D$47+'Testes estatísticos'!$D$52)/2,"") -> 2.1308565 | K64: =IF(10>=4,('Testes estatísticos'!$D$47+'Testes estatísticos'!$D$53)/2,"") -> -2.3051745 | L64: =IF(11>=4,('Testes estatísticos'!$D$47+'Testes estatísticos'!$D$54)/2,"") -> -1.045384 | M64: =IF(12>=4,('Testes estatísticos'!$D$47+'Testes estatísticos'!$D$55)/2,"") -> 0.5797805 | N64: =IF(13>=4,('Testes estatísticos'!$D$47+'Testes estatísticos'!$D$56)/2,"") -> 0.62425 | O64: =IF(14>=4,('Testes estatísticos'!$D$47+'Testes estatísticos'!$D$57)/2,"") -> -2.783966 | P64: =IF(15>=4,('Testes estatísticos'!$D$47+'Testes estatísticos'!$D$58)/2,"") -> 0.6247965 | Q64: =IF(16>=4,('Testes estatísticos'!$D$47+'Testes estatísticos'!$D$59)/2,"") -> -0.294846 | R64: =IF(17>=4,('Testes estatísticos'!$D$47+'Testes estatísticos'!$D$60)/2,"") -> 2.800825
B65: =IF(1>=5,('Testes estatísticos'!$D$48+'Testes estatísticos'!$D$44)/2,"") | C65: =IF(2>=5,('Testes estatísticos'!$D$48+'Testes estatísticos'!$D$45)/2,"") | D65: =IF(3>=5,('Testes estatísticos'!$D$48+'Testes estatísticos'!$D$46)/2,"") | E65: =IF(4>=5,('Testes estatísticos'!$D$48+'Testes estatísticos'!$D$47)/2,"") | F65: =IF(5>=5,('Testes estatísticos'!$D$48+'Testes estatísticos'!$D$48)/2,"") -> -1.25499 | G65: =IF(6>=5,('Testes estatísticos'!$D$48+'Testes estatísticos'!$D$49)/2,"") -> -1.786113 | H65: =IF(7>=5,('Testes estatísticos'!$D$48+'Testes estatísticos'!$D$50)/2,"") -> -0.9570345 | I65: =IF(8>=5,('Testes estatísticos'!$D$48+'Testes estatísticos'!$D$51)/2,"") -> -3.9882305 | J65: =IF(9>=5,('Testes estatísticos'!$D$48+'Testes estatísticos'!$D$52)/2,"") -> 1.0819425 | K65: =IF(10>=5,('Testes estatísticos'!$D$48+'Testes estatísticos'!$D$53)/2,"") -> -3.3540885 | L65: =IF(11>=5,('Testes estatísticos'!$D$48+'Testes estatísticos'!$D$54)/2,"") -> -2.094298 | M65: =IF(12>=5,('Testes estatísticos'!$D$48+'Testes estatísticos'!$D$55)/2,"") -> -0.4691335 | N65: =IF(13>=5,('Testes estatísticos'!$D$48+'Testes estatísticos'!$D$56)/2,"") -> -0.424664 | O65: =IF(14>=5,('Testes estatísticos'!$D$48+'Testes estatísticos'!$D$57)/2,"") -> -3.83288 | P65: =IF(15>=5,('Testes estatísticos'!$D$48+'Testes estatísticos'!$D$58)/2,"") -> -0.4241175 | Q65: =IF(16>=5,('Testes estatísticos'!$D$48+'Testes estatísticos'!$D$59)/2,"") -> -1.34376 | R65: =IF(17>=5,('Testes estatísticos'!$D$48+'Testes estatísticos'!$D$60)/2,"") -> 1.751911
B66: =IF(1>=6,('Testes estatísticos'!$D$49+'Testes estatísticos'!$D$44)/2,"") | C66: =IF(2>=6,('Testes estatísticos'!$D$49+'Testes estatísticos'!$D$45)/2,"") | D66: =IF(3>=6,('Testes estatísticos'!$D$49+'Testes estatísticos'!$D$46)/2,"") | E66: =IF(4>=6,('Testes estatísticos'!$D$49+'Testes estatísticos'!$D$47)/2,"") | F66: =IF(5>=6,('Testes estatísticos'!$D$49+'Testes estatísticos'!$D$48)/2,"") | G66: =IF(6>=6,('Testes estatísticos'!$D$49+'Testes estatísticos'!$D$49)/2,"") -> -2.317236 | H66: =IF(7>=6,('Testes estatísticos'!$D$49+'Testes estatísticos'!$D$50)/2,"") -> -1.4881575 | I66: =IF(8>=6,('Testes estatísticos'!$D$49+'Testes estatísticos'!$D$51)/2,"") -> -4.5193535 | J66: =IF(9>=6,('Testes estatísticos'!$D$49+'Testes estatísticos'!$D$52)/2,"") -> 0.5508195 | K66: =IF(10>=6,('Testes estatísticos'!$D$49+'Testes estatísticos'!$D$53)/2,"") -> -3.8852115 | L66: =IF(11>=6,('Testes estatísticos'!$D$49+'Testes estatísticos'!$D$54)/2,"") -> -2.625421 | M66: =IF(12>=6,('Testes estatísticos'!$D$49+'Testes estatísticos'!$D$55)/2,"") -> -1.0002565 | N66: =IF(13>=6,('Testes estatísticos'!$D$49+'Testes estatísticos'!$D$56)/2,"") -> -0.955787 | O66: =IF(14>=6,('Testes estatísticos'!$D$49+'Testes estatísticos'!$D$57)/2,"") -> -4.364003 | P66: =IF(15>=6,('Testes estatísticos'!$D$49+'Testes estatísticos'!$D$58)/2,"") -> -0.9552405 | Q66: =IF(16>=6,('Testes estatísticos'!$D$49+'Testes estatísticos'!$D$59)/2,"") -> -1.874883 | R66: =IF(17>=6,('Testes estatísticos'!$D$49+'Testes estatísticos'!$D$60)/2,"") -> 1.220788
B67: =IF(1>=7,('Testes estatísticos'!$D$50+'Testes estatísticos'!$D$44)/2,"") | C67: =IF(2>=7,('Testes estatísticos'!$D$50+'Testes estatísticos'!$D$45)/2,"") | D67: =IF(3>=7,('Testes estatísticos'!$D$50+'Testes estatísticos'!$D$46)/2,"") | E67: =IF(4>=7,('Testes estatísticos'!$D$50+'Testes estatísticos'!$D$47)/2,"") | F67: =IF(5>=7,('Testes estatísticos'!$D$50+'Testes estatísticos'!$D$48)/2,"") | G67: =IF(6>=7,('Testes estatísticos'!$D$50+'Testes estatísticos'!$D$49)/2,"") | H67: =IF(7>=7,('Testes estatísticos'!$D$50+'Testes estatísticos'!$D$50)/2,"") -> -0.659079 | I67: =IF(8>=7,('Testes estatísticos'!$D$50+'Testes estatísticos'!$D$51)/2,"") -> -3.690275 | J67: =IF(9>=7,('Testes estatísticos'!$D$50+'Testes estatísticos'!$D$52)/2,"") -> 1.379898 | K67: =IF(10>=7,('Testes estatísticos'!$D$50+'Testes estatísticos'!$D$53)/2,"") -> -3.056133 | L67: =IF(11>=7,('Testes estatísticos'!$D$50+'Testes estatísticos'!$D$54)/2,"") -> -1.7963425 | M67: =IF(12>=7,('Testes estatísticos'!$D$50+'Testes estatísticos'!$D$55)/2,"") -> -0.171178 | N67: =IF(13>=7,('Testes estatísticos'!$D$50+'Testes estatísticos'!$D$56)/2,"") -> -0.1267085 | O67: =IF(14>=7,('Testes estatísticos'!$D$50+'Testes estatísticos'!$D$57)/2,"") -> -3.5349245 | P67: =IF(15>=7,('Testes estatísticos'!$D$50+'Testes estatísticos'!$D$58)/2,"") -> -0.126162 | Q67: =IF(16>=7,('Testes estatísticos'!$D$50+'Testes estatísticos'!$D$59)/2,"") -> -1.0458045 | R67: =IF(17>=7,('Testes estatísticos'!$D$50+'Testes estatísticos'!$D$60)/2,"") -> 2.0498665
B68: =IF(1>=8,('Testes estatísticos'!$D$51+'Testes estatísticos'!$D$44)/2,"") | C68: =IF(2>=8,('Testes estatísticos'!$D$51+'Testes estatísticos'!$D$45)/2,"") | D68: =IF(3>=8,('Testes estatísticos'!$D$51+'Testes estatísticos'!$D$46)/2,"") | E68: =IF(4>=8,('Testes estatísticos'!$D$51+'Testes estatísticos'!$D$47)/2,"") | F68: =IF(5>=8,('Testes estatísticos'!$D$51+'Testes estatísticos'!$D$48)/2,"") | G68: =IF(6>=8,('Testes estatísticos'!$D$51+'Testes estatísticos'!$D$49)/2,"") | H68: =IF(7>=8,('Testes estatísticos'!$D$51+'Testes estatísticos'!$D$50)/2,"") | I68: =IF(8>=8,('Testes estatísticos'!$D$51+'Testes estatísticos'!$D$51)/2,"") -> -6.721471 | J68: =IF(9>=8,('Testes estatísticos'!$D$51+'Testes estatísticos'!$D$52)/2,"") -> -1.651298 | K68: =IF(10>=8,('Testes estatísticos'!$D$51+'Testes estatísticos'!$D$53)/2,"") -> -6.087329 | L68: =IF(11>=8,('Testes estatísticos'!$D$51+'Testes estatísticos'!$D$54)/2,"") -> -4.8275385 | M68: =IF(12>=8,('Testes estatísticos'!$D$51+'Testes estatísticos'!$D$55)/2,"") -> -3.202374 | N68: =IF(13>=8,('Testes estatísticos'!$D$51+'Testes estatísticos'!$D$56)/2,"") -> -3.1579045 | O68: =IF(14>=8,('Testes estatísticos'!$D$51+'Testes estatísticos'!$D$57)/2,"") -> -6.5661205 | P68: =IF(15>=8,('Testes estatísticos'!$D$51+'Testes estatísticos'!$D$58)/2,"") -> -3.157358 | Q68: =IF(16>=8,('Testes estatísticos'!$D$51+'Testes estatísticos'!$D$59)/2,"") -> -4.0770005 | R68: =IF(17>=8,('Testes estatísticos'!$D$51+'Testes estatísticos'!$D$60)/2,"") -> -0.9813295
B69: =IF(1>=9,('Testes estatísticos'!$D$52+'Testes estatísticos'!$D$44)/2,"") | C69: =IF(2>=9,('Testes estatísticos'!$D$52+'Testes estatísticos'!$D$45)/2,"") | D69: =IF(3>=9,('Testes estatísticos'!$D$52+'Testes estatísticos'!$D$46)/2,"") | E69: =IF(4>=9,('Testes estatísticos'!$D$52+'Testes estatísticos'!$D$47)/2,"") | F69: =IF(5>=9,('Testes estatísticos'!$D$52+'Testes estatísticos'!$D$48)/2,"") | G69: =IF(6>=9,('Testes estatísticos'!$D$52+'Testes estatísticos'!$D$49)/2,"") | H69: =IF(7>=9,('Testes estatísticos'!$D$52+'Testes estatísticos'!$D$50)/2,"") | I69: =IF(8>=9,('Testes estatísticos'!$D$52+'Testes estatísticos'!$D$51)/2,"") | J69: =IF(9>=9,('Testes estatísticos'!$D$52+'Testes estatísticos'!$D$52)/2,"") -> 3.418875 | K69: =IF(10>=9,('Testes estatísticos'!$D$52+'Testes estatísticos'!$D$53)/2,"") -> -1.017156 | L69: =IF(11>=9,('Testes estatísticos'!$D$52+'Testes estatísticos'!$D$54)/2,"") -> 0.2426345 | M69: =IF(12>=9,('Testes estatísticos'!$D$52+'Testes estatísticos'!$D$55)/2,"") -> 1.867799 | N69: =IF(13>=9,('Testes estatísticos'!$D$52+'Testes estatísticos'!$D$56)/2,"") -> 1.9122685 | O69: =IF(14>=9,('Testes estatísticos'!$D$52+'Testes estatísticos'!$D$57)/2,"") -> -1.4959475 | P69: =IF(15>=9,('Testes estatísticos'!$D$52+'Testes estatísticos'!$D$58)/2,"") -> 1.912815 | Q69: =IF(16>=9,('Testes estatísticos'!$D$52+'Testes estatísticos'!$D$59)/2,"") -> 0.9931725 | R69: =IF(17>=9,('Testes estatísticos'!$D$52+'Testes estatísticos'!$D$60)/2,"") -> 4.0888435
B70: =IF(1>=10,('Testes estatísticos'!$D$53+'Testes estatísticos'!$D$44)/2,"") | C70: =IF(2>=10,('Testes estatísticos'!$D$53+'Testes estatísticos'!$D$45)/2,"") | D70: =IF(3>=10,('Testes estatísticos'!$D$53+'Testes estatísticos'!$D$46)/2,"") | E70: =IF(4>=10,('Testes estatísticos'!$D$53+'Testes estatísticos'!$D$47)/2,"") | F70: =IF(5>=10,('Testes estatísticos'!$D$53+'Testes estatísticos'!$D$48)/2,"") | G70: =IF(6>=10,('Testes estatísticos'!$D$53+'Testes estatísticos'!$D$49)/2,"") | H70: =IF(7>=10,('Testes estatísticos'!$D$53+'Testes estatísticos'!$D$50)/2,"") | I70: =IF(8>=10,('Testes estatísticos'!$D$53+'Testes estatísticos'!$D$51)/2,"") | J70: =IF(9>=10,('Testes estatísticos'!$D$53+'Testes estatísticos'!$D$52)/2,"") | K70: =IF(10>=10,('Testes estatísticos'!$D$53+'Testes estatísticos'!$D$53)/2,"") -> -5.453187 | L70: =IF(11>=10,('Testes estatísticos'!$D$53+'Testes estatísticos'!$D$54)/2,"") -> -4.1933965 | M70: =IF(12>=10,('Testes estatísticos'!$D$53+'Testes estatísticos'!$D$55)/2,"") -> -2.568232 | N70: =IF(13>=10,('Testes estatísticos'!$D$53+'Testes estatísticos'!$D$56)/2,"") -> -2.5237625 | O70: =IF(14>=10,('Testes estatísticos'!$D$53+'Testes estatísticos'!$D$57)/2,"") -> -5.9319785 | P70: =IF(15>=10,('Testes estatísticos'!$D$53+'Testes estatísticos'!$D$58)/2,"") -> -2.523216 | Q70: =IF(16>=10,('Testes estatísticos'!$D$53+'Testes estatísticos'!$D$59)/2,"") -> -3.4428585 | R70: =IF(17>=10,('Testes estatísticos'!$D$53+'Testes estatísticos'!$D$60)/2,"") -> -0.3471875
B71: =IF(1>=11,('Testes estatísticos'!$D$54+'Testes estatísticos'!$D$44)/2,"") | C71: =IF(2>=11,('Testes estatísticos'!$D$54+'Testes estatísticos'!$D$45)/2,"") | D71: =IF(3>=11,('Testes estatísticos'!$D$54+'Testes estatísticos'!$D$46)/2,"") | E71: =IF(4>=11,('Testes estatísticos'!$D$54+'Testes estatísticos'!$D$47)/2,"") | F71: =IF(5>=11,('Testes estatísticos'!$D$54+'Testes estatísticos'!$D$48)/2,"") | G71: =IF(6>=11,('Testes estatísticos'!$D$54+'Testes estatísticos'!$D$49)/2,"") | H71: =IF(7>=11,('Testes estatísticos'!$D$54+'Testes estatísticos'!$D$50)/2,"") | I71: =IF(8>=11,('Testes estatísticos'!$D$54+'Testes estatísticos'!$D$51)/2,"") | J71: =IF(9>=11,('Testes estatísticos'!$D$54+'Testes estatísticos'!$D$52)/2,"") | K71: =IF(10>=11,('Testes estatísticos'!$D$54+'Testes estatísticos'!$D$53)/2,"") | L71: =IF(11>=11,('Testes estatísticos'!$D$54+'Testes estatísticos'!$D$54)/2,"") -> -2.933606 | M71: =IF(12>=11,('Testes estatísticos'!$D$54+'Testes estatísticos'!$D$55)/2,"") -> -1.3084415 | N71: =IF(13>=11,('Testes estatísticos'!$D$54+'Testes estatísticos'!$D$56)/2,"") -> -1.263972 | O71: =IF(14>=11,('Testes estatísticos'!$D$54+'Testes estatísticos'!$D$57)/2,"") -> -4.672188 | P71: =IF(15>=11,('Testes estatísticos'!$D$54+'Testes estatísticos'!$D$58)/2,"") -> -1.2634255 | Q71: =IF(16>=11,('Testes estatísticos'!$D$54+'Testes estatísticos'!$D$59)/2,"") -> -2.183068 | R71: =IF(17>=11,('Testes estatísticos'!$D$54+'Testes estatísticos'!$D$60)/2,"") -> 0.912603
B72: =IF(1>=12,('Testes estatísticos'!$D$55+'Testes estatísticos'!$D$44)/2,"") | C72: =IF(2>=12,('Testes estatísticos'!$D$55+'Testes estatísticos'!$D$45)/2,"") | D72: =IF(3>=12,('Testes estatísticos'!$D$55+'Testes estatísticos'!$D$46)/2,"") | E72: =IF(4>=12,('Testes estatísticos'!$D$55+'Testes estatísticos'!$D$47)/2,"") | F72: =IF(5>=12,('Testes estatísticos'!$D$55+'Testes estatísticos'!$D$48)/2,"") | G72: =IF(6>=12,('Testes estatísticos'!$D$55+'Testes estatísticos'!$D$49)/2,"") | H72: =IF(7>=12,('Testes estatísticos'!$D$55+'Testes estatísticos'!$D$50)/2,"") | I72: =IF(8>=12,('Testes estatísticos'!$D$55+'Testes estatísticos'!$D$51)/2,"") | J72: =IF(9>=12,('Testes estatísticos'!$D$55+'Testes estatísticos'!$D$52)/2,"") | K72: =IF(10>=12,('Testes estatísticos'!$D$55+'Testes estatísticos'!$D$53)/2,"") | L72: =IF(11>=12,('Testes estatísticos'!$D$55+'Testes estatísticos'!$D$54)/2,"") | M72: =IF(12>=12,('Testes estatísticos'!$D$55+'Testes estatísticos'!$D$55)/2,"") -> 0.316723 | N72: =IF(13>=12,('Testes estatísticos'!$D$55+'Testes estatísticos'!$D$56)/2,"") -> 0.3611925 | O72: =IF(14>=12,('Testes estatísticos'!$D$55+'Testes estatísticos'!$D$57)/2,"") -> -3.0470235 | P72: =IF(15>=12,('Testes estatísticos'!$D$55+'Testes estatísticos'!$D$58)/2,"") -> 0.361739 | Q72: =IF(16>=12,('Testes estatísticos'!$D$55+'Testes estatísticos'!$D$59)/2,"") -> -0.5579035 | R72: =IF(17>=12,('Testes estatísticos'!$D$55+'Testes estatísticos'!$D$60)/2,"") -> 2.5377675
B73: =IF(1>=13,('Testes estatísticos'!$D$56+'Testes estatísticos'!$D$44)/2,"") | C73: =IF(2>=13,('Testes estatísticos'!$D$56+'Testes estatísticos'!$D$45)/2,"") | D73: =IF(3>=13,('Testes estatísticos'!$D$56+'Testes estatísticos'!$D$46)/2,"") | E73: =IF(4>=13,('Testes estatísticos'!$D$56+'Testes estatísticos'!$D$47)/2,"") | F73: =IF(5>=13,('Testes estatísticos'!$D$56+'Testes estatísticos'!$D$48)/2,"") | G73: =IF(6>=13,('Testes estatísticos'!$D$56+'Testes estatísticos'!$D$49)/2,"") | H73: =IF(7>=13,('Testes estatísticos'!$D$56+'Testes estatísticos'!$D$50)/2,"") | I73: =IF(8>=13,('Testes estatísticos'!$D$56+'Testes estatísticos'!$D$51)/2,"") | J73: =IF(9>=13,('Testes estatísticos'!$D$56+'Testes estatísticos'!$D$52)/2,"") | K73: =IF(10>=13,('Testes estatísticos'!$D$56+'Testes estatísticos'!$D$53)/2,"") | L73: =IF(11>=13,('Testes estatísticos'!$D$56+'Testes estatísticos'!$D$54)/2,"") | M73: =IF(12>=13,('Testes estatísticos'!$D$56+'Testes estatísticos'!$D$55)/2,"") | N73: =IF(13>=13,('Testes estatísticos'!$D$56+'Testes estatísticos'!$D$56)/2,"") -> 0.405662 | O73: =IF(14>=13,('Testes estatísticos'!$D$56+'Testes estatísticos'!$D$57)/2,"") -> -3.002554 | P73: =IF(15>=13,('Testes estatísticos'!$D$56+'Testes estatísticos'!$D$58)/2,"") -> 0.4062085 | Q73: =IF(16>=13,('Testes estatísticos'!$D$56+'Testes estatísticos'!$D$59)/2,"") -> -0.513434 | R73: =IF(17>=13,('Testes estatísticos'!$D$56+'Testes estatísticos'!$D$60)/2,"") -> 2.582237
B74: =IF(1>=14,('Testes estatísticos'!$D$57+'Testes estatísticos'!$D$44)/2,"") | C74: =IF(2>=14,('Testes estatísticos'!$D$57+'Testes estatísticos'!$D$45)/2,"") | D74: =IF(3>=14,('Testes estatísticos'!$D$57+'Testes estatísticos'!$D$46)/2,"") | E74: =IF(4>=14,('Testes estatísticos'!$D$57+'Testes estatísticos'!$D$47)/2,"") | F74: =IF(5>=14,('Testes estatísticos'!$D$57+'Testes estatísticos'!$D$48)/2,"") | G74: =IF(6>=14,('Testes estatísticos'!$D$57+'Testes estatísticos'!$D$49)/2,"") | H74: =IF(7>=14,('Testes estatísticos'!$D$57+'Testes estatísticos'!$D$50)/2,"") | I74: =IF(8>=14,('Testes estatísticos'!$D$57+'Testes estatísticos'!$D$51)/2,"") | J74: =IF(9>=14,('Testes estatísticos'!$D$57+'Testes estatísticos'!$D$52)/2,"") | K74: =IF(10>=14,('Testes estatísticos'!$D$57+'Testes estatísticos'!$D$53)/2,"") | L74: =IF(11>=14,('Testes estatísticos'!$D$57+'Testes estatísticos'!$D$54)/2,"") | M74: =IF(12>=14,('Testes estatísticos'!$D$57+'Testes estatísticos'!$D$55)/2,"") | N74: =IF(13>=14,('Testes estatísticos'!$D$57+'Testes estatísticos'!$D$56)/2,"") | O74: =IF(14>=14,('Testes estatísticos'!$D$57+'Testes estatísticos'!$D$57)/2,"") -> -6.41077 | P74: =IF(15>=14,('Testes estatísticos'!$D$57+'Testes estatísticos'!$D$58)/2,"") -> -3.0020075 | Q74: =IF(16>=14,('Testes estatísticos'!$D$57+'Testes estatísticos'!$D$59)/2,"") -> -3.92165 | R74: =IF(17>=14,('Testes estatísticos'!$D$57+'Testes estatísticos'!$D$60)/2,"") -> -0.825979
B75: =IF(1>=15,('Testes estatísticos'!$D$58+'Testes estatísticos'!$D$44)/2,"") | C75: =IF(2>=15,('Testes estatísticos'!$D$58+'Testes estatísticos'!$D$45)/2,"") | D75: =IF(3>=15,('Testes estatísticos'!$D$58+'Testes estatísticos'!$D$46)/2,"") | E75: =IF(4>=15,('Testes estatísticos'!$D$58+'Testes estatísticos'!$D$47)/2,"") | F75: =IF(5>=15,('Testes estatísticos'!$D$58+'Testes estatísticos'!$D$48)/2,"") | G75: =IF(6>=15,('Testes estatísticos'!$D$58+'Testes estatísticos'!$D$49)/2,"") | H75: =IF(7>=15,('Testes estatísticos'!$D$58+'Testes estatísticos'!$D$50)/2,"") | I75: =IF(8>=15,('Testes estatísticos'!$D$58+'Testes estatísticos'!$D$51)/2,"") | J75: =IF(9>=15,('Testes estatísticos'!$D$58+'Testes estatísticos'!$D$52)/2,"") | K75: =IF(10>=15,('Testes estatísticos'!$D$58+'Testes estatísticos'!$D$53)/2,"") | L75: =IF(11>=15,('Testes estatísticos'!$D$58+'Testes estatísticos'!$D$54)/2,"") | M75: =IF(12>=15,('Testes estatísticos'!$D$58+'Testes estatísticos'!$D$55)/2,"") | N75: =IF(13>=15,('Testes estatísticos'!$D$58+'Testes estatísticos'!$D$56)/2,"") | O75: =IF(14>=15,('Testes estatísticos'!$D$58+'Testes estatísticos'!$D$57)/2,"") | P75: =IF(15>=15,('Testes estatísticos'!$D$58+'Testes estatísticos'!$D$58)/2,"") -> 0.406755 | Q75: =IF(16>=15,('Testes estatísticos'!$D$58+'Testes estatísticos'!$D$59)/2,"") -> -0.5128875 | R75: =IF(17>=15,('Testes estatísticos'!$D$58+'Testes estatísticos'!$D$60)/2,"") -> 2.5827835
B76: =IF(1>=16,('Testes estatísticos'!$D$59+'Testes estatísticos'!$D$44)/2,"") | C76: =IF(2>=16,('Testes estatísticos'!$D$59+'Testes estatísticos'!$D$45)/2,"") | D76: =IF(3>=16,('Testes estatísticos'!$D$59+'Testes estatísticos'!$D$46)/2,"") | E76: =IF(4>=16,('Testes estatísticos'!$D$59+'Testes estatísticos'!$D$47)/2,"") | F76: =IF(5>=16,('Testes estatísticos'!$D$59+'Testes estatísticos'!$D$48)/2,"") | G76: =IF(6>=16,('Testes estatísticos'!$D$59+'Testes estatísticos'!$D$49)/2,"") | H76: =IF(7>=16,('Testes estatísticos'!$D$59+'Testes estatísticos'!$D$50)/2,"") | I76: =IF(8>=16,('Testes estatísticos'!$D$59+'Testes estatísticos'!$D$51)/2,"") | J76: =IF(9>=16,('Testes estatísticos'!$D$59+'Testes estatísticos'!$D$52)/2,"") | K76: =IF(10>=16,('Testes estatísticos'!$D$59+'Testes estatísticos'!$D$53)/2,"") | L76: =IF(11>=16,('Testes estatísticos'!$D$59+'Testes estatísticos'!$D$54)/2,"") | M76: =IF(12>=16,('Testes estatísticos'!$D$59+'Testes estatísticos'!$D$55)/2,"") | N76: =IF(13>=16,('Testes estatísticos'!$D$59+'Testes estatísticos'!$D$56)/2,"") | O76: =IF(14>=16,('Testes estatísticos'!$D$59+'Testes estatísticos'!$D$57)/2,"") | P76: =IF(15>=16,('Testes estatísticos'!$D$59+'Testes estatísticos'!$D$58)/2,"") | Q76: =IF(16>=16,('Testes estatísticos'!$D$59+'Testes estatísticos'!$D$59)/2,"") -> -1.43253 | R76: =IF(17>=16,('Testes estatísticos'!$D$59+'Testes estatísticos'!$D$60)/2,"") -> 1.663141
B77: =IF(1>=17,('Testes estatísticos'!$D$60+'Testes estatísticos'!$D$44)/2,"") | C77: =IF(2>=17,('Testes estatísticos'!$D$60+'Testes estatísticos'!$D$45)/2,"") | D77: =IF(3>=17,('Testes estatísticos'!$D$60+'Testes estatísticos'!$D$46)/2,"") | E77: =IF(4>=17,('Testes estatísticos'!$D$60+'Testes estatísticos'!$D$47)/2,"") | F77: =IF(5>=17,('Testes estatísticos'!$D$60+'Testes estatísticos'!$D$48)/2,"") | G77: =IF(6>=17,('Testes estatísticos'!$D$60+'Testes estatísticos'!$D$49)/2,"") | H77: =IF(7>=17,('Testes estatísticos'!$D$60+'Testes estatísticos'!$D$50)/2,"") | I77: =IF(8>=17,('Testes estatísticos'!$D$60+'Testes estatísticos'!$D$51)/2,"") | J77: =IF(9>=17,('Testes estatísticos'!$D$60+'Testes estatísticos'!$D$52)/2,"") | K77: =IF(10>=17,('Testes estatísticos'!$D$60+'Testes estatísticos'!$D$53)/2,"") | L77: =IF(11>=17,('Testes estatísticos'!$D$60+'Testes estatísticos'!$D$54)/2,"") | M77: =IF(12>=17,('Testes estatísticos'!$D$60+'Testes estatísticos'!$D$55)/2,"") | N77: =IF(13>=17,('Testes estatísticos'!$D$60+'Testes estatísticos'!$D$56)/2,"") | O77: =IF(14>=17,('Testes estatísticos'!$D$60+'Testes estatísticos'!$D$57)/2,"") | P77: =IF(15>=17,('Testes estatísticos'!$D$60+'Testes estatísticos'!$D$58)/2,"") | Q77: =IF(16>=17,('Testes estatísticos'!$D$60+'Testes estatísticos'!$D$59)/2,"") | R77: =IF(17>=17,('Testes estatísticos'!$D$60+'Testes estatísticos'!$D$60)/2,"") -> 4.758812
A80: Médias de Walsh — R10 (n = 15)
B81: =IF(1>=1,('Testes estatísticos'!$D$61+'Testes estatísticos'!$D$61)/2,"") -> -0.501125 | C81: =IF(2>=1,('Testes estatísticos'!$D$61+'Testes estatísticos'!$D$62)/2,"") -> -3.901315 | D81: =IF(3>=1,('Testes estatísticos'!$D$61+'Testes estatísticos'!$D$63)/2,"") -> 1.36458 | E81: =IF(4>=1,('Testes estatísticos'!$D$61+'Testes estatísticos'!$D$64)/2,"") -> -4.4790325 | F81: =IF(5>=1,('Testes estatísticos'!$D$61+'Testes estatísticos'!$D$65)/2,"") -> -2.7314415 | G81: =IF(6>=1,('Testes estatísticos'!$D$61+'Testes estatísticos'!$D$66)/2,"") -> -0.0963865 | H81: =IF(7>=1,('Testes estatísticos'!$D$61+'Testes estatísticos'!$D$67)/2,"") -> -0.6051815 | I81: =IF(8>=1,('Testes estatísticos'!$D$61+'Testes estatísticos'!$D$68)/2,"") -> 0.294133 | J81: =IF(9>=1,('Testes estatísticos'!$D$61+'Testes estatísticos'!$D$69)/2,"") -> 0.344975 | K81: =IF(10>=1,('Testes estatísticos'!$D$61+'Testes estatísticos'!$D$70)/2,"") -> -1.8008315 | L81: =IF(11>=1,('Testes estatísticos'!$D$61+'Testes estatísticos'!$D$71)/2,"") -> -0.904979 | M81: =IF(12>=1,('Testes estatísticos'!$D$61+'Testes estatísticos'!$D$72)/2,"") -> -3.795438 | N81: =IF(13>=1,('Testes estatísticos'!$D$61+'Testes estatísticos'!$D$73)/2,"") -> 0.867795 | O81: =IF(14>=1,('Testes estatísticos'!$D$61+'Testes estatísticos'!$D$74)/2,"") -> 1.499977 | P81: =IF(15>=1,('Testes estatísticos'!$D$61+'Testes estatísticos'!$D$75)/2,"") -> 0.4955125
B82: =IF(1>=2,('Testes estatísticos'!$D$62+'Testes estatísticos'!$D$61)/2,"") | C82: =IF(2>=2,('Testes estatísticos'!$D$62+'Testes estatísticos'!$D$62)/2,"") -> -7.301505 | D82: =IF(3>=2,('Testes estatísticos'!$D$62+'Testes estatísticos'!$D$63)/2,"") -> -2.03561 | E82: =IF(4>=2,('Testes estatísticos'!$D$62+'Testes estatísticos'!$D$64)/2,"") -> -7.8792225 | F82: =IF(5>=2,('Testes estatísticos'!$D$62+'Testes estatísticos'!$D$65)/2,"") -> -6.1316315 | G82: =IF(6>=2,('Testes estatísticos'!$D$62+'Testes estatísticos'!$D$66)/2,"") -> -3.4965765 | H82: =IF(7>=2,('Testes estatísticos'!$D$62+'Testes estatísticos'!$D$67)/2,"") -> -4.0053715 | I82: =IF(8>=2,('Testes estatísticos'!$D$62+'Testes estatísticos'!$D$68)/2,"") -> -3.106057 | J82: =IF(9>=2,('Testes estatísticos'!$D$62+'Testes estatísticos'!$D$69)/2,"") -> -3.055215 | K82: =IF(10>=2,('Testes estatísticos'!$D$62+'Testes estatísticos'!$D$70)/2,"") -> -5.2010215 | L82: =IF(11>=2,('Testes estatísticos'!$D$62+'Testes estatísticos'!$D$71)/2,"") -> -4.305169 | M82: =IF(12>=2,('Testes estatísticos'!$D$62+'Testes estatísticos'!$D$72)/2,"") -> -7.195628 | N82: =IF(13>=2,('Testes estatísticos'!$D$62+'Testes estatísticos'!$D$73)/2,"") -> -2.532395 | O82: =IF(14>=2,('Testes estatísticos'!$D$62+'Testes estatísticos'!$D$74)/2,"") -> -1.900213 | P82: =IF(15>=2,('Testes estatísticos'!$D$62+'Testes estatísticos'!$D$75)/2,"") -> -2.9046775
B83: =IF(1>=3,('Testes estatísticos'!$D$63+'Testes estatísticos'!$D$61)/2,"") | C83: =IF(2>=3,('Testes estatísticos'!$D$63+'Testes estatísticos'!$D$62)/2,"") | D83: =IF(3>=3,('Testes estatísticos'!$D$63+'Testes estatísticos'!$D$63)/2,"") -> 3.230285 | E83: =IF(4>=3,('Testes estatísticos'!$D$63+'Testes estatísticos'!$D$64)/2,"") -> -2.6133275 | F83: =IF(5>=3,('Testes estatísticos'!$D$63+'Testes estatísticos'!$D$65)/2,"") -> -0.8657365 | G83: =IF(6>=3,('Testes estatísticos'!$D$63+'Testes estatísticos'!$D$66)/2,"") -> 1.7693185 | H83: =IF(7>=3,('Testes estatísticos'!$D$63+'Testes estatísticos'!$D$67)/2,"") -> 1.2605235 | I83: =IF(8>=3,('Testes estatísticos'!$D$63+'Testes estatísticos'!$D$68)/2,"") -> 2.159838 | J83: =IF(9>=3,('Testes estatísticos'!$D$63+'Testes estatísticos'!$D$69)/2,"") -> 2.21068 | K83: =IF(10>=3,('Testes estatísticos'!$D$63+'Testes estatísticos'!$D$70)/2,"") -> 0.0648735 | L83: =IF(11>=3,('Testes estatísticos'!$D$63+'Testes estatísticos'!$D$71)/2,"") -> 0.960726 | M83: =IF(12>=3,('Testes estatísticos'!$D$63+'Testes estatísticos'!$D$72)/2,"") -> -1.929733 | N83: =IF(13>=3,('Testes estatísticos'!$D$63+'Testes estatísticos'!$D$73)/2,"") -> 2.7335 | O83: =IF(14>=3,('Testes estatísticos'!$D$63+'Testes estatísticos'!$D$74)/2,"") -> 3.365682 | P83: =IF(15>=3,('Testes estatísticos'!$D$63+'Testes estatísticos'!$D$75)/2,"") -> 2.3612175
B84: =IF(1>=4,('Testes estatísticos'!$D$64+'Testes estatísticos'!$D$61)/2,"") | C84: =IF(2>=4,('Testes estatísticos'!$D$64+'Testes estatísticos'!$D$62)/2,"") | D84: =IF(3>=4,('Testes estatísticos'!$D$64+'Testes estatísticos'!$D$63)/2,"") | E84: =IF(4>=4,('Testes estatísticos'!$D$64+'Testes estatísticos'!$D$64)/2,"") -> -8.45694 | F84: =IF(5>=4,('Testes estatísticos'!$D$64+'Testes estatísticos'!$D$65)/2,"") -> -6.709349 | G84: =IF(6>=4,('Testes estatísticos'!$D$64+'Testes estatísticos'!$D$66)/2,"") -> -4.074294 | H84: =IF(7>=4,('Testes estatísticos'!$D$64+'Testes estatísticos'!$D$67)/2,"") -> -4.583089 | I84: =IF(8>=4,('Testes estatísticos'!$D$64+'Testes estatísticos'!$D$68)/2,"") -> -3.6837745 | J84: =IF(9>=4,('Testes estatísticos'!$D$64+'Testes estatísticos'!$D$69)/2,"") -> -3.6329325 | K84: =IF(10>=4,('Testes estatísticos'!$D$64+'Testes estatísticos'!$D$70)/2,"") -> -5.778739 | L84: =IF(11>=4,('Testes estatísticos'!$D$64+'Testes estatísticos'!$D$71)/2,"") -> -4.8828865 | M84: =IF(12>=4,('Testes estatísticos'!$D$64+'Testes estatísticos'!$D$72)/2,"") -> -7.7733455 | N84: =IF(13>=4,('Testes estatísticos'!$D$64+'Testes estatísticos'!$D$73)/2,"") -> -3.1101125 | O84: =IF(14>=4,('Testes estatísticos'!$D$64+'Testes estatísticos'!$D$74)/2,"") -> -2.4779305 | P84: =IF(15>=4,('Testes estatísticos'!$D$64+'Testes estatísticos'!$D$75)/2,"") -> -3.482395
B85: =IF(1>=5,('Testes estatísticos'!$D$65+'Testes estatísticos'!$D$61)/2,"") | C85: =IF(2>=5,('Testes estatísticos'!$D$65+'Testes estatísticos'!$D$62)/2,"") | D85: =IF(3>=5,('Testes estatísticos'!$D$65+'Testes estatísticos'!$D$63)/2,"") | E85: =IF(4>=5,('Testes estatísticos'!$D$65+'Testes estatísticos'!$D$64)/2,"") | F85: =IF(5>=5,('Testes estatísticos'!$D$65+'Testes estatísticos'!$D$65)/2,"") -> -4.961758 | G85: =IF(6>=5,('Testes estatísticos'!$D$65+'Testes estatísticos'!$D$66)/2,"") -> -2.326703 | H85: =IF(7>=5,('Testes estatísticos'!$D$65+'Testes estatísticos'!$D$67)/2,"") -> -2.835498 | I85: =IF(8>=5,('Testes estatísticos'!$D$65+'Testes estatísticos'!$D$68)/2,"") -> -1.9361835 | J85: =IF(9>=5,('Testes estatísticos'!$D$65+'Testes estatísticos'!$D$69)/2,"") -> -1.8853415 | K85: =IF(10>=5,('Testes estatísticos'!$D$65+'Testes estatísticos'!$D$70)/2,"") -> -4.031148 | L85: =IF(11>=5,('Testes estatísticos'!$D$65+'Testes estatísticos'!$D$71)/2,"") -> -3.1352955 | M85: =IF(12>=5,('Testes estatísticos'!$D$65+'Testes estatísticos'!$D$72)/2,"") -> -6.0257545 | N85: =IF(13>=5,('Testes estatísticos'!$D$65+'Testes estatísticos'!$D$73)/2,"") -> -1.3625215 | O85: =IF(14>=5,('Testes estatísticos'!$D$65+'Testes estatísticos'!$D$74)/2,"") -> -0.7303395 | P85: =IF(15>=5,('Testes estatísticos'!$D$65+'Testes estatísticos'!$D$75)/2,"") -> -1.734804
B86: =IF(1>=6,('Testes estatísticos'!$D$66+'Testes estatísticos'!$D$61)/2,"") | C86: =IF(2>=6,('Testes estatísticos'!$D$66+'Testes estatísticos'!$D$62)/2,"") | D86: =IF(3>=6,('Testes estatísticos'!$D$66+'Testes estatísticos'!$D$63)/2,"") | E86: =IF(4>=6,('Testes estatísticos'!$D$66+'Testes estatísticos'!$D$64)/2,"") | F86: =IF(5>=6,('Testes estatísticos'!$D$66+'Testes estatísticos'!$D$65)/2,"") | G86: =IF(6>=6,('Testes estatísticos'!$D$66+'Testes estatísticos'!$D$66)/2,"") -> 0.308352 | H86: =IF(7>=6,('Testes estatísticos'!$D$66+'Testes estatísticos'!$D$67)/2,"") -> -0.200443 | I86: =IF(8>=6,('Testes estatísticos'!$D$66+'Testes estatísticos'!$D$68)/2,"") -> 0.6988715 | J86: =IF(9>=6,('Testes estatísticos'!$D$66+'Testes estatísticos'!$D$69)/2,"") -> 0.7497135 | K86: =IF(10>=6,('Testes estatísticos'!$D$66+'Testes estatísticos'!$D$70)/2,"") -> -1.396093 | L86: =IF(11>=6,('Testes estatísticos'!$D$66+'Testes estatísticos'!$D$71)/2,"") -> -0.5002405 | M86: =IF(12>=6,('Testes estatísticos'!$D$66+'Testes estatísticos'!$D$72)/2,"") -> -3.3906995 | N86: =IF(13>=6,('Testes estatísticos'!$D$66+'Testes estatísticos'!$D$73)/2,"") -> 1.2725335 | O86: =IF(14>=6,('Testes estatísticos'!$D$66+'Testes estatísticos'!$D$74)/2,"") -> 1.9047155 | P86: =IF(15>=6,('Testes estatísticos'!$D$66+'Testes estatísticos'!$D$75)/2,"") -> 0.900251
B87: =IF(1>=7,('Testes estatísticos'!$D$67+'Testes estatísticos'!$D$61)/2,"") | C87: =IF(2>=7,('Testes estatísticos'!$D$67+'Testes estatísticos'!$D$62)/2,"") | D87: =IF(3>=7,('Testes estatísticos'!$D$67+'Testes estatísticos'!$D$63)/2,"") | E87: =IF(4>=7,('Testes estatísticos'!$D$67+'Testes estatísticos'!$D$64)/2,"") | F87: =IF(5>=7,('Testes estatísticos'!$D$67+'Testes estatísticos'!$D$65)/2,"") | G87: =IF(6>=7,('Testes estatísticos'!$D$67+'Testes estatísticos'!$D$66)/2,"") | H87: =IF(7>=7,('Testes estatísticos'!$D$67+'Testes estatísticos'!$D$67)/2,"") -> -0.709238 | I87: =IF(8>=7,('Testes estatísticos'!$D$67+'Testes estatísticos'!$D$68)/2,"") -> 0.1900765 | J87: =IF(9>=7,('Testes estatísticos'!$D$67+'Testes estatísticos'!$D$69)/2,"") -> 0.2409185 | K87: =IF(10>=7,('Testes estatísticos'!$D$67+'Testes estatísticos'!$D$70)/2,"") -> -1.904888 | L87: =IF(11>=7,('Testes estatísticos'!$D$67+'Testes estatísticos'!$D$71)/2,"") -> -1.0090355 | M87: =IF(12>=7,('Testes estatísticos'!$D$67+'Testes estatísticos'!$D$72)/2,"") -> -3.8994945 | N87: =IF(13>=7,('Testes estatísticos'!$D$67+'Testes estatísticos'!$D$73)/2,"") -> 0.7637385 | O87: =IF(14>=7,('Testes estatísticos'!$D$67+'Testes estatísticos'!$D$74)/2,"") -> 1.3959205 | P87: =IF(15>=7,('Testes estatísticos'!$D$67+'Testes estatísticos'!$D$75)/2,"") -> 0.391456
B88: =IF(1>=8,('Testes estatísticos'!$D$68+'Testes estatísticos'!$D$61)/2,"") | C88: =IF(2>=8,('Testes estatísticos'!$D$68+'Testes estatísticos'!$D$62)/2,"") | D88: =IF(3>=8,('Testes estatísticos'!$D$68+'Testes estatísticos'!$D$63)/2,"") | E88: =IF(4>=8,('Testes estatísticos'!$D$68+'Testes estatísticos'!$D$64)/2,"") | F88: =IF(5>=8,('Testes estatísticos'!$D$68+'Testes estatísticos'!$D$65)/2,"") | G88: =IF(6>=8,('Testes estatísticos'!$D$68+'Testes estatísticos'!$D$66)/2,"") | H88: =IF(7>=8,('Testes estatísticos'!$D$68+'Testes estatísticos'!$D$67)/2,"") | I88: =IF(8>=8,('Testes estatísticos'!$D$68+'Testes estatísticos'!$D$68)/2,"") -> 1.089391 | J88: =IF(9>=8,('Testes estatísticos'!$D$68+'Testes estatísticos'!$D$69)/2,"") -> 1.140233 | K88: =IF(10>=8,('Testes estatísticos'!$D$68+'Testes estatísticos'!$D$70)/2,"") -> -1.0055735 | L88: =IF(11>=8,('Testes estatísticos'!$D$68+'Testes estatísticos'!$D$71)/2,"") -> -0.109721 | M88: =IF(12>=8,('Testes estatísticos'!$D$68+'Testes estatísticos'!$D$72)/2,"") -> -3.00018 | N88: =IF(13>=8,('Testes estatísticos'!$D$68+'Testes estatísticos'!$D$73)/2,"") -> 1.663053 | O88: =IF(14>=8,('Testes estatísticos'!$D$68+'Testes estatísticos'!$D$74)/2,"") -> 2.295235 | P88: =IF(15>=8,('Testes estatísticos'!$D$68+'Testes estatísticos'!$D$75)/2,"") -> 1.2907705
B89: =IF(1>=9,('Testes estatísticos'!$D$69+'Testes estatísticos'!$D$61)/2,"") | C89: =IF(2>=9,('Testes estatísticos'!$D$69+'Testes estatísticos'!$D$62)/2,"") | D89: =IF(3>=9,('Testes estatísticos'!$D$69+'Testes estatísticos'!$D$63)/2,"") | E89: =IF(4>=9,('Testes estatísticos'!$D$69+'Testes estatísticos'!$D$64)/2,"") | F89: =IF(5>=9,('Testes estatísticos'!$D$69+'Testes estatísticos'!$D$65)/2,"") | G89: =IF(6>=9,('Testes estatísticos'!$D$69+'Testes estatísticos'!$D$66)/2,"") | H89: =IF(7>=9,('Testes estatísticos'!$D$69+'Testes estatísticos'!$D$67)/2,"") | I89: =IF(8>=9,('Testes estatísticos'!$D$69+'Testes estatísticos'!$D$68)/2,"") | J89: =IF(9>=9,('Testes estatísticos'!$D$69+'Testes estatísticos'!$D$69)/2,"") -> 1.191075 | K89: =IF(10>=9,('Testes estatísticos'!$D$69+'Testes estatísticos'!$D$70)/2,"") -> -0.9547315 | L89: =IF(11>=9,('Testes estatísticos'!$D$69+'Testes estatísticos'!$D$71)/2,"") -> -0.058879 | M89: =IF(12>=9,('Testes estatísticos'!$D$69+'Testes estatísticos'!$D$72)/2,"") -> -2.949338 | N89: =IF(13>=9,('Testes estatísticos'!$D$69+'Testes estatísticos'!$D$73)/2,"") -> 1.713895 | O89: =IF(14>=9,('Testes estatísticos'!$D$69+'Testes estatísticos'!$D$74)/2,"") -> 2.346077 | P89: =IF(15>=9,('Testes estatísticos'!$D$69+'Testes estatísticos'!$D$75)/2,"") -> 1.3416125
B90: =IF(1>=10,('Testes estatísticos'!$D$70+'Testes estatísticos'!$D$61)/2,"") | C90: =IF(2>=10,('Testes estatísticos'!$D$70+'Testes estatísticos'!$D$62)/2,"") | D90: =IF(3>=10,('Testes estatísticos'!$D$70+'Testes estatísticos'!$D$63)/2,"") | E90: =IF(4>=10,('Testes estatísticos'!$D$70+'Testes estatísticos'!$D$64)/2,"") | F90: =IF(5>=10,('Testes estatísticos'!$D$70+'Testes estatísticos'!$D$65)/2,"") | G90: =IF(6>=10,('Testes estatísticos'!$D$70+'Testes estatísticos'!$D$66)/2,"") | H90: =IF(7>=10,('Testes estatísticos'!$D$70+'Testes estatísticos'!$D$67)/2,"") | I90: =IF(8>=10,('Testes estatísticos'!$D$70+'Testes estatísticos'!$D$68)/2,"") | J90: =IF(9>=10,('Testes estatísticos'!$D$70+'Testes estatísticos'!$D$69)/2,"") | K90: =IF(10>=10,('Testes estatísticos'!$D$70+'Testes estatísticos'!$D$70)/2,"") -> -3.100538 | L90: =IF(11>=10,('Testes estatísticos'!$D$70+'Testes estatísticos'!$D$71)/2,"") -> -2.2046855 | M90: =IF(12>=10,('Testes estatísticos'!$D$70+'Testes estatísticos'!$D$72)/2,"") -> -5.0951445 | N90: =IF(13>=10,('Testes estatísticos'!$D$70+'Testes estatísticos'!$D$73)/2,"") -> -0.4319115 | O90: =IF(14>=10,('Testes estatísticos'!$D$70+'Testes estatísticos'!$D$74)/2,"") -> 0.2002705 | P90: =IF(15>=10,('Testes estatísticos'!$D$70+'Testes estatísticos'!$D$75)/2,"") -> -0.804194
B91: =IF(1>=11,('Testes estatísticos'!$D$71+'Testes estatísticos'!$D$61)/2,"") | C91: =IF(2>=11,('Testes estatísticos'!$D$71+'Testes estatísticos'!$D$62)/2,"") | D91: =IF(3>=11,('Testes estatísticos'!$D$71+'Testes estatísticos'!$D$63)/2,"") | E91: =IF(4>=11,('Testes estatísticos'!$D$71+'Testes estatísticos'!$D$64)/2,"") | F91: =IF(5>=11,('Testes estatísticos'!$D$71+'Testes estatísticos'!$D$65)/2,"") | G91: =IF(6>=11,('Testes estatísticos'!$D$71+'Testes estatísticos'!$D$66)/2,"") | H91: =IF(7>=11,('Testes estatísticos'!$D$71+'Testes estatísticos'!$D$67)/2,"") | I91: =IF(8>=11,('Testes estatísticos'!$D$71+'Testes estatísticos'!$D$68)/2,"") | J91: =IF(9>=11,('Testes estatísticos'!$D$71+'Testes estatísticos'!$D$69)/2,"") | K91: =IF(10>=11,('Testes estatísticos'!$D$71+'Testes estatísticos'!$D$70)/2,"") | L91: =IF(11>=11,('Testes estatísticos'!$D$71+'Testes estatísticos'!$D$71)/2,"") -> -1.308833 | M91: =IF(12>=11,('Testes estatísticos'!$D$71+'Testes estatísticos'!$D$72)/2,"") -> -4.199292 | N91: =IF(13>=11,('Testes estatísticos'!$D$71+'Testes estatísticos'!$D$73)/2,"") -> 0.463941 | O91: =IF(14>=11,('Testes estatísticos'!$D$71+'Testes estatísticos'!$D$74)/2,"") -> 1.096123 | P91: =IF(15>=11,('Testes estatísticos'!$D$71+'Testes estatísticos'!$D$75)/2,"") -> 0.0916585
B92: =IF(1>=12,('Testes estatísticos'!$D$72+'Testes estatísticos'!$D$61)/2,"") | C92: =IF(2>=12,('Testes estatísticos'!$D$72+'Testes estatísticos'!$D$62)/2,"") | D92: =IF(3>=12,('Testes estatísticos'!$D$72+'Testes estatísticos'!$D$63)/2,"") | E92: =IF(4>=12,('Testes estatísticos'!$D$72+'Testes estatísticos'!$D$64)/2,"") | F92: =IF(5>=12,('Testes estatísticos'!$D$72+'Testes estatísticos'!$D$65)/2,"") | G92: =IF(6>=12,('Testes estatísticos'!$D$72+'Testes estatísticos'!$D$66)/2,"") | H92: =IF(7>=12,('Testes estatísticos'!$D$72+'Testes estatísticos'!$D$67)/2,"") | I92: =IF(8>=12,('Testes estatísticos'!$D$72+'Testes estatísticos'!$D$68)/2,"") | J92: =IF(9>=12,('Testes estatísticos'!$D$72+'Testes estatísticos'!$D$69)/2,"") | K92: =IF(10>=12,('Testes estatísticos'!$D$72+'Testes estatísticos'!$D$70)/2,"") | L92: =IF(11>=12,('Testes estatísticos'!$D$72+'Testes estatísticos'!$D$71)/2,"") | M92: =IF(12>=12,('Testes estatísticos'!$D$72+'Testes estatísticos'!$D$72)/2,"") -> -7.089751 | N92: =IF(13>=12,('Testes estatísticos'!$D$72+'Testes estatísticos'!$D$73)/2,"") -> -2.426518 | O92: =IF(14>=12,('Testes estatísticos'!$D$72+'Testes estatísticos'!$D$74)/2,"") -> -1.794336 | P92: =IF(15>=12,('Testes estatísticos'!$D$72+'Testes estatísticos'!$D$75)/2,"") -> -2.7988005
B93: =IF(1>=13,('Testes estatísticos'!$D$73+'Testes estatísticos'!$D$61)/2,"") | C93: =IF(2>=13,('Testes estatísticos'!$D$73+'Testes estatísticos'!$D$62)/2,"") | D93: =IF(3>=13,('Testes estatísticos'!$D$73+'Testes estatísticos'!$D$63)/2,"") | E93: =IF(4>=13,('Testes estatísticos'!$D$73+'Testes estatísticos'!$D$64)/2,"") | F93: =IF(5>=13,('Testes estatísticos'!$D$73+'Testes estatísticos'!$D$65)/2,"") | G93: =IF(6>=13,('Testes estatísticos'!$D$73+'Testes estatísticos'!$D$66)/2,"") | H93: =IF(7>=13,('Testes estatísticos'!$D$73+'Testes estatísticos'!$D$67)/2,"") | I93: =IF(8>=13,('Testes estatísticos'!$D$73+'Testes estatísticos'!$D$68)/2,"") | J93: =IF(9>=13,('Testes estatísticos'!$D$73+'Testes estatísticos'!$D$69)/2,"") | K93: =IF(10>=13,('Testes estatísticos'!$D$73+'Testes estatísticos'!$D$70)/2,"") | L93: =IF(11>=13,('Testes estatísticos'!$D$73+'Testes estatísticos'!$D$71)/2,"") | M93: =IF(12>=13,('Testes estatísticos'!$D$73+'Testes estatísticos'!$D$72)/2,"") | N93: =IF(13>=13,('Testes estatísticos'!$D$73+'Testes estatísticos'!$D$73)/2,"") -> 2.236715 | O93: =IF(14>=13,('Testes estatísticos'!$D$73+'Testes estatísticos'!$D$74)/2,"") -> 2.868897 | P93: =IF(15>=13,('Testes estatísticos'!$D$73+'Testes estatísticos'!$D$75)/2,"") -> 1.8644325
B94: =IF(1>=14,('Testes estatísticos'!$D$74+'Testes estatísticos'!$D$61)/2,"") | C94: =IF(2>=14,('Testes estatísticos'!$D$74+'Testes estatísticos'!$D$62)/2,"") | D94: =IF(3>=14,('Testes estatísticos'!$D$74+'Testes estatísticos'!$D$63)/2,"") | E94: =IF(4>=14,('Testes estatísticos'!$D$74+'Testes estatísticos'!$D$64)/2,"") | F94: =IF(5>=14,('Testes estatísticos'!$D$74+'Testes estatísticos'!$D$65)/2,"") | G94: =IF(6>=14,('Testes estatísticos'!$D$74+'Testes estatísticos'!$D$66)/2,"") | H94: =IF(7>=14,('Testes estatísticos'!$D$74+'Testes estatísticos'!$D$67)/2,"") | I94: =IF(8>=14,('Testes estatísticos'!$D$74+'Testes estatísticos'!$D$68)/2,"") | J94: =IF(9>=14,('Testes estatísticos'!$D$74+'Testes estatísticos'!$D$69)/2,"") | K94: =IF(10>=14,('Testes estatísticos'!$D$74+'Testes estatísticos'!$D$70)/2,"") | L94: =IF(11>=14,('Testes estatísticos'!$D$74+'Testes estatísticos'!$D$71)/2,"") | M94: =IF(12>=14,('Testes estatísticos'!$D$74+'Testes estatísticos'!$D$72)/2,"") | N94: =IF(13>=14,('Testes estatísticos'!$D$74+'Testes estatísticos'!$D$73)/2,"") | O94: =IF(14>=14,('Testes estatísticos'!$D$74+'Testes estatísticos'!$D$74)/2,"") -> 3.501079 | P94: =IF(15>=14,('Testes estatísticos'!$D$74+'Testes estatísticos'!$D$75)/2,"") -> 2.4966145
B95: =IF(1>=15,('Testes estatísticos'!$D$75+'Testes estatísticos'!$D$61)/2,"") | C95: =IF(2>=15,('Testes estatísticos'!$D$75+'Testes estatísticos'!$D$62)/2,"") | D95: =IF(3>=15,('Testes estatísticos'!$D$75+'Testes estatísticos'!$D$63)/2,"") | E95: =IF(4>=15,('Testes estatísticos'!$D$75+'Testes estatísticos'!$D$64)/2,"") | F95: =IF(5>=15,('Testes estatísticos'!$D$75+'Testes estatísticos'!$D$65)/2,"") | G95: =IF(6>=15,('Testes estatísticos'!$D$75+'Testes estatísticos'!$D$66)/2,"") | H95: =IF(7>=15,('Testes estatísticos'!$D$75+'Testes estatísticos'!$D$67)/2,"") | I95: =IF(8>=15,('Testes estatísticos'!$D$75+'Testes estatísticos'!$D$68)/2,"") | J95: =IF(9>=15,('Testes estatísticos'!$D$75+'Testes estatísticos'!$D$69)/2,"") | K95: =IF(10>=15,('Testes estatísticos'!$D$75+'Testes estatísticos'!$D$70)/2,"") | L95: =IF(11>=15,('Testes estatísticos'!$D$75+'Testes estatísticos'!$D$71)/2,"") | M95: =IF(12>=15,('Testes estatísticos'!$D$75+'Testes estatísticos'!$D$72)/2,"") | N95: =IF(13>=15,('Testes estatísticos'!$D$75+'Testes estatísticos'!$D$73)/2,"") | O95: =IF(14>=15,('Testes estatísticos'!$D$75+'Testes estatísticos'!$D$74)/2,"") | P95: =IF(15>=15,('Testes estatísticos'!$D$75+'Testes estatísticos'!$D$75)/2,"") -> 1.49215
A98: Médias de Walsh — O07 (n = 20)
B99: =IF(1>=1,('Testes estatísticos'!$D$76+'Testes estatísticos'!$D$76)/2,"") -> 4.64088 | C99: =IF(2>=1,('Testes estatísticos'!$D$76+'Testes estatísticos'!$D$77)/2,"") -> -0.958817 | D99: =IF(3>=1,('Testes estatísticos'!$D$76+'Testes estatísticos'!$D$78)/2,"") -> 1.1146575 | E99: =IF(4>=1,('Testes estatísticos'!$D$76+'Testes estatísticos'!$D$79)/2,"") -> 0.431339 | F99: =IF(5>=1,('Testes estatísticos'!$D$76+'Testes estatísticos'!$D$80)/2,"") -> 0.409561 | G99: =IF(6>=1,('Testes estatísticos'!$D$76+'Testes estatísticos'!$D$81)/2,"") -> 4.541019 | H99: =IF(7>=1,('Testes estatísticos'!$D$76+'Testes estatísticos'!$D$82)/2,"") -> -0.7205705 | I99: =IF(8>=1,('Testes estatísticos'!$D$76+'Testes estatísticos'!$D$83)/2,"") -> 1.0396885 | J99: =IF(9>=1,('Testes estatísticos'!$D$76+'Testes estatísticos'!$D$84)/2,"") -> 1.091411 | K99: =IF(10>=1,('Testes estatísticos'!$D$76+'Testes estatísticos'!$D$85)/2,"") -> -0.7156055 | L99: =IF(11>=1,('Testes estatísticos'!$D$76+'Testes estatísticos'!$D$86)/2,"") -> -0.7657505 | M99: =IF(12>=1,('Testes estatísticos'!$D$76+'Testes estatísticos'!$D$87)/2,"") -> 1.31204 | N99: =IF(13>=1,('Testes estatísticos'!$D$76+'Testes estatísticos'!$D$88)/2,"") -> 0.783233 | O99: =IF(14>=1,('Testes estatísticos'!$D$76+'Testes estatísticos'!$D$89)/2,"") -> 0.451326 | P99: =IF(15>=1,('Testes estatísticos'!$D$76+'Testes estatísticos'!$D$90)/2,"") -> 2.266873 | Q99: =IF(16>=1,('Testes estatísticos'!$D$76+'Testes estatísticos'!$D$91)/2,"") -> -0.4232865 | R99: =IF(17>=1,('Testes estatísticos'!$D$76+'Testes estatísticos'!$D$92)/2,"") -> 0.81892 | S99: =IF(18>=1,('Testes estatísticos'!$D$76+'Testes estatísticos'!$D$93)/2,"") -> 1.0630035 | T99: =IF(19>=1,('Testes estatísticos'!$D$76+'Testes estatísticos'!$D$94)/2,"") -> 0.4514115 | U99: =IF(20>=1,('Testes estatísticos'!$D$76+'Testes estatísticos'!$D$95)/2,"") -> -1.8827205
B100: =IF(1>=2,('Testes estatísticos'!$D$77+'Testes estatísticos'!$D$76)/2,"") | C100: =IF(2>=2,('Testes estatísticos'!$D$77+'Testes estatísticos'!$D$77)/2,"") -> -6.558514 | D100: =IF(3>=2,('Testes estatísticos'!$D$77+'Testes estatísticos'!$D$78)/2,"") -> -4.4850395 | E100: =IF(4>=2,('Testes estatísticos'!$D$77+'Testes estatísticos'!$D$79)/2,"") -> -5.168358 | F100: =IF(5>=2,('Testes estatísticos'!$D$77+'Testes estatísticos'!$D$80)/2,"") -> -5.190136 | G100: =IF(6>=2,('Testes estatísticos'!$D$77+'Testes estatísticos'!$D$81)/2,"") -> -1.058678 | H100: =IF(7>=2,('Testes estatísticos'!$D$77+'Testes estatísticos'!$D$82)/2,"") -> -6.3202675 | I100: =IF(8>=2,('Testes estatísticos'!$D$77+'Testes estatísticos'!$D$83)/2,"") -> -4.5600085 | J100: =IF(9>=2,('Testes estatísticos'!$D$77+'Testes estatísticos'!$D$84)/2,"") -> -4.508286 | K100: =IF(10>=2,('Testes estatísticos'!$D$77+'Testes estatísticos'!$D$85)/2,"") -> -6.3153025 | L100: =IF(11>=2,('Testes estatísticos'!$D$77+'Testes estatísticos'!$D$86)/2,"") -> -6.3654475 | M100: =IF(12>=2,('Testes estatísticos'!$D$77+'Testes estatísticos'!$D$87)/2,"") -> -4.287657 | N100: =IF(13>=2,('Testes estatísticos'!$D$77+'Testes estatísticos'!$D$88)/2,"") -> -4.816464 | O100: =IF(14>=2,('Testes estatísticos'!$D$77+'Testes estatísticos'!$D$89)/2,"") -> -5.148371 | P100: =IF(15>=2,('Testes estatísticos'!$D$77+'Testes estatísticos'!$D$90)/2,"") -> -3.332824 | Q100: =IF(16>=2,('Testes estatísticos'!$D$77+'Testes estatísticos'!$D$91)/2,"") -> -6.0229835 | R100: =IF(17>=2,('Testes estatísticos'!$D$77+'Testes estatísticos'!$D$92)/2,"") -> -4.780777 | S100: =IF(18>=2,('Testes estatísticos'!$D$77+'Testes estatísticos'!$D$93)/2,"") -> -4.5366935 | T100: =IF(19>=2,('Testes estatísticos'!$D$77+'Testes estatísticos'!$D$94)/2,"") -> -5.1482855 | U100: =IF(20>=2,('Testes estatísticos'!$D$77+'Testes estatísticos'!$D$95)/2,"") -> -7.4824175
B101: =IF(1>=3,('Testes estatísticos'!$D$78+'Testes estatísticos'!$D$76)/2,"") | C101: =IF(2>=3,('Testes estatísticos'!$D$78+'Testes estatísticos'!$D$77)/2,"") | D101: =IF(3>=3,('Testes estatísticos'!$D$78+'Testes estatísticos'!$D$78)/2,"") -> -2.411565 | E101: =IF(4>=3,('Testes estatísticos'!$D$78+'Testes estatísticos'!$D$79)/2,"") -> -3.0948835 | F101: =IF(5>=3,('Testes estatísticos'!$D$78+'Testes estatísticos'!$D$80)/2,"") -> -3.1166615 | G101: =IF(6>=3,('Testes estatísticos'!$D$78+'Testes estatísticos'!$D$81)/2,"") -> 1.0147965 | H101: =IF(7>=3,('Testes estatísticos'!$D$78+'Testes estatísticos'!$D$82)/2,"") -> -4.246793 | I101: =IF(8>=3,('Testes estatísticos'!$D$78+'Testes estatísticos'!$D$83)/2,"") -> -2.486534 | J101: =IF(9>=3,('Testes estatísticos'!$D$78+'Testes estatísticos'!$D$84)/2,"") -> -2.4348115 | K101: =IF(10>=3,('Testes estatísticos'!$D$78+'Testes estatísticos'!$D$85)/2,"") -> -4.241828 | L101: =IF(11>=3,('Testes estatísticos'!$D$78+'Testes estatísticos'!$D$86)/2,"") -> -4.291973 | M101: =IF(12>=3,('Testes estatísticos'!$D$78+'Testes estatísticos'!$D$87)/2,"") -> -2.2141825 | N101: =IF(13>=3,('Testes estatísticos'!$D$78+'Testes estatísticos'!$D$88)/2,"") -> -2.7429895 | O101: =IF(14>=3,('Testes estatísticos'!$D$78+'Testes estatísticos'!$D$89)/2,"") -> -3.0748965 | P101: =IF(15>=3,('Testes estatísticos'!$D$78+'Testes estatísticos'!$D$90)/2,"") -> -1.2593495 | Q101: =IF(16>=3,('Testes estatísticos'!$D$78+'Testes estatísticos'!$D$91)/2,"") -> -3.949509 | R101: =IF(17>=3,('Testes estatísticos'!$D$78+'Testes estatísticos'!$D$92)/2,"") -> -2.7073025 | S101: =IF(18>=3,('Testes estatísticos'!$D$78+'Testes estatísticos'!$D$93)/2,"") -> -2.463219 | T101: =IF(19>=3,('Testes estatísticos'!$D$78+'Testes estatísticos'!$D$94)/2,"") -> -3.074811 | U101: =IF(20>=3,('Testes estatísticos'!$D$78+'Testes estatísticos'!$D$95)/2,"") -> -5.408943
B102: =IF(1>=4,('Testes estatísticos'!$D$79+'Testes estatísticos'!$D$76)/2,"") | C102: =IF(2>=4,('Testes estatísticos'!$D$79+'Testes estatísticos'!$D$77)/2,"") | D102: =IF(3>=4,('Testes estatísticos'!$D$79+'Testes estatísticos'!$D$78)/2,"") | E102: =IF(4>=4,('Testes estatísticos'!$D$79+'Testes estatísticos'!$D$79)/2,"") -> -3.778202 | F102: =IF(5>=4,('Testes estatísticos'!$D$79+'Testes estatísticos'!$D$80)/2,"") -> -3.79998 | G102: =IF(6>=4,('Testes estatísticos'!$D$79+'Testes estatísticos'!$D$81)/2,"") -> 0.331478 | H102: =IF(7>=4,('Testes estatísticos'!$D$79+'Testes estatísticos'!$D$82)/2,"") -> -4.9301115 | I102: =IF(8>=4,('Testes estatísticos'!$D$79+'Testes estatísticos'!$D$83)/2,"") -> -3.1698525 | J102: =IF(9>=4,('Testes estatísticos'!$D$79+'Testes estatísticos'!$D$84)/2,"") -> -3.11813 | K102: =IF(10>=4,('Testes estatísticos'!$D$79+'Testes estatísticos'!$D$85)/2,"") -> -4.9251465 | L102: =IF(11>=4,('Testes estatísticos'!$D$79+'Testes estatísticos'!$D$86)/2,"") -> -4.9752915 | M102: =IF(12>=4,('Testes estatísticos'!$D$79+'Testes estatísticos'!$D$87)/2,"") -> -2.897501 | N102: =IF(13>=4,('Testes estatísticos'!$D$79+'Testes estatísticos'!$D$88)/2,"") -> -3.426308 | O102: =IF(14>=4,('Testes estatísticos'!$D$79+'Testes estatísticos'!$D$89)/2,"") -> -3.758215 | P102: =IF(15>=4,('Testes estatísticos'!$D$79+'Testes estatísticos'!$D$90)/2,"") -> -1.942668 | Q102: =IF(16>=4,('Testes estatísticos'!$D$79+'Testes estatísticos'!$D$91)/2,"") -> -4.6328275 | R102: =IF(17>=4,('Testes estatísticos'!$D$79+'Testes estatísticos'!$D$92)/2,"") -> -3.390621 | S102: =IF(18>=4,('Testes estatísticos'!$D$79+'Testes estatísticos'!$D$93)/2,"") -> -3.1465375 | T102: =IF(19>=4,('Testes estatísticos'!$D$79+'Testes estatísticos'!$D$94)/2,"") -> -3.7581295 | U102: =IF(20>=4,('Testes estatísticos'!$D$79+'Testes estatísticos'!$D$95)/2,"") -> -6.0922615
B103: =IF(1>=5,('Testes estatísticos'!$D$80+'Testes estatísticos'!$D$76)/2,"") | C103: =IF(2>=5,('Testes estatísticos'!$D$80+'Testes estatísticos'!$D$77)/2,"") | D103: =IF(3>=5,('Testes estatísticos'!$D$80+'Testes estatísticos'!$D$78)/2,"") | E103: =IF(4>=5,('Testes estatísticos'!$D$80+'Testes estatísticos'!$D$79)/2,"") | F103: =IF(5>=5,('Testes estatísticos'!$D$80+'Testes estatísticos'!$D$80)/2,"") -> -3.821758 | G103: =IF(6>=5,('Testes estatísticos'!$D$80+'Testes estatísticos'!$D$81)/2,"") -> 0.3097 | H103: =IF(7>=5,('Testes estatísticos'!$D$80+'Testes estatísticos'!$D$82)/2,"") -> -4.9518895 | I103: =IF(8>=5,('Testes estatísticos'!$D$80+'Testes estatísticos'!$D$83)/2,"") -> -3.1916305 | J103: =IF(9>=5,('Testes estatísticos'!$D$80+'Testes estatísticos'!$D$84)/2,"") -> -3.139908 | K103: =IF(10>=5,('Testes estatísticos'!$D$80+'Testes estatísticos'!$D$85)/2,"") -> -4.9469245 | L103: =IF(11>=5,('Testes estatísticos'!$D$80+'Testes estatísticos'!$D$86)/2,"") -> -4.9970695 | M103: =IF(12>=5,('Testes estatísticos'!$D$80+'Testes estatísticos'!$D$87)/2,"") -> -2.919279 | N103: =IF(13>=5,('Testes estatísticos'!$D$80+'Testes estatísticos'!$D$88)/2,"") -> -3.448086 | O103: =IF(14>=5,('Testes estatísticos'!$D$80+'Testes estatísticos'!$D$89)/2,"") -> -3.779993 | P103: =IF(15>=5,('Testes estatísticos'!$D$80+'Testes estatísticos'!$D$90)/2,"") -> -1.964446 | Q103: =IF(16>=5,('Testes estatísticos'!$D$80+'Testes estatísticos'!$D$91)/2,"") -> -4.6546055 | R103: =IF(17>=5,('Testes estatísticos'!$D$80+'Testes estatísticos'!$D$92)/2,"") -> -3.412399 | S103: =IF(18>=5,('Testes estatísticos'!$D$80+'Testes estatísticos'!$D$93)/2,"") -> -3.1683155 | T103: =IF(19>=5,('Testes estatísticos'!$D$80+'Testes estatísticos'!$D$94)/2,"") -> -3.7799075 | U103: =IF(20>=5,('Testes estatísticos'!$D$80+'Testes estatísticos'!$D$95)/2,"") -> -6.1140395
B104: =IF(1>=6,('Testes estatísticos'!$D$81+'Testes estatísticos'!$D$76)/2,"") | C104: =IF(2>=6,('Testes estatísticos'!$D$81+'Testes estatísticos'!$D$77)/2,"") | D104: =IF(3>=6,('Testes estatísticos'!$D$81+'Testes estatísticos'!$D$78)/2,"") | E104: =IF(4>=6,('Testes estatísticos'!$D$81+'Testes estatísticos'!$D$79)/2,"") | F104: =IF(5>=6,('Testes estatísticos'!$D$81+'Testes estatísticos'!$D$80)/2,"") | G104: =IF(6>=6,('Testes estatísticos'!$D$81+'Testes estatísticos'!$D$81)/2,"") -> 4.441158 | H104: =IF(7>=6,('Testes estatísticos'!$D$81+'Testes estatísticos'!$D$82)/2,"") -> -0.8204315 | I104: =IF(8>=6,('Testes estatísticos'!$D$81+'Testes estatísticos'!$D$83)/2,"") -> 0.9398275 | J104: =IF(9>=6,('Testes estatísticos'!$D$81+'Testes estatísticos'!$D$84)/2,"") -> 0.99155 | K104: =IF(10>=6,('Testes estatísticos'!$D$81+'Testes estatísticos'!$D$85)/2,"") -> -0.8154665 | L104: =IF(11>=6,('Testes estatísticos'!$D$81+'Testes estatísticos'!$D$86)/2,"") -> -0.8656115 | M104: =IF(12>=6,('Testes estatísticos'!$D$81+'Testes estatísticos'!$D$87)/2,"") -> 1.212179 | N104: =IF(13>=6,('Testes estatísticos'!$D$81+'Testes estatísticos'!$D$88)/2,"") -> 0.683372 | O104: =IF(14>=6,('Testes estatísticos'!$D$81+'Testes estatísticos'!$D$89)/2,"") -> 0.351465 | P104: =IF(15>=6,('Testes estatísticos'!$D$81+'Testes estatísticos'!$D$90)/2,"") -> 2.167012 | Q104: =IF(16>=6,('Testes estatísticos'!$D$81+'Testes estatísticos'!$D$91)/2,"") -> -0.5231475 | R104: =IF(17>=6,('Testes estatísticos'!$D$81+'Testes estatísticos'!$D$92)/2,"") -> 0.719059 | S104: =IF(18>=6,('Testes estatísticos'!$D$81+'Testes estatísticos'!$D$93)/2,"") -> 0.9631425 | T104: =IF(19>=6,('Testes estatísticos'!$D$81+'Testes estatísticos'!$D$94)/2,"") -> 0.3515505 | U104: =IF(20>=6,('Testes estatísticos'!$D$81+'Testes estatísticos'!$D$95)/2,"") -> -1.9825815
B105: =IF(1>=7,('Testes estatísticos'!$D$82+'Testes estatísticos'!$D$76)/2,"") | C105: =IF(2>=7,('Testes estatísticos'!$D$82+'Testes estatísticos'!$D$77)/2,"") | D105: =IF(3>=7,('Testes estatísticos'!$D$82+'Testes estatísticos'!$D$78)/2,"") | E105: =IF(4>=7,('Testes estatísticos'!$D$82+'Testes estatísticos'!$D$79)/2,"") | F105: =IF(5>=7,('Testes estatísticos'!$D$82+'Testes estatísticos'!$D$80)/2,"") | G105: =IF(6>=7,('Testes estatísticos'!$D$82+'Testes estatísticos'!$D$81)/2,"") | H105: =IF(7>=7,('Testes estatísticos'!$D$82+'Testes estatísticos'!$D$82)/2,"") -> -6.082021 | I105: =IF(8>=7,('Testes estatísticos'!$D$82+'Testes estatísticos'!$D$83)/2,"") -> -4.321762 | J105: =IF(9>=7,('Testes estatísticos'!$D$82+'Testes estatísticos'!$D$84)/2,"") -> -4.2700395 | K105: =IF(10>=7,('Testes estatísticos'!$D$82+'Testes estatísticos'!$D$85)/2,"") -> -6.077056 | L105: =IF(11>=7,('Testes estatísticos'!$D$82+'Testes estatísticos'!$D$86)/2,"") -> -6.127201 | M105: =IF(12>=7,('Testes estatísticos'!$D$82+'Testes estatísticos'!$D$87)/2,"") -> -4.0494105 | N105: =IF(13>=7,('Testes estatísticos'!$D$82+'Testes estatísticos'!$D$88)/2,"") -> -4.5782175 | O105: =IF(14>=7,('Testes estatísticos'!$D$82+'Testes estatísticos'!$D$89)/2,"") -> -4.9101245 | P105: =IF(15>=7,('Testes estatísticos'!$D$82+'Testes estatísticos'!$D$90)/2,"") -> -3.0945775 | Q105: =IF(16>=7,('Testes estatísticos'!$D$82+'Testes estatísticos'!$D$91)/2,"") -> -5.784737 | R105: =IF(17>=7,('Testes estatísticos'!$D$82+'Testes estatísticos'!$D$92)/2,"") -> -4.5425305 | S105: =IF(18>=7,('Testes estatísticos'!$D$82+'Testes estatísticos'!$D$93)/2,"") -> -4.298447 | T105: =IF(19>=7,('Testes estatísticos'!$D$82+'Testes estatísticos'!$D$94)/2,"") -> -4.910039 | U105: =IF(20>=7,('Testes estatísticos'!$D$82+'Testes estatísticos'!$D$95)/2,"") -> -7.244171
B106: =IF(1>=8,('Testes estatísticos'!$D$83+'Testes estatísticos'!$D$76)/2,"") | C106: =IF(2>=8,('Testes estatísticos'!$D$83+'Testes estatísticos'!$D$77)/2,"") | D106: =IF(3>=8,('Testes estatísticos'!$D$83+'Testes estatísticos'!$D$78)/2,"") | E106: =IF(4>=8,('Testes estatísticos'!$D$83+'Testes estatísticos'!$D$79)/2,"") | F106: =IF(5>=8,('Testes estatísticos'!$D$83+'Testes estatísticos'!$D$80)/2,"") | G106: =IF(6>=8,('Testes estatísticos'!$D$83+'Testes estatísticos'!$D$81)/2,"") | H106: =IF(7>=8,('Testes estatísticos'!$D$83+'Testes estatísticos'!$D$82)/2,"") | I106: =IF(8>=8,('Testes estatísticos'!$D$83+'Testes estatísticos'!$D$83)/2,"") -> -2.561503 | J106: =IF(9>=8,('Testes estatísticos'!$D$83+'Testes estatísticos'!$D$84)/2,"") -> -2.5097805 | K106: =IF(10>=8,('Testes estatísticos'!$D$83+'Testes estatísticos'!$D$85)/2,"") -> -4.316797 | L106: =IF(11>=8,('Testes estatísticos'!$D$83+'Testes estatísticos'!$D$86)/2,"") -> -4.366942 | M106: =IF(12>=8,('Testes estatísticos'!$D$83+'Testes estatísticos'!$D$87)/2,"") -> -2.2891515 | N106: =IF(13>=8,('Testes estatísticos'!$D$83+'Testes estatísticos'!$D$88)/2,"") -> -2.8179585 | O106: =IF(14>=8,('Testes estatísticos'!$D$83+'Testes estatísticos'!$D$89)/2,"") -> -3.1498655 | P106: =IF(15>=8,('Testes estatísticos'!$D$83+'Testes estatísticos'!$D$90)/2,"") -> -1.3343185 | Q106: =IF(16>=8,('Testes estatísticos'!$D$83+'Testes estatísticos'!$D$91)/2,"") -> -4.024478 | R106: =IF(17>=8,('Testes estatísticos'!$D$83+'Testes estatísticos'!$D$92)/2,"") -> -2.7822715 | S106: =IF(18>=8,('Testes estatísticos'!$D$83+'Testes estatísticos'!$D$93)/2,"") -> -2.538188 | T106: =IF(19>=8,('Testes estatísticos'!$D$83+'Testes estatísticos'!$D$94)/2,"") -> -3.14978 | U106: =IF(20>=8,('Testes estatísticos'!$D$83+'Testes estatísticos'!$D$95)/2,"") -> -5.483912
B107: =IF(1>=9,('Testes estatísticos'!$D$84+'Testes estatísticos'!$D$76)/2,"") | C107: =IF(2>=9,('Testes estatísticos'!$D$84+'Testes estatísticos'!$D$77)/2,"") | D107: =IF(3>=9,('Testes estatísticos'!$D$84+'Testes estatísticos'!$D$78)/2,"") | E107: =IF(4>=9,('Testes estatísticos'!$D$84+'Testes estatísticos'!$D$79)/2,"") | F107: =IF(5>=9,('Testes estatísticos'!$D$84+'Testes estatísticos'!$D$80)/2,"") | G107: =IF(6>=9,('Testes estatísticos'!$D$84+'Testes estatísticos'!$D$81)/2,"") | H107: =IF(7>=9,('Testes estatísticos'!$D$84+'Testes estatísticos'!$D$82)/2,"") | I107: =IF(8>=9,('Testes estatísticos'!$D$84+'Testes estatísticos'!$D$83)/2,"") | J107: =IF(9>=9,('Testes estatísticos'!$D$84+'Testes estatísticos'!$D$84)/2,"") -> -2.458058 | K107: =IF(10>=9,('Testes estatísticos'!$D$84+'Testes estatísticos'!$D$85)/2,"") -> -4.2650745 | L107: =IF(11>=9,('Testes estatísticos'!$D$84+'Testes estatísticos'!$D$86)/2,"") -> -4.3152195 | M107: =IF(12>=9,('Testes estatísticos'!$D$84+'Testes estatísticos'!$D$87)/2,"") -> -2.237429 | N107: =IF(13>=9,('Testes estatísticos'!$D$84+'Testes estatísticos'!$D$88)/2,"") -> -2.766236 | O107: =IF(14>=9,('Testes estatísticos'!$D$84+'Testes estatísticos'!$D$89)/2,"") -> -3.098143 | P107: =IF(15>=9,('Testes estatísticos'!$D$84+'Testes estatísticos'!$D$90)/2,"") -> -1.282596 | Q107: =IF(16>=9,('Testes estatísticos'!$D$84+'Testes estatísticos'!$D$91)/2,"") -> -3.9727555 | R107: =IF(17>=9,('Testes estatísticos'!$D$84+'Testes estatísticos'!$D$92)/2,"") -> -2.730549 | S107: =IF(18>=9,('Testes estatísticos'!$D$84+'Testes estatísticos'!$D$93)/2,"") -> -2.4864655 | T107: =IF(19>=9,('Testes estatísticos'!$D$84+'Testes estatísticos'!$D$94)/2,"") -> -3.0980575 | U107: =IF(20>=9,('Testes estatísticos'!$D$84+'Testes estatísticos'!$D$95)/2,"") -> -5.4321895
B108: =IF(1>=10,('Testes estatísticos'!$D$85+'Testes estatísticos'!$D$76)/2,"") | C108: =IF(2>=10,('Testes estatísticos'!$D$85+'Testes estatísticos'!$D$77)/2,"") | D108: =IF(3>=10,('Testes estatísticos'!$D$85+'Testes estatísticos'!$D$78)/2,"") | E108: =IF(4>=10,('Testes estatísticos'!$D$85+'Testes estatísticos'!$D$79)/2,"") | F108: =IF(5>=10,('Testes estatísticos'!$D$85+'Testes estatísticos'!$D$80)/2,"") | G108: =IF(6>=10,('Testes estatísticos'!$D$85+'Testes estatísticos'!$D$81)/2,"") | H108: =IF(7>=10,('Testes estatísticos'!$D$85+'Testes estatísticos'!$D$82)/2,"") | I108: =IF(8>=10,('Testes estatísticos'!$D$85+'Testes estatísticos'!$D$83)/2,"") | J108: =IF(9>=10,('Testes estatísticos'!$D$85+'Testes estatísticos'!$D$84)/2,"") | K108: =IF(10>=10,('Testes estatísticos'!$D$85+'Testes estatísticos'!$D$85)/2,"") -> -6.072091 | L108: =IF(11>=10,('Testes estatísticos'!$D$85+'Testes estatísticos'!$D$86)/2,"") -> -6.122236 | M108: =IF(12>=10,('Testes estatísticos'!$D$85+'Testes estatísticos'!$D$87)/2,"") -> -4.0444455 | N108: =IF(13>=10,('Testes estatísticos'!$D$85+'Testes estatísticos'!$D$88)/2,"") -> -4.5732525 | O108: =IF(14>=10,('Testes estatísticos'!$D$85+'Testes estatísticos'!$D$89)/2,"") -> -4.9051595 | P108: =IF(15>=10,('Testes estatísticos'!$D$85+'Testes estatísticos'!$D$90)/2,"") -> -3.0896125 | Q108: =IF(16>=10,('Testes estatísticos'!$D$85+'Testes estatísticos'!$D$91)/2,"") -> -5.779772 | R108: =IF(17>=10,('Testes estatísticos'!$D$85+'Testes estatísticos'!$D$92)/2,"") -> -4.5375655 | S108: =IF(18>=10,('Testes estatísticos'!$D$85+'Testes estatísticos'!$D$93)/2,"") -> -4.293482 | T108: =IF(19>=10,('Testes estatísticos'!$D$85+'Testes estatísticos'!$D$94)/2,"") -> -4.905074 | U108: =IF(20>=10,('Testes estatísticos'!$D$85+'Testes estatísticos'!$D$95)/2,"") -> -7.239206
B109: =IF(1>=11,('Testes estatísticos'!$D$86+'Testes estatísticos'!$D$76)/2,"") | C109: =IF(2>=11,('Testes estatísticos'!$D$86+'Testes estatísticos'!$D$77)/2,"") | D109: =IF(3>=11,('Testes estatísticos'!$D$86+'Testes estatísticos'!$D$78)/2,"") | E109: =IF(4>=11,('Testes estatísticos'!$D$86+'Testes estatísticos'!$D$79)/2,"") | F109: =IF(5>=11,('Testes estatísticos'!$D$86+'Testes estatísticos'!$D$80)/2,"") | G109: =IF(6>=11,('Testes estatísticos'!$D$86+'Testes estatísticos'!$D$81)/2,"") | H109: =IF(7>=11,('Testes estatísticos'!$D$86+'Testes estatísticos'!$D$82)/2,"") | I109: =IF(8>=11,('Testes estatísticos'!$D$86+'Testes estatísticos'!$D$83)/2,"") | J109: =IF(9>=11,('Testes estatísticos'!$D$86+'Testes estatísticos'!$D$84)/2,"") | K109: =IF(10>=11,('Testes estatísticos'!$D$86+'Testes estatísticos'!$D$85)/2,"") | L109: =IF(11>=11,('Testes estatísticos'!$D$86+'Testes estatísticos'!$D$86)/2,"") -> -6.172381 | M109: =IF(12>=11,('Testes estatísticos'!$D$86+'Testes estatísticos'!$D$87)/2,"") -> -4.0945905 | N109: =IF(13>=11,('Testes estatísticos'!$D$86+'Testes estatísticos'!$D$88)/2,"") -> -4.6233975 | O109: =IF(14>=11,('Testes estatísticos'!$D$86+'Testes estatísticos'!$D$89)/2,"") -> -4.9553045 | P109: =IF(15>=11,('Testes estatísticos'!$D$86+'Testes estatísticos'!$D$90)/2,"") -> -3.1397575 | Q109: =IF(16>=11,('Testes estatísticos'!$D$86+'Testes estatísticos'!$D$91)/2,"") -> -5.829917 | R109: =IF(17>=11,('Testes estatísticos'!$D$86+'Testes estatísticos'!$D$92)/2,"") -> -4.5877105 | S109: =IF(18>=11,('Testes estatísticos'!$D$86+'Testes estatísticos'!$D$93)/2,"") -> -4.343627 | T109: =IF(19>=11,('Testes estatísticos'!$D$86+'Testes estatísticos'!$D$94)/2,"") -> -4.955219 | U109: =IF(20>=11,('Testes estatísticos'!$D$86+'Testes estatísticos'!$D$95)/2,"") -> -7.289351
...

Sheet Sincronização
A1: SINCRONIZAÇÃO TEMPORAL vs. POR RESPOSTAS — dados e gráficos editáveis
A3: Dados por cenário (apenas os 138 pares concluídos com sucesso pelas duas estratégias)
