Workbook

Sheet Pressupostos
A1: Plano experimental TM12 — Sleep vs. estados 4 cenários de repetibilidade + 4 condições de obstáculos
A4: Condições fixas do estudo | E4: Cenários de repetibilidade — 20 repetições por arquitetura | I4: Condições de obstáculos — 20 repetições por arquitetura
A5: Parâmetro | B5: Valor | E5: ID | F5: Pick XYZ (m) | G5: Place XYZ (m) | I5: ID | J5: Pick XYZ (m) | K5: Place XYZ (m) | L5: Obstáculo
A6: Repetições por cenário e arquitetura | B6: 20 | E6: R01 | F6: (0,55; -0,20; 0,35) | G6: (0,70; 0,20; 0,42) | I6: O07 | J6: (0,88; 0,45; -0,10) | K6: (0,39; 0,93;- 0,14) | L6: (0,577; 0,757; -0,18) | M6: c =0,355 | N6: l= 0,255 | O6: a= 0,12
A7: Project Speed | B7: 0.55 | E7: R04 | F7: (0,70; -0,25; 0,35) | G7: (0,52; -0,25; 0,42) | I7: O03 | J7: (1,050;-0,050;-0,140) | K7: (0,70; 0,32; -0,140) | L7: (0,932; 0,239; -0,18) | M7: c =0,355 | N7: l= 0,255 | O7: a= 0,12
A8: Planeador principal | B8: RRTConnect | E8: R08 | F8: (0,55; 0,30; 0,35) | G8: (0,75; -0,25; 0,42) | I8: O13 | J8: (1,21;0,11;-0,02 | K8: (0,88; 0,48; - 0,030) | L8: (1.0170; 0.3220; -0.0625) | M8: c =0,255 | N8: l= 0,12 | O8: a= 0,355
E9: R10 | F9: (0,75; 0,30; 0,35) | G9: (0,50; -0,30; 0,42) | I9: O17 | J9: (0,72; 0,63; -0,03) | K9: (0,25; 0,97; -0,05) | L9: (0,495; 0,845; -0,0625) | M9: c =0,255 | N9: l= 0,12 | O9: a= 0,355
A11: Configuração temporal | E11: Definições operacionais e análise estatística
A12: Fase | B12: Timeout W/R (ms) | C12: Sleep seguinte (ms) | E12: Métrica | F12: Definição | G12: Métrica | H12: Definição | I12: Nota
A13: STATUS | B13: 2000 | C13: 1000 | E13: Tempo total | F13: PICK até resposta FINISH | G13: Espera improdutiva | H13: Soma dos intervalos resposta → comando seguinte | I13: O Sleep inicial antes de PICK fica documentado, mas fora do ciclo.
A14: PICK | B14: 10000 | C14: 300 | E14: Timeout | F14: Resposta excede o limite | G14: Prematuro | H14: Novo comando com outro pendente | I14: Aproximação normal.
A15: TARGET_PICK | B15: 10000 | C15: 300 | E15: Taxa de sucesso | F15: Ciclos com sucesso / ciclos concluídos | G15: Recuperação | H15: Falha até regresso seguro/PRONTO | I15: Confirmar normalidade das diferenças.
A16: MOVE_PICK | B16: 95000 | C16: 300 | E16: Variabilidade | F16: Desvio-padrão, IQR e CV | G16: Falha | H16: Erro que impede conclusão normal | I16: Executar fora do Excel se necessário.
A17: CLOSE | B17: 35000 | C17: 300 | E17: Fase | F17: Comando individual do ciclo | G17: Resposta fase | H17: Comando até resposta correspondente | I17: Não apagar falhas.
A18: TARGET_PLACE | B18: 10000 | C18: 300
A19: MOVE_PLACE | B19: 95000 | C19: 300
A20: OPEN | B20: 35000 | C20: 300
A21: FINISH_HOME | B21: 95000 | C21: 0
A50: Definição operacional do tempo de recuperação (revisão de 2026-08-18)
A51: Tempo de recuperação = intervalo entre a receção da primeira resposta de erro e a receção da resposta terminal ao cancelamento, medido no registo SentinelProcessEngine20260724 do VisionCore. A arquitetura temporal não possui ramo de erro: não lê a resposta, não deteta a falha e o fluxo não contém blocos de cancelamento. Nas 147 condições incluídas na análise comparativa não existe nenhum CANCEL nesta arquitetura. O único CANCEL presente no ficheiro temporal_ciclos.csv (TEMP_156) pertence a uma sessão posterior, executada fora da sequência de ensaios, e não integra a comparação. Os valores antes inscritos na coluna da arquitetura temporal são anotações manuais do tempo até à retoma pelo operador, não são comparáveis com os da arquitetura por respostas e não são reportados no Capítulo 5.

Sheet Resumo
A1: Resumo estatístico — ciclo completo Média, mediana, variabilidade, IC 95%, outliers e comparação emparelhada
A4: Chave | B4: Conjunto | C4: Cenário | D4: n | E4: Taxa sucesso | F4: Média total (s) | G4: Mediana (s) | H4: Desvio-padrão (s) | I4: CV | J4: Mínimo (s) | K4: Máximo (s) | L4: Q1 | M4: Q3 | N4: IQR | O4: Limite inferior | P4: Limite superior | Q4: IC95 inferior | R4: IC95 superior | S4: Espera média (s) | T4: Timeouts | U4: Prematuros | V4: Falhas | W4: Recuperação média (s)
A5: Repetibilidade|R01|Temporal (Sleep + Write/Read) | B5: Repetibilidade | C5: R01 | D5: =COUNT(Rep_Ciclos!$C$5:$C$24) -> 20 | E5: =IF(D5=0,"",SUM(Rep_Ciclos!$G$5:$G$24)/D5) -> 1 | F5: =IF(D5=0,"",AVERAGE(Rep_Ciclos!$C$5:$C$24)) -> 50.650789 | G5: =IF(D5=0,"",MEDIAN(Rep_Ciclos!$C$5:$C$24)) -> 50.413238 | H5: =IF(D5<2,"",_xlfn.STDEV.S(Rep_Ciclos!$C$5:$C$24)) -> 3.2554115 | I5: =IF(OR(D5<2,F5=0),"",H5/F5) -> 0.064271685 | J5: =IF(D5=0,"",MIN(Rep_Ciclos!$C$5:$C$24)) -> 45.297633 | K5: =IF(D5=0,"",MAX(Rep_Ciclos!$C$5:$C$24)) -> 55.602209 | L5: =IF(D5=0,"",_xlfn.QUARTILE.INC(Rep_Ciclos!$C$5:$C$24,1)) -> 48.238245 | M5: =IF(D5=0,"",_xlfn.QUARTILE.INC(Rep_Ciclos!$C$5:$C$24,3)) -> 53.529413 | N5: =IF(D5=0,"",M5-L5) -> 5.2911685 | O5: =IF(D5=0,"",L5-1.5*N5) -> 40.301492 | P5: =IF(D5=0,"",M5+1.5*N5) -> 61.466166 | Q5: =IF(D5<2,"",F5-1.96*H5/SQRT(D5)) -> 49.224042 | R5: =IF(D5<2,"",F5+1.96*H5/SQRT(D5)) -> 52.077536 | S5: =IF(D5=0,"",AVERAGE(Rep_Ciclos!$D$5:$D$24)) -> 3.2159802 | T5: =IF(D5=0,"",SUM(Rep_Ciclos!$E$5:$E$24)) -> 0 | U5: =IF(D5=0,"",SUM(Rep_Ciclos!$F$5:$F$24)) -> 0 | V5: =IF(D5=0,"",SUM(Rep_Ciclos!$I$5:$I$24)) -> 0 | W5: =IF(D5=0,"",IFERROR(SUMIF(Rep_Ciclos!$I$5:$I$24,">0",Rep_Ciclos!$J$5:$J$24)/COUNTIF(Rep_Ciclos!$I$5:$I$24,">0"),0)) -> 0
A6: Repetibilidade|R01|Estados (respostas + validação) | B6: Repetibilidade | C6: R01E | D6: =COUNT(Rep_Ciclos!$C$27:$C$46) -> 20 | E6: =IF(D6=0,"",SUM(Rep_Ciclos!$G$27:$G$46)/D6) -> 0.9 | F6: =IF(D6=0,"",AVERAGE(Rep_Ciclos!$C$27:$C$46)) -> 46.95605 | G6: =IF(D6=0,"",MEDIAN(Rep_Ciclos!$C$27:$C$46)) -> 48.078 | H6: =IF(D6<2,"",_xlfn.STDEV.S(Rep_Ciclos!$C$27:$C$46)) -> 4.5337113 | I6: =IF(OR(D6<2,F6=0),"",H6/F6) -> 0.096552228 | J6: =IF(D6=0,"",MIN(Rep_Ciclos!$C$27:$C$46)) -> 33.634 | K6: =IF(D6=0,"",MAX(Rep_Ciclos!$C$27:$C$46)) -> 53.615 | L6: =IF(D6=0,"",_xlfn.QUARTILE.INC(Rep_Ciclos!$C$27:$C$46,1)) -> 43.51725 | M6: =IF(D6=0,"",_xlfn.QUARTILE.INC(Rep_Ciclos!$C$27:$C$46,3)) -> 49.27975 | N6: =IF(D6=0,"",M6-L6) -> 5.7625 | O6: =IF(D6=0,"",L6-1.5*N6) -> 34.8735 | P6: =IF(D6=0,"",M6+1.5*N6) -> 57.9235 | Q6: =IF(D6<2,"",F6-1.96*H6/SQRT(D6)) -> 44.969063 | R6: =IF(D6<2,"",F6+1.96*H6/SQRT(D6)) -> 48.943037 | S6: =IF(D6=0,"",AVERAGE(Rep_Ciclos!$D$27:$D$46)) -> 1.0882 | T6: =IF(D6=0,"",SUM(Rep_Ciclos!$E$27:$E$46)) -> 0 | U6: =IF(D6=0,"",SUM(Rep_Ciclos!$F$27:$F$46)) -> 0 | V6: =IF(D6=0,"",SUM(Rep_Ciclos!$I$27:$I$46)) -> 2 | W6: =IF(D6=0,"",IFERROR(SUMIF(Rep_Ciclos!$I$27:$I$46,">0",Rep_Ciclos!$J$27:$J$46)/COUNTIF(Rep_Ciclos!$I$27:$I$46,">0"),0)) -> 6.05
A7: Repetibilidade|R04|Temporal (Sleep + Write/Read) | B7: Repetibilidade | C7: R04 | D7: =COUNT(Rep_Ciclos!$R$5:$R$24) -> 20 | E7: =IF(D7=0,"",SUM(Rep_Ciclos!$V$5:$V$24)/D7) -> 1 | F7: =IF(D7=0,"",AVERAGE(Rep_Ciclos!$R$5:$R$24)) -> 46.273134 | G7: =IF(D7=0,"",MEDIAN(Rep_Ciclos!$R$5:$R$24)) -> 45.062233 | H7: =IF(D7<2,"",_xlfn.STDEV.S(Rep_Ciclos!$R$5:$R$24)) -> 1.9028096 | I7: =IF(OR(D7<2,F7=0),"",H7/F7) -> 0.041121261 | J7: =IF(D7=0,"",MIN(Rep_Ciclos!$R$5:$R$24)) -> 44.793365 | K7: =IF(D7=0,"",MAX(Rep_Ciclos!$R$5:$R$24)) -> 50.397911 | L7: =IF(D7=0,"",_xlfn.QUARTILE.INC(Rep_Ciclos!$R$5:$R$24,1)) -> 44.968973 | M7: =IF(D7=0,"",_xlfn.QUARTILE.INC(Rep_Ciclos!$R$5:$R$24,3)) -> 46.762417 | N7: =IF(D7=0,"",M7-L7) -> 1.7934443 | O7: =IF(D7=0,"",L7-1.5*N7) -> 42.278807 | P7: =IF(D7=0,"",M7+1.5*N7) -> 49.452584 | Q7: =IF(D7<2,"",F7-1.96*H7/SQRT(D7)) -> 45.439191 | R7: =IF(D7<2,"",F7+1.96*H7/SQRT(D7)) -> 47.107077 | S7: =IF(D7=0,"",AVERAGE(Rep_Ciclos!$S$5:$S$24)) -> 3.2367335 | T7: =IF(D7=0,"",SUM(Rep_Ciclos!$T$5:$T$24)) -> 0 | U7: =IF(D7=0,"",SUM(Rep_Ciclos!$U$5:$U$24)) -> 0 | V7: =IF(D7=0,"",SUM(Rep_Ciclos!$X$5:$X$24)) -> 0 | W7: =IF(D7=0,"",IFERROR(SUMIF(Rep_Ciclos!$X$5:$X$24,">0",Rep_Ciclos!$Y$5:$Y$24)/COUNTIF(Rep_Ciclos!$X$5:$X$24,">0"),0)) -> 0
A8: Repetibilidade|R04|Estados (respostas + validação) | B8: Repetibilidade | C8: R04E | D8: =COUNT(Rep_Ciclos!$R$27:$R$46) -> 20 | E8: =IF(D8=0,"",SUM(Rep_Ciclos!$V$27:$V$46)/D8) -> 1 | F8: =IF(D8=0,"",AVERAGE(Rep_Ciclos!$R$27:$R$46)) -> 43.814484 | G8: =IF(D8=0,"",MEDIAN(Rep_Ciclos!$R$27:$R$46)) -> 42.806957 | H8: =IF(D8<2,"",_xlfn.STDEV.S(Rep_Ciclos!$R$27:$R$46)) -> 1.8668581 | I8: =IF(OR(D8<2,F8=0),"",H8/F8) -> 0.04260824 | J8: =IF(D8=0,"",MIN(Rep_Ciclos!$R$27:$R$46)) -> 42.650284 | K8: =IF(D8=0,"",MAX(Rep_Ciclos!$R$27:$R$46)) -> 48.329302 | L8: =IF(D8=0,"",_xlfn.QUARTILE.INC(Rep_Ciclos!$R$27:$R$46,1)) -> 42.73558 | M8: =IF(D8=0,"",_xlfn.QUARTILE.INC(Rep_Ciclos!$R$27:$R$46,3)) -> 44.280104 | N8: =IF(D8=0,"",M8-L8) -> 1.544524 | O8: =IF(D8=0,"",L8-1.5*N8) -> 40.418794 | P8: =IF(D8=0,"",M8+1.5*N8) -> 46.59689 | Q8: =IF(D8<2,"",F8-1.96*H8/SQRT(D8)) -> 42.996297 | R8: =IF(D8<2,"",F8+1.96*H8/SQRT(D8)) -> 44.63267 | S8: =IF(D8=0,"",AVERAGE(Rep_Ciclos!$S$27:$S$46)) -> 1.062422 | T8: =IF(D8=0,"",SUM(Rep_Ciclos!$T$27:$T$46)) -> 0 | U8: =IF(D8=0,"",SUM(Rep_Ciclos!$U$27:$U$46)) -> 0 | V8: =IF(D8=0,"",SUM(Rep_Ciclos!$X$27:$X$46)) -> 0 | W8: =IF(D8=0,"",IFERROR(SUMIF(Rep_Ciclos!$X$27:$X$46,">0",Rep_Ciclos!$Y$27:$Y$46)/COUNTIF(Rep_Ciclos!$X$27:$X$46,">0"),0)) -> 0
A9: Repetibilidade|R08|Temporal (Sleep + Write/Read) | B9: Repetibilidade | C9: R08 | D9: =COUNT(Rep_Ciclos!$AG$5:$AG$24) -> 20 | E9: =IF(D9=0,"",SUM(Rep_Ciclos!$AK$5:$AK$24)/D9) -> 0.95 | F9: =IF(D9=0,"",AVERAGE(Rep_Ciclos!$AG$5:$AG$24)) -> 47.388787 | G9: =IF(D9=0,"",MEDIAN(Rep_Ciclos!$AG$5:$AG$24)) -> 48.145537 | H9: =IF(D9<2,"",_xlfn.STDEV.S(Rep_Ciclos!$AG$5:$AG$24)) -> 5.0999123 | I9: =IF(OR(D9<2,F9=0),"",H9/F9) -> 0.10761855 | J9: =IF(D9=0,"",MIN(Rep_Ciclos!$AG$5:$AG$24)) -> 28.181661 | K9: =IF(D9=0,"",MAX(Rep_Ciclos!$AG$5:$AG$24)) -> 52.341899 | L9: =IF(D9=0,"",_xlfn.QUARTILE.INC(Rep_Ciclos!$AG$5:$AG$24,1)) -> 45.449249 | M9: =IF(D9=0,"",_xlfn.QUARTILE.INC(Rep_Ciclos!$AG$5:$AG$24,3)) -> 50.230511 | N9: =IF(D9=0,"",M9-L9) -> 4.7812613 | O9: =IF(D9=0,"",L9-1.5*N9) -> 38.277357 | P9: =IF(D9=0,"",M9+1.5*N9) -> 57.402402 | Q9: =IF(D9<2,"",F9-1.96*H9/SQRT(D9)) -> 45.153652 | R9: =IF(D9<2,"",F9+1.96*H9/SQRT(D9)) -> 49.623922 | S9: =IF(D9=0,"",AVERAGE(Rep_Ciclos!$AH$5:$AH$24)) -> 3.2173127 | T9: =IF(D9=0,"",SUM(Rep_Ciclos!$AI$5:$AI$24)) -> 0 | U9: =IF(D9=0,"",SUM(Rep_Ciclos!$AJ$5:$AJ$24)) -> 0 | V9: =IF(D9=0,"",SUM(Rep_Ciclos!$AM$5:$AM$24)) -> 1 | W9: =IF(D9=0,"",IFERROR(SUMIF(Rep_Ciclos!$AM$5:$AM$24,">0",Rep_Ciclos!$AN$5:$AN$24)/COUNTIF(Rep_Ciclos!$AM$5:$AM$24,">0"),0)) -> 12.6
A10: Repetibilidade|R08|Estados (respostas + validação) | B10: Repetibilidade | C10: R08E | D10: =COUNT(Rep_Ciclos!$AG$27:$AG$46) -> 20 | E10: =IF(D10=0,"",SUM(Rep_Ciclos!$AK$27:$AK$46)/D10) -> 0.9 | F10: =IF(D10=0,"",AVERAGE(Rep_Ciclos!$AG$27:$AG$46)) -> 43.017507 | G10: =IF(D10=0,"",MEDIAN(Rep_Ciclos!$AG$27:$AG$46)) -> 44.838845 | H10: =IF(D10<2,"",_xlfn.STDEV.S(Rep_Ciclos!$AG$27:$AG$46)) -> 13.147875 | I10: =IF(OR(D10<2,F10=0),"",H10/F10) -> 0.3056401 | J10: =IF(D10=0,"",MIN(Rep_Ciclos!$AG$27:$AG$46)) -> 6.192219 | K10: =IF(D10=0,"",MAX(Rep_Ciclos!$AG$27:$AG$46)) -> 55.879504 | L10: =IF(D10=0,"",_xlfn.QUARTILE.INC(Rep_Ciclos!$AG$27:$AG$46,1)) -> 43.923187 | M10: =IF(D10=0,"",_xlfn.QUARTILE.INC(Rep_Ciclos!$AG$27:$AG$46,3)) -> 48.664011 | N10: =IF(D10=0,"",M10-L10) -> 4.740823 | O10: =IF(D10=0,"",L10-1.5*N10) -> 36.811953 | P10: =IF(D10=0,"",M10+1.5*N10) -> 55.775245 | Q10: =IF(D10<2,"",F10-1.96*H10/SQRT(D10)) -> 37.255196 | R10: =IF(D10<2,"",F10+1.96*H10/SQRT(D10)) -> 48.779817 | S10: =IF(D10=0,"",AVERAGE(Rep_Ciclos!$AH$27:$AH$46)) -> 1.0315359 | T10: =IF(D10=0,"",SUM(Rep_Ciclos!$AI$27:$AI$46)) -> 0 | U10: =IF(D10=0,"",SUM(Rep_Ciclos!$AJ$27:$AJ$46)) -> 0 | V10: =IF(D10=0,"",SUM(Rep_Ciclos!$AM$27:$AM$46)) -> 2 | W10: =IF(D10=0,"",IFERROR(SUMIF(Rep_Ciclos!$AM$27:$AM$46,">0",Rep_Ciclos!$AN$27:$AN$46)/COUNTIF(Rep_Ciclos!$AM$27:$AM$46,">0"),0)) -> 6.75
A11: Repetibilidade|R10|Temporal (Sleep + Write/Read) | B11: Repetibilidade | C11: R10 | D11: =COUNT(Rep_Ciclos!$AV$5:$AV$24) -> 20 | E11: =IF(D11=0,"",SUM(Rep_Ciclos!$AZ$5:$AZ$24)/D11) -> 0.85 | F11: =IF(D11=0,"",AVERAGE(Rep_Ciclos!$AV$5:$AV$24)) -> 47.705359 | G11: =IF(D11=0,"",MEDIAN(Rep_Ciclos!$AV$5:$AV$24)) -> 50.275163 | H11: =IF(D11<2,"",_xlfn.STDEV.S(Rep_Ciclos!$AV$5:$AV$24)) -> 8.3955048 | I11: =IF(OR(D11<2,F11=0),"",H11/F11) -> 0.17598662 | J11: =IF(D11=0,"",MIN(Rep_Ciclos!$AV$5:$AV$24)) -> 28.575338 | K11: =IF(D11=0,"",MAX(Rep_Ciclos!$AV$5:$AV$24)) -> 56.109755 | L11: =IF(D11=0,"",_xlfn.QUARTILE.INC(Rep_Ciclos!$AV$5:$AV$24,1)) -> 46.617645 | M11: =IF(D11=0,"",_xlfn.QUARTILE.INC(Rep_Ciclos!$AV$5:$AV$24,3)) -> 52.214968 | N11: =IF(D11=0,"",M11-L11) -> 5.5973222 | O11: =IF(D11=0,"",L11-1.5*N11) -> 38.221662 | P11: =IF(D11=0,"",M11+1.5*N11) -> 60.610951 | Q11: =IF(D11<2,"",F11-1.96*H11/SQRT(D11)) -> 44.025867 | R11: =IF(D11<2,"",F11+1.96*H11/SQRT(D11)) -> 51.384851 | S11: =IF(D11=0,"",AVERAGE(Rep_Ciclos!$AW$5:$AW$24)) -> 3.3282079 | T11: =IF(D11=0,"",SUM(Rep_Ciclos!$AX$5:$AX$24)) -> 0 | U11: =IF(D11=0,"",SUM(Rep_Ciclos!$AY$5:$AY$24)) -> 0 | V11: =IF(D11=0,"",SUM(Rep_Ciclos!$BB$5:$BB$24)) -> 3 | W11: =IF(D11=0,"",IFERROR(SUMIF(Rep_Ciclos!$BB$5:$BB$24,">0",Rep_Ciclos!$BC$5:$BC$24)/COUNTIF(Rep_Ciclos!$BB$5:$BB$24,">0"),0)) -> 11.966667
A12: Repetibilidade|R10|Estados (respostas + validação) | B12: Repetibilidade | C12: R10E | D12: =COUNT(Rep_Ciclos!$AV$27:$AV$46) -> 20 | E12: =IF(D12=0,"",SUM(Rep_Ciclos!$AZ$27:$AZ$46)/D12) -> 0.95 | F12: =IF(D12=0,"",AVERAGE(Rep_Ciclos!$AV$27:$AV$46)) -> 46.837471 | G12: =IF(D12=0,"",MEDIAN(Rep_Ciclos!$AV$27:$AV$46)) -> 48.73554 | H12: =IF(D12<2,"",_xlfn.STDEV.S(Rep_Ciclos!$AV$27:$AV$46)) -> 9.9886799 | I12: =IF(OR(D12<2,F12=0),"",H12/F12) -> 0.21326258 | J12: =IF(D12=0,"",MIN(Rep_Ciclos!$AV$27:$AV$46)) -> 6.113277 | K12: =IF(D12=0,"",MAX(Rep_Ciclos!$AV$27:$AV$46)) -> 53.955051 | L12: =IF(D12=0,"",_xlfn.QUARTILE.INC(Rep_Ciclos!$AV$27:$AV$46,1)) -> 47.242883 | M12: =IF(D12=0,"",_xlfn.QUARTILE.INC(Rep_Ciclos!$AV$27:$AV$46,3)) -> 50.220708 | N12: =IF(D12=0,"",M12-L12) -> 2.9778245 | O12: =IF(D12=0,"",L12-1.5*N12) -> 42.776146 | P12: =IF(D12=0,"",M12+1.5*N12) -> 54.687444 | Q12: =IF(D12<2,"",F12-1.96*H12/SQRT(D12)) -> 42.459739 | R12: =IF(D12<2,"",F12+1.96*H12/SQRT(D12)) -> 51.215203 | S12: =IF(D12=0,"",AVERAGE(Rep_Ciclos!$AW$27:$AW$46)) -> 1.0657459 | T12: =IF(D12=0,"",SUM(Rep_Ciclos!$AX$27:$AX$46)) -> 0 | U12: =IF(D12=0,"",SUM(Rep_Ciclos!$AY$27:$AY$46)) -> 0 | V12: =IF(D12=0,"",SUM(Rep_Ciclos!$BB$27:$BB$46)) -> 1 | W12: =IF(D12=0,"",IFERROR(SUMIF(Rep_Ciclos!$BB$27:$BB$46,">0",Rep_Ciclos!$BC$27:$BC$46)/COUNTIF(Rep_Ciclos!$BB$27:$BB$46,">0"),0)) -> 6.8
A13: Obstáculos|O07|Temporal (Sleep + Write/Read) | B13: Obstáculos | C13: O07 | D13: =COUNT(Obs_Ciclos!$C$5:$C$24) -> 20 | E13: =IF(D13=0,"",SUM(Obs_Ciclos!$G$5:$G$24)/D13) -> 1 | F13: =IF(D13=0,"",AVERAGE(Obs_Ciclos!$C$5:$C$24)) -> 50.888972 | G13: =IF(D13=0,"",MEDIAN(Obs_Ciclos!$C$5:$C$24)) -> 50.16863 | H13: =IF(D13<2,"",_xlfn.STDEV.S(Obs_Ciclos!$C$5:$C$24)) -> 1.5545822 | I13: =IF(OR(D13<2,F13=0),"",H13/F13) -> 0.030548509 | J13: =IF(D13=0,"",MIN(Obs_Ciclos!$C$5:$C$24)) -> 49.151743 | K13: =IF(D13=0,"",MAX(Obs_Ciclos!$C$5:$C$24)) -> 56.114478 | L13: =IF(D13=0,"",_xlfn.QUARTILE.INC(Obs_Ciclos!$C$5:$C$24,1)) -> 50.0424 | M13: =IF(D13=0,"",_xlfn.QUARTILE.INC(Obs_Ciclos!$C$5:$C$24,3)) -> 51.597563 | N13: =IF(D13=0,"",M13-L13) -> 1.5551635 | O13: =IF(D13=0,"",L13-1.5*N13) -> 47.709655 | P13: =IF(D13=0,"",M13+1.5*N13) -> 53.930309 | Q13: =IF(D13<2,"",F13-1.96*H13/SQRT(D13)) -> 50.207646 | R13: =IF(D13<2,"",F13+1.96*H13/SQRT(D13)) -> 51.570297 | S13: =IF(D13=0,"",AVERAGE(Obs_Ciclos!$D$5:$D$24)) -> 3.3792034 | T13: =IF(D13=0,"",SUM(Obs_Ciclos!$E$5:$E$24)) -> 0 | U13: =IF(D13=0,"",SUM(Obs_Ciclos!$F$5:$F$24)) -> 0 | V13: =IF(D13=0,"",SUM(Obs_Ciclos!$I$5:$I$24)) -> 0 | W13: =IF(D13=0,"",IFERROR(SUMIF(Obs_Ciclos!$I$5:$I$24,">0",Obs_Ciclos!$J$5:$J$24)/COUNTIF(Obs_Ciclos!$I$5:$I$24,">0"),0)) -> 0
A14: Obstáculos|O07|Estados (respostas + validação) | B14: Obstáculos | C14: O07E | D14: =COUNT(Obs_Ciclos!$C$27:$C$46) -> 20 | E14: =IF(D14=0,"",SUM(Obs_Ciclos!$G$27:$G$46)/D14) -> 1 | F14: =IF(D14=0,"",AVERAGE(Obs_Ciclos!$C$27:$C$46)) -> 47.742953 | G14: =IF(D14=0,"",MEDIAN(Obs_Ciclos!$C$27:$C$46)) -> 46.922506 | H14: =IF(D14<2,"",_xlfn.STDEV.S(Obs_Ciclos!$C$27:$C$46)) -> 2.9635511 | I14: =IF(OR(D14<2,F14=0),"",H14/F14) -> 0.062073057 | J14: =IF(D14=0,"",MIN(Obs_Ciclos!$C$27:$C$46)) -> 45.363616 | K14: =IF(D14=0,"",MAX(Obs_Ciclos!$C$27:$C$46)) -> 55.880272 | L14: =IF(D14=0,"",_xlfn.QUARTILE.INC(Obs_Ciclos!$C$27:$C$46,1)) -> 45.967743 | M14: =IF(D14=0,"",_xlfn.QUARTILE.INC(Obs_Ciclos!$C$27:$C$46,3)) -> 47.735731 | N14: =IF(D14=0,"",M14-L14) -> 1.7679873 | O14: =IF(D14=0,"",L14-1.5*N14) -> 43.315763 | P14: =IF(D14=0,"",M14+1.5*N14) -> 50.387712 | Q14: =IF(D14<2,"",F14-1.96*H14/SQRT(D14)) -> 46.444119 | R14: =IF(D14<2,"",F14+1.96*H14/SQRT(D14)) -> 49.041786 | S14: =IF(D14=0,"",AVERAGE(Obs_Ciclos!$D$27:$D$46)) -> 1.0413424 | T14: =IF(D14=0,"",SUM(Obs_Ciclos!$E$27:$E$46)) -> 0 | U14: =IF(D14=0,"",SUM(Obs_Ciclos!$F$27:$F$46)) -> 0 | V14: =IF(D14=0,"",SUM(Obs_Ciclos!$I$27:$I$46)) -> 0 | W14: =IF(D14=0,"",IFERROR(SUMIF(Obs_Ciclos!$I$27:$I$46,">0",Obs_Ciclos!$J$27:$J$46)/COUNTIF(Obs_Ciclos!$I$27:$I$46,">0"),0)) -> 0
A15: Obstáculos|O03|Temporal (Sleep + Write/Read) | B15: Obstáculos | C15: O03 | D15: =COUNT(Obs_Ciclos!$Q$5:$Q$24) -> 20 | E15: =IF(D15=0,"",SUM(Obs_Ciclos!$U$5:$U$24)/D15) -> 1 | F15: =IF(D15=0,"",AVERAGE(Obs_Ciclos!$Q$5:$Q$24)) -> 51.012385 | G15: =IF(D15=0,"",MEDIAN(Obs_Ciclos!$Q$5:$Q$24)) -> 50.966386 | H15: =IF(D15<2,"",_xlfn.STDEV.S(Obs_Ciclos!$Q$5:$Q$24)) -> 0.23792009 | I15: =IF(OR(D15<2,F15=0),"",H15/F15) -> 0.0046639671 | J15: =IF(D15=0,"",MIN(Obs_Ciclos!$Q$5:$Q$24)) -> 50.651345 | K15: =IF(D15=0,"",MAX(Obs_Ciclos!$Q$5:$Q$24)) -> 51.59837 | L15: =IF(D15=0,"",_xlfn.QUARTILE.INC(Obs_Ciclos!$Q$5:$Q$24,1)) -> 50.866733 | M15: =IF(D15=0,"",_xlfn.QUARTILE.INC(Obs_Ciclos!$Q$5:$Q$24,3)) -> 51.08889 | N15: =IF(D15=0,"",M15-L15) -> 0.22215667 | O15: =IF(D15=0,"",L15-1.5*N15) -> 50.533498 | P15: =IF(D15=0,"",M15+1.5*N15) -> 51.422125 | Q15: =IF(D15<2,"",F15-1.96*H15/SQRT(D15)) -> 50.908112 | R15: =IF(D15<2,"",F15+1.96*H15/SQRT(D15)) -> 51.116659 | S15: =IF(D15=0,"",AVERAGE(Obs_Ciclos!$R$5:$R$24)) -> 3.3830233 | T15: =IF(D15=0,"",SUM(Obs_Ciclos!$S$5:$S$24)) -> 0 | U15: =IF(D15=0,"",SUM(Obs_Ciclos!$T$5:$T$24)) -> 0 | V15: =IF(D15=0,"",SUM(Obs_Ciclos!$W$5:$W$24)) -> 0 | W15: =IF(D15=0,"",IFERROR(SUMIF(Obs_Ciclos!$W$5:$W$24,">0",Obs_Ciclos!$X$5:$X$24)/COUNTIF(Obs_Ciclos!$W$5:$W$24,">0"),0)) -> 0
A16: Obstáculos|O03|Estados (respostas + validação) | B16: Obstáculos | C16: O03E | D16: =COUNT(Obs_Ciclos!$Q$27:$Q$46) -> 20 | E16: =IF(D16=0,"",SUM(Obs_Ciclos!$U$27:$U$46)/D16) -> 0.95 | F16: =IF(D16=0,"",AVERAGE(Obs_Ciclos!$Q$27:$Q$46)) -> 46.828729 | G16: =IF(D16=0,"",MEDIAN(Obs_Ciclos!$Q$27:$Q$46)) -> 47.081256 | H16: =IF(D16<2,"",_xlfn.STDEV.S(Obs_Ciclos!$Q$27:$Q$46)) -> 2.8659411 | I16: =IF(OR(D16<2,F16=0),"",H16/F16) -> 0.061200489 | J16: =IF(D16=0,"",MIN(Obs_Ciclos!$Q$27:$Q$46)) -> 35.404106 | K16: =IF(D16=0,"",MAX(Obs_Ciclos!$Q$27:$Q$46)) -> 51.5289 | L16: =IF(D16=0,"",_xlfn.QUARTILE.INC(Obs_Ciclos!$Q$27:$Q$46,1)) -> 46.989756 | M16: =IF(D16=0,"",_xlfn.QUARTILE.INC(Obs_Ciclos!$Q$27:$Q$46,3)) -> 47.444831 | N16: =IF(D16=0,"",M16-L16) -> 0.4550755 | O16: =IF(D16=0,"",L16-1.5*N16) -> 46.307142 | P16: =IF(D16=0,"",M16+1.5*N16) -> 48.127444 | Q16: =IF(D16<2,"",F16-1.96*H16/SQRT(D16)) -> 45.572675 | R16: =IF(D16<2,"",F16+1.96*H16/SQRT(D16)) -> 48.084783 | S16: =IF(D16=0,"",AVERAGE(Obs_Ciclos!$R$27:$R$46)) -> 1.0818488 | T16: =IF(D16=0,"",SUM(Obs_Ciclos!$S$27:$S$46)) -> 0 | U16: =IF(D16=0,"",SUM(Obs_Ciclos!$T$27:$T$46)) -> 0 | V16: =IF(D16=0,"",SUM(Obs_Ciclos!$W$27:$W$46)) -> 1 | W16: =IF(D16=0,"",IFERROR(SUMIF(Obs_Ciclos!$W$27:$W$46,">0",Obs_Ciclos!$X$27:$X$46)/COUNTIF(Obs_Ciclos!$W$27:$W$46,">0"),0)) -> 14.342824
A17: Obstáculos|O13|Temporal (Sleep + Write/Read) | B17: Obstáculos | C17: O13 | D17: =COUNT(Obs_Ciclos!$AE$5:$AE$24) -> 20 | E17: =IF(D17=0,"",SUM(Obs_Ciclos!$AI$5:$AI$24)/D17) -> 1 | F17: =IF(D17=0,"",AVERAGE(Obs_Ciclos!$AE$5:$AE$24)) -> 47.753476 | G17: =IF(D17=0,"",MEDIAN(Obs_Ciclos!$AE$5:$AE$24)) -> 47.172206 | H17: =IF(D17<2,"",_xlfn.STDEV.S(Obs_Ciclos!$AE$5:$AE$24)) -> 2.4924664 | I17: =IF(OR(D17<2,F17=0),"",H17/F17) -> 0.05219445 | J17: =IF(D17=0,"",MIN(Obs_Ciclos!$AE$5:$AE$24)) -> 47.047639 | K17: =IF(D17=0,"",MAX(Obs_Ciclos!$AE$5:$AE$24)) -> 58.322647 | L17: =IF(D17=0,"",_xlfn.QUARTILE.INC(Obs_Ciclos!$AE$5:$AE$24,1)) -> 47.131399 | M17: =IF(D17=0,"",_xlfn.QUARTILE.INC(Obs_Ciclos!$AE$5:$AE$24,3)) -> 47.233413 | N17: =IF(D17=0,"",M17-L17) -> 0.1020145 | O17: =IF(D17=0,"",L17-1.5*N17) -> 46.978377 | P17: =IF(D17=0,"",M17+1.5*N17) -> 47.386435 | Q17: =IF(D17<2,"",F17-1.96*H17/SQRT(D17)) -> 46.661104 | R17: =IF(D17<2,"",F17+1.96*H17/SQRT(D17)) -> 48.845847 | S17: =IF(D17=0,"",AVERAGE(Obs_Ciclos!$AF$5:$AF$24)) -> 3.2444821 | T17: =IF(D17=0,"",SUM(Obs_Ciclos!$AG$5:$AG$24)) -> 0 | U17: =IF(D17=0,"",SUM(Obs_Ciclos!$AH$5:$AH$24)) -> 0 | V17: =IF(D17=0,"",SUM(Obs_Ciclos!$AK$5:$AK$24)) -> 0 | W17: =IF(D17=0,"",IFERROR(SUMIF(Obs_Ciclos!$AK$5:$AK$24,">0",Obs_Ciclos!$AL$5:$AL$24)/COUNTIF(Obs_Ciclos!$AK$5:$AK$24,">0"),0)) -> 0
A18: Obstáculos|O13|Estados (respostas + validação) | B18: Obstáculos | C18: O13E | D18: =COUNT(Obs_Ciclos!$AE$27:$AE$46) -> 20 | E18: =IF(D18=0,"",SUM(Obs_Ciclos!$AI$27:$AI$46)/D18) -> 1 | F18: =IF(D18=0,"",AVERAGE(Obs_Ciclos!$AE$27:$AE$46)) -> 46.603217 | G18: =IF(D18=0,"",MEDIAN(Obs_Ciclos!$AE$27:$AE$46)) -> 45.068642 | H18: =IF(D18<2,"",_xlfn.STDEV.S(Obs_Ciclos!$AE$27:$AE$46)) -> 3.0248676 | I18: =IF(OR(D18<2,F18=0),"",H18/F18) -> 0.064906842 | J18: =IF(D18=0,"",MIN(Obs_Ciclos!$AE$27:$AE$46)) -> 44.921168 | K18: =IF(D18=0,"",MAX(Obs_Ciclos!$AE$27:$AE$46)) -> 56.05236 | L18: =IF(D18=0,"",_xlfn.QUARTILE.INC(Obs_Ciclos!$AE$27:$AE$46,1)) -> 45.020916 | M18: =IF(D18=0,"",_xlfn.QUARTILE.INC(Obs_Ciclos!$AE$27:$AE$46,3)) -> 46.543615 | N18: =IF(D18=0,"",M18-L18) -> 1.5226998 | O18: =IF(D18=0,"",L18-1.5*N18) -> 42.736866 | P18: =IF(D18=0,"",M18+1.5*N18) -> 48.827665 | Q18: =IF(D18<2,"",F18-1.96*H18/SQRT(D18)) -> 45.27751 | R18: =IF(D18<2,"",F18+1.96*H18/SQRT(D18)) -> 47.928924 | S18: =IF(D18=0,"",AVERAGE(Obs_Ciclos!$AF$27:$AF$46)) -> 1.0506336 | T18: =IF(D18=0,"",SUM(Obs_Ciclos!$AG$27:$AG$46)) -> 0 | U18: =IF(D18=0,"",SUM(Obs_Ciclos!$AH$27:$AH$46)) -> 0 | V18: =IF(D18=0,"",SUM(Obs_Ciclos!$AK$27:$AK$46)) -> 0 | W18: =IF(D18=0,"",IFERROR(SUMIF(Obs_Ciclos!$AK$27:$AK$46,">0",Obs_Ciclos!$AL$27:$AL$46)/COUNTIF(Obs_Ciclos!$AK$27:$AK$46,">0"),0)) -> 0
A19: Obstáculos|O17|Temporal (Sleep + Write/Read) | B19: Obstáculos | C19: O17 | D19: =COUNT(Obs_Ciclos!$AS$5:$AS$24) -> 20 | E19: =IF(D19=0,"",SUM(Obs_Ciclos!$AW$5:$AW$24)/D19) -> 1 | F19: =IF(D19=0,"",AVERAGE(Obs_Ciclos!$AS$5:$AS$24)) -> 50.739034 | G19: =IF(D19=0,"",MEDIAN(Obs_Ciclos!$AS$5:$AS$24)) -> 48.948814 | H19: =IF(D19<2,"",_xlfn.STDEV.S(Obs_Ciclos!$AS$5:$AS$24)) -> 3.7074386 | I19: =IF(OR(D19<2,F19=0),"",H19/F19) -> 0.073068767 | J19: =IF(D19=0,"",MIN(Obs_Ciclos!$AS$5:$AS$24)) -> 47.24907 | K19: =IF(D19=0,"",MAX(Obs_Ciclos!$AS$5:$AS$24)) -> 60.471985 | L19: =IF(D19=0,"",_xlfn.QUARTILE.INC(Obs_Ciclos!$AS$5:$AS$24,1)) -> 48.835803 | M19: =IF(D19=0,"",_xlfn.QUARTILE.INC(Obs_Ciclos!$AS$5:$AS$24,3)) -> 52.723672 | N19: =IF(D19=0,"",M19-L19) -> 3.8878693 | O19: =IF(D19=0,"",L19-1.5*N19) -> 43.003999 | P19: =IF(D19=0,"",M19+1.5*N19) -> 58.555476 | Q19: =IF(D19<2,"",F19-1.96*H19/SQRT(D19)) -> 49.114177 | R19: =IF(D19<2,"",F19+1.96*H19/SQRT(D19)) -> 52.36389 | S19: =IF(D19=0,"",AVERAGE(Obs_Ciclos!$AT$5:$AT$24)) -> 3.1526356 | T19: =IF(D19=0,"",SUM(Obs_Ciclos!$AU$5:$AU$24)) -> 0 | U19: =IF(D19=0,"",SUM(Obs_Ciclos!$AV$5:$AV$24)) -> 0 | V19: =IF(D19=0,"",SUM(Obs_Ciclos!$AY$5:$AY$24)) -> 0 | W19: =IF(D19=0,"",IFERROR(SUMIF(Obs_Ciclos!$AY$5:$AY$24,">0",Obs_Ciclos!$AZ$5:$AZ$24)/COUNTIF(Obs_Ciclos!$AY$5:$AY$24,">0"),0)) -> 0
A20: Obstáculos|O17|Estados (respostas + validação) | B20: Obstáculos | C20: O17E | D20: =COUNT(Obs_Ciclos!$AS$27:$AS$46) -> 20 | E20: =IF(D20=0,"",SUM(Obs_Ciclos!$AW$27:$AW$46)/D20) -> 1 | F20: =IF(D20=0,"",AVERAGE(Obs_Ciclos!$AS$27:$AS$46)) -> 46.863415 | G20: =IF(D20=0,"",MEDIAN(Obs_Ciclos!$AS$27:$AS$46)) -> 46.73829 | H20: =IF(D20<2,"",_xlfn.STDEV.S(Obs_Ciclos!$AS$27:$AS$46)) -> 2.4473736 | I20: =IF(OR(D20<2,F20=0),"",H20/F20) -> 0.052223544 | J20: =IF(D20=0,"",MIN(Obs_Ciclos!$AS$27:$AS$46)) -> 44.953144 | K20: =IF(D20=0,"",MAX(Obs_Ciclos!$AS$27:$AS$46)) -> 55.756136 | L20: =IF(D20=0,"",_xlfn.QUARTILE.INC(Obs_Ciclos!$AS$27:$AS$46,1)) -> 45.113622 | M20: =IF(D20=0,"",_xlfn.QUARTILE.INC(Obs_Ciclos!$AS$27:$AS$46,3)) -> 47.520684 | N20: =IF(D20=0,"",M20-L20) -> 2.4070618 | O20: =IF(D20=0,"",L20-1.5*N20) -> 41.50303 | P20: =IF(D20=0,"",M20+1.5*N20) -> 51.131277 | Q20: =IF(D20<2,"",F20-1.96*H20/SQRT(D20)) -> 45.790806 | R20: =IF(D20<2,"",F20+1.96*H20/SQRT(D20)) -> 47.936024 | S20: =IF(D20=0,"",AVERAGE(Obs_Ciclos!$AT$27:$AT$46)) -> 1.0603288 | T20: =IF(D20=0,"",SUM(Obs_Ciclos!$AU$27:$AU$46)) -> 0 | U20: =IF(D20=0,"",SUM(Obs_Ciclos!$AV$27:$AV$46)) -> 0 | V20: =IF(D20=0,"",SUM(Obs_Ciclos!$AY$27:$AY$46)) -> 0 | W20: =IF(D20=0,"",IFERROR(SUMIF(Obs_Ciclos!$AY$27:$AY$46,">0",Obs_Ciclos!$AZ$27:$AZ$46)/COUNTIF(Obs_Ciclos!$AY$27:$AY$46,">0"),0)) -> 0
A23: Comparação emparelhada — Estados vs. Temporal
A24: Conjunto | B24: Cenário | C24: Pares válidos | D24: Δ média Estados−Temporal (s) | E24: Melhoria dos estados (%) | F24: p-value T.TEST | G24: Interpretação | H24: Decisão
A25: Repetibilidade | B25: R01 | C25: =MIN(COUNT(Rep_Ciclos!C5:C24),COUNT(Rep_Ciclos!C27:C46)) -> 20 | D25: =IF(C25=0,"",AVERAGE(Rep_Ciclos!C27:C46)-AVERAGE(Rep_Ciclos!C5:C24)) -> -3.6947387 | E25: =IF(C25=0,"",(AVERAGE(Rep_Ciclos!C5:C24)-AVERAGE(Rep_Ciclos!C27:C46))/AVERAGE(Rep_Ciclos!C5:C24)) -> 0.072945333 | F25: =IF(AND(C25>=2,COUNT(Rep_Ciclos!C5:C24)=COUNT(Rep_Ciclos!C27:C46)),TTEST(Rep_Ciclos!C5:C24,Rep_Ciclos!C27:C46,2,1),"") -> 0.018349303 | G25: =IF(F25="","Aguardar pares",IF(F25<0.05,"Diferença significativa","Sem evidência de diferença")) -> Diferença significativa | H25: =IF(C25<20,"Aumentar amostra",IF(F25<0.05,"Rejeitar H0","Não rejeitar H0")) -> Rejeitar H0
A26: Repetibilidade | B26: R04 | C26: =MIN(COUNT(Rep_Ciclos!R5:R24),COUNT(Rep_Ciclos!R27:R46)) -> 20 | D26: =IF(C26=0,"",AVERAGE(Rep_Ciclos!R27:R46)-AVERAGE(Rep_Ciclos!R5:R24)) -> -2.45865 | E26: =IF(C26=0,"",(AVERAGE(Rep_Ciclos!R5:R24)-AVERAGE(Rep_Ciclos!R27:R46))/AVERAGE(Rep_Ciclos!R5:R24)) -> 0.053133424 | F26: =IF(AND(C26>=2,COUNT(Rep_Ciclos!R5:R24)=COUNT(Rep_Ciclos!R27:R46)),TTEST(Rep_Ciclos!R5:R24,Rep_Ciclos!R27:R46,2,1),"") -> 0.00015184243 | G26: =IF(F26="","Aguardar pares",IF(F26<0.05,"Diferença significativa","Sem evidência de diferença")) -> Diferença significativa | H26: =IF(C26<20,"Aumentar amostra",IF(F26<0.05,"Rejeitar H0","Não rejeitar H0")) -> Rejeitar H0
A27: Repetibilidade | B27: R08 | C27: =MIN(COUNT(Rep_Ciclos!AG5:AG24),COUNT(Rep_Ciclos!AG27:AG46)) -> 20 | D27: =IF(C27=0,"",AVERAGE(Rep_Ciclos!AG27:AG46)-AVERAGE(Rep_Ciclos!AG5:AG24)) -> -4.3712802 | E27: =IF(C27=0,"",(AVERAGE(Rep_Ciclos!AG5:AG24)-AVERAGE(Rep_Ciclos!AG27:AG46))/AVERAGE(Rep_Ciclos!AG5:AG24)) -> 0.092242924 | F27: =IF(AND(C27>=2,COUNT(Rep_Ciclos!AG5:AG24)=COUNT(Rep_Ciclos!AG27:AG46)),TTEST(Rep_Ciclos!AG5:AG24,Rep_Ciclos!AG27:AG46,2,1),"") -> 0.20540175 | G27: =IF(F27="","Aguardar pares",IF(F27<0.05,"Diferença significativa","Sem evidência de diferença")) -> Sem evidência de diferença | H27: =IF(C27<20,"Aumentar amostra",IF(F27<0.05,"Rejeitar H0","Não rejeitar H0")) -> Não rejeitar H0
A28: Repetibilidade | B28: R10 | C28: =MIN(COUNT(Rep_Ciclos!AV5:AV24),COUNT(Rep_Ciclos!AV27:AV46)) -> 20 | D28: =IF(C28=0,"",AVERAGE(Rep_Ciclos!AV27:AV46)-AVERAGE(Rep_Ciclos!AV5:AV24)) -> -0.8678885 | E28: =IF(C28=0,"",(AVERAGE(Rep_Ciclos!AV5:AV24)-AVERAGE(Rep_Ciclos!AV27:AV46))/AVERAGE(Rep_Ciclos!AV5:AV24)) -> 0.018192683 | F28: =IF(AND(C28>=2,COUNT(Rep_Ciclos!AV5:AV24)=COUNT(Rep_Ciclos!AV27:AV46)),TTEST(Rep_Ciclos!AV5:AV24,Rep_Ciclos!AV27:AV46,2,1),"") -> 0.78713428 | G28: =IF(F28="","Aguardar pares",IF(F28<0.05,"Diferença significativa","Sem evidência de diferença")) -> Sem evidência de diferença | H28: =IF(C28<20,"Aumentar amostra",IF(F28<0.05,"Rejeitar H0","Não rejeitar H0")) -> Não rejeitar H0
A29: Obstáculos | B29: O07 | C29: =MIN(COUNT(Obs_Ciclos!C5:C24),COUNT(Obs_Ciclos!C27:C46)) -> 20 | D29: =IF(C29=0,"",AVERAGE(Obs_Ciclos!C27:C46)-AVERAGE(Obs_Ciclos!C5:C24)) -> -3.1460187 | E29: =IF(C29=0,"",(AVERAGE(Obs_Ciclos!C5:C24)-AVERAGE(Obs_Ciclos!C27:C46))/AVERAGE(Obs_Ciclos!C5:C24)) -> 0.061821229 | F29: =IF(AND(C29>=2,COUNT(Obs_Ciclos!C5:C24)=COUNT(Obs_Ciclos!C27:C46)),TTEST(Obs_Ciclos!C5:C24,Obs_Ciclos!C27:C46,2,1),"") -> 0.00038430951 | G29: =IF(F29="","Aguardar pares",IF(F29<0.05,"Diferença significativa","Sem evidência de diferença")) -> Diferença significativa | H29: =IF(C29<20,"Aumentar amostra",IF(F29<0.05,"Rejeitar H0","Não rejeitar H0")) -> Rejeitar H0
A30: Obstáculos | B30: O03 | C30: =MIN(COUNT(Obs_Ciclos!Q5:Q24),COUNT(Obs_Ciclos!Q27:Q46)) -> 20 | D30: =IF(C30=0,"",AVERAGE(Obs_Ciclos!Q27:Q46)-AVERAGE(Obs_Ciclos!Q5:Q24)) -> -4.1836563 | E30: =IF(C30=0,"",(AVERAGE(Obs_Ciclos!Q5:Q24)-AVERAGE(Obs_Ciclos!Q27:Q46))/AVERAGE(Obs_Ciclos!Q5:Q24)) -> 0.082012559 | F30: =IF(AND(C30>=2,COUNT(Obs_Ciclos!Q5:Q24)=COUNT(Obs_Ciclos!Q27:Q46)),TTEST(Obs_Ciclos!Q5:Q24,Obs_Ciclos!Q27:Q46,2,1),"") -> 2.8120825e-06 | G30: =IF(F30="","Aguardar pares",IF(F30<0.05,"Diferença significativa","Sem evidência de diferença")) -> Diferença significativa | H30: =IF(C30<20,"Aumentar amostra",IF(F30<0.05,"Rejeitar H0","Não rejeitar H0")) -> Rejeitar H0
A31: Obstáculos | B31: O13 | C31: =MIN(COUNT(Obs_Ciclos!AE5:AE24),COUNT(Obs_Ciclos!AE27:AE46)) -> 20 | D31: =IF(C31=0,"",AVERAGE(Obs_Ciclos!AE27:AE46)-AVERAGE(Obs_Ciclos!AE5:AE24)) -> -1.1502586 | E31: =IF(C31=0,"",(AVERAGE(Obs_Ciclos!AE5:AE24)-AVERAGE(Obs_Ciclos!AE27:AE46))/AVERAGE(Obs_Ciclos!AE5:AE24)) -> 0.024087432 | F31: =IF(AND(C31>=2,COUNT(Obs_Ciclos!AE5:AE24)=COUNT(Obs_Ciclos!AE27:AE46)),TTEST(Obs_Ciclos!AE5:AE24,Obs_Ciclos!AE27:AE46,2,1),"") -> 0.2278428 | G31: =IF(F31="","Aguardar pares",IF(F31<0.05,"Diferença significativa","Sem evidência de diferença")) -> Sem evidência de diferença | H31: =IF(C31<20,"Aumentar amostra",IF(F31<0.05,"Rejeitar H0","Não rejeitar H0")) -> Não rejeitar H0
A32: Obstáculos | B32: O17 | C32: =MIN(COUNT(Obs_Ciclos!AS5:AS24),COUNT(Obs_Ciclos!AS27:AS46)) -> 20 | D32: =IF(C32=0,"",AVERAGE(Obs_Ciclos!AS27:AS46)-AVERAGE(Obs_Ciclos!AS5:AS24)) -> -3.875619 | E32: =IF(C32=0,"",(AVERAGE(Obs_Ciclos!AS5:AS24)-AVERAGE(Obs_Ciclos!AS27:AS46))/AVERAGE(Obs_Ciclos!AS5:AS24)) -> 0.076383383 | F32: =IF(AND(C32>=2,COUNT(Obs_Ciclos!AS5:AS24)=COUNT(Obs_Ciclos!AS27:AS46)),TTEST(Obs_Ciclos!AS5:AS24,Obs_Ciclos!AS27:AS46,2,1),"") -> 0.0012872069 | G32: =IF(F32="","Aguardar pares",IF(F32<0.05,"Diferença significativa","Sem evidência de diferença")) -> Diferença significativa | H32: =IF(C32<20,"Aumentar amostra",IF(F32<0.05,"Rejeitar H0","Não rejeitar H0")) -> Rejeitar H0

Sheet Rep_Ciclos
A1: Repetibilidade — métricas por ciclo
A3: TEMPORAL | P3: TEMPORAL | AE3: TEMPORAL | AT3: TEMPORAL
A4: ID | B4: Repetição | C4: Tempo total (s) | D4: Espera improdutiva (s) | E4: Nº timeouts | F4: Nº comandos prematuros | G4: Taxa sucesso ciclo (0/1) | H4: Resultado | I4: Nº falhas | J4: Tempo recuperação (s) | K4: Nº comandos | L4: Resultado final | M4: Outlier tempo? | N4: Observações | P4: ID | Q4: Repetição | R4: Tempo total (s) | S4: Espera improdutiva (s) | T4: Nº timeouts | U4: Nº comandos prematuros | V4: Taxa sucesso ciclo (0/1) | W4: Resultado | X4: Nº falhas | Y4: Tempo recuperação (s) | Z4: Nº comandos | AA4: Resultado final | AB4: Outlier tempo? | AC4: Observações | AE4: ID | AF4: Repetição | AG4: Tempo total (s) | AH4: Espera improdutiva (s) | AI4: Nº timeouts | AJ4: Nº comandos prematuros | AK4: Taxa sucesso ciclo (0/1) | AL4: Resultado | AM4: Nº falhas | AN4: Tempo recuperação (s) | AO4: Nº comandos | AP4: Resultado final | AQ4: Outlier tempo? | AR4: Observações | AT4: ID | AU4: Repetição | AV4: Tempo total (s) | AW4: Espera improdutiva (s) | AX4: Nº timeouts | AY4: Nº comandos prematuros | AZ4: Taxa sucesso ciclo (0/1) | BA4: Resultado | BB4: Nº falhas | BC4: Tempo recuperação (s) | BD4: Nº comandos | BE4: Resultado final | BF4: Outlier tempo? | BG4: Observações
A5: R01 | B5: 1 | C5: 53.251825 | D5: 3.176158 | E5: 0 | F5: 0 | G5: 1 | H5: Sucesso | I5: 0 | J5: 0 | K5: 8 | L5: OK FINISH_DONE | M5: =IF(C5="","",IF(OR(C5<Resumo!$O$5,C5>Resumo!$P$5),"Sim","Não")) -> Não | P5: R04 | Q5: 1 | R5: 50.219495 | S5: 3.201638 | T5: 0 | U5: 0 | V5: 1 | W5: Sucesso | X5: 0 | Y5: 0 | Z5: 8 | AA5: OK FINISH_DONE | AB5: =IF(R5="","",IF(OR(R5<Resumo!$O$7,R5>Resumo!$P$7),"Sim","Não")) -> Sim | AE5: R08 | AF5: 1 | AG5: 48.394806 | AH5: 3.22338 | AI5: 0 | AJ5: 0 | AK5: 1 | AL5: Sucesso | AM5: 0 | AN5: 0 | AO5: 8 | AP5: OK FINISH_DONE | AQ5: =IF(AG5="","",IF(OR(AG5<Resumo!$O$9,AG5>Resumo!$P$9),"Sim","Não")) -> Não | AT5: R10 | AU5: 1 | AV5: 50.322402 | AW5: 3.442074 | AX5: 0 | AY5: 0 | AZ5: 1 | BA5: Sucesso | BB5: 0 | BC5: 0 | BD5: 8 | BE5: OK FINISH_DONE | BF5: =IF(AV5="","",IF(OR(AV5<Resumo!$O$11,AV5>Resumo!$P$11),"Sim","Não")) -> Não
A6: R01 | B6: 2 | C6: 54.482239 | D6: 3.21419 | E6: 0 | F6: 0 | G6: 1 | H6: Sucesso | I6: 0 | J6: 0 | K6: 8 | L6: OK FINISH_DONE | M6: =IF(C6="","",IF(OR(C6<Resumo!$O$5,C6>Resumo!$P$5),"Sim","Não")) -> Não | P6: R04 | Q6: 2 | R6: 50.164877 | S6: 3.327182 | T6: 0 | U6: 0 | V6: 1 | W6: Sucesso | X6: 0 | Y6: 0 | Z6: 8 | AA6: OK FINISH_DONE | AB6: =IF(R6="","",IF(OR(R6<Resumo!$O$7,R6>Resumo!$P$7),"Sim","Não")) -> Sim | AE6: R08 | AF6: 2 | AG6: 52.309505 | AH6: 3.205448 | AI6: 0 | AJ6: 0 | AK6: 1 | AL6: Sucesso | AM6: 0 | AN6: 0 | AO6: 8 | AP6: OK FINISH_DONE | AQ6: =IF(AG6="","",IF(OR(AG6<Resumo!$O$9,AG6>Resumo!$P$9),"Sim","Não")) -> Não | AT6: R10 | AU6: 2 | AV6: 51.231883 | AW6: 3.218508 | AX6: 0 | AY6: 0 | AZ6: 1 | BA6: Sucesso | BB6: 0 | BC6: 0 | BD6: 8 | BE6: OK FINISH_DONE | BF6: =IF(AV6="","",IF(OR(AV6<Resumo!$O$11,AV6>Resumo!$P$11),"Sim","Não")) -> Não
A7: R01 | B7: 3 | C7: 50.47051 | D7: 3.283025 | E7: 0 | F7: 0 | G7: 1 | H7: Sucesso | I7: 0 | J7: 0 | K7: 8 | L7: OK FINISH_DONE | M7: =IF(C7="","",IF(OR(C7<Resumo!$O$5,C7>Resumo!$P$5),"Sim","Não")) -> Não | P7: R04 | Q7: 3 | R7: 46.285962 | S7: 3.108938 | T7: 0 | U7: 0 | V7: 1 | W7: Sucesso | X7: 0 | Y7: 0 | Z7: 8 | AA7: OK FINISH_DONE | AB7: =IF(R7="","",IF(OR(R7<Resumo!$O$7,R7>Resumo!$P$7),"Sim","Não")) -> Não | AE7: R08 | AF7: 3 | AG7: 45.473462 | AH7: 3.277731 | AI7: 0 | AJ7: 0 | AK7: 1 | AL7: Sucesso | AM7: 0 | AN7: 0 | AO7: 8 | AP7: OK FINISH_DONE | AQ7: =IF(AG7="","",IF(OR(AG7<Resumo!$O$9,AG7>Resumo!$P$9),"Sim","Não")) -> Não | AT7: R10 | AU7: 3 | AV7: 56.109755 | AW7: 3.291425 | AX7: 0 | AY7: 0 | AZ7: 1 | BA7: Sucesso | BB7: 0 | BC7: 0 | BD7: 8 | BE7: OK FINISH_DONE | BF7: =IF(AV7="","",IF(OR(AV7<Resumo!$O$11,AV7>Resumo!$P$11),"Sim","Não")) -> Não
A8: R01 | B8: 4 | C8: 52.574545 | D8: 3.188045 | E8: 0 | F8: 0 | G8: 1 | H8: Sucesso | I8: 0 | J8: 0 | K8: 8 | L8: OK FINISH_DONE | M8: =IF(C8="","",IF(OR(C8<Resumo!$O$5,C8>Resumo!$P$5),"Sim","Não")) -> Não | P8: R04 | Q8: 4 | R8: 46.446044 | S8: 3.228909 | T8: 0 | U8: 0 | V8: 1 | W8: Sucesso | X8: 0 | Y8: 0 | Z8: 8 | AA8: OK FINISH_DONE | AB8: =IF(R8="","",IF(OR(R8<Resumo!$O$7,R8>Resumo!$P$7),"Sim","Não")) -> Não | AE8: R08 | AF8: 4 | AG8: 45.252817 | AH8: 3.198642 | AI8: 0 | AJ8: 0 | AK8: 1 | AL8: Sucesso | AM8: 0 | AN8: 0 | AO8: 8 | AP8: OK FINISH_DONE | AQ8: =IF(AG8="","",IF(OR(AG8<Resumo!$O$9,AG8>Resumo!$P$9),"Sim","Não")) -> Não | AT8: R10 | AU8: 4 | AV8: 50.19097 | AW8: 3.325774 | AX8: 0 | AY8: 0 | AZ8: 1 | BA8: Sucesso | BB8: 0 | BC8: 0 | BD8: 8 | BE8: OK FINISH_DONE | BF8: =IF(AV8="","",IF(OR(AV8<Resumo!$O$11,AV8>Resumo!$P$11),"Sim","Não")) -> Não
A9: R01 | B9: 5 | C9: 49.497041 | D9: 3.260193 | E9: 0 | F9: 0 | G9: 1 | H9: Sucesso | I9: 0 | J9: 0 | K9: 8 | L9: OK FINISH_DONE | M9: =IF(C9="","",IF(OR(C9<Resumo!$O$5,C9>Resumo!$P$5),"Sim","Não")) -> Não | P9: R04 | Q9: 5 | R9: 46.752469 | S9: 3.211797 | T9: 0 | U9: 0 | V9: 1 | W9: Sucesso | X9: 0 | Y9: 0 | Z9: 8 | AA9: OK FINISH_DONE | AB9: =IF(R9="","",IF(OR(R9<Resumo!$O$7,R9>Resumo!$P$7),"Sim","Não")) -> Não | AE9: R08 | AF9: 5 | AG9: 28.181661 | AH9: 3.11951 | AI9: 0 | AJ9: 0 | AK9: 0 | AL9: Falha | AM9: 1 | AN9: 12.6 | AO9: 8 | AP9: OK FINISH_DONE | AQ9: =IF(AG9="","",IF(OR(AG9<Resumo!$O$9,AG9>Resumo!$P$9),"Sim","Não")) -> Sim | AR9: Falhou no primeiro move | AT9: R10 | AU9: 5 | AV9: 52.132323 | AW9: 3.358261 | AX9: 0 | AY9: 0 | AZ9: 1 | BA9: Sucesso | BB9: 0 | BC9: 0 | BD9: 8 | BE9: OK FINISH_DONE | BF9: =IF(AV9="","",IF(OR(AV9<Resumo!$O$11,AV9>Resumo!$P$11),"Sim","Não")) -> Não
A10: R01 | B10: 6 | C10: 49.449316 | D10: 3.222628 | E10: 0 | F10: 0 | G10: 1 | H10: Sucesso | I10: 0 | J10: 0 | K10: 8 | L10: OK FINISH_DONE | M10: =IF(C10="","",IF(OR(C10<Resumo!$O$5,C10>Resumo!$P$5),"Sim","Não")) -> Não | P10: R04 | Q10: 6 | R10: 50.397911 | S10: 3.251305 | T10: 0 | U10: 0 | V10: 1 | W10: Sucesso | X10: 0 | Y10: 0 | Z10: 8 | AA10: OK FINISH_DONE | AB10: =IF(R10="","",IF(OR(R10<Resumo!$O$7,R10>Resumo!$P$7),"Sim","Não")) -> Sim | AE10: R08 | AF10: 6 | AG10: 45.230344 | AH10: 3.198505 | AI10: 0 | AJ10: 0 | AK10: 1 | AL10: Sucesso | AM10: 0 | AN10: 0 | AO10: 8 | AP10: OK FINISH_DONE | AQ10: =IF(AG10="","",IF(OR(AG10<Resumo!$O$9,AG10>Resumo!$P$9),"Sim","Não")) -> Não | AT10: R10 | AU10: 6 | AV10: 28.575338 | AW10: 3.200829 | AX10: 0 | AY10: 0 | AZ10: 0 | BA10: Falha | BB10: 1 | BC10: 11.8 | BD10: 8 | BE10: OK FINISH_DONE | BF10: =IF(AV10="","",IF(OR(AV10<Resumo!$O$11,AV10>Resumo!$P$11),"Sim","Não")) -> Sim | BG10: Falhou no primeiro move
A11: R01 | B11: 7 | C11: 45.471912 | D11: 3.226259 | E11: 0 | F11: 0 | G11: 1 | H11: Sucesso | I11: 0 | J11: 0 | K11: 8 | L11: OK FINISH_DONE | M11: =IF(C11="","",IF(OR(C11<Resumo!$O$5,C11>Resumo!$P$5),"Sim","Não")) -> Não | P11: R04 | Q11: 7 | R11: 47.55613 | S11: 3.199229 | T11: 0 | U11: 0 | V11: 1 | W11: Sucesso | X11: 0 | Y11: 0 | Z11: 8 | AA11: OK FINISH_DONE | AB11: =IF(R11="","",IF(OR(R11<Resumo!$O$7,R11>Resumo!$P$7),"Sim","Não")) -> Não | AE11: R08 | AF11: 7 | AG11: 48.137439 | AH11: 3.266504 | AI11: 0 | AJ11: 0 | AK11: 1 | AL11: Sucesso | AM11: 0 | AN11: 0 | AO11: 8 | AP11: OK FINISH_DONE | AQ11: =IF(AG11="","",IF(OR(AG11<Resumo!$O$9,AG11>Resumo!$P$9),"Sim","Não")) -> Não | AT11: R10 | AU11: 7 | AV11: 54.488682 | AW11: 3.364713 | AX11: 0 | AY11: 0 | AZ11: 1 | BA11: Sucesso | BB11: 0 | BC11: 0 | BD11: 8 | BE11: OK FINISH_DONE | BF11: =IF(AV11="","",IF(OR(AV11<Resumo!$O$11,AV11>Resumo!$P$11),"Sim","Não")) -> Não
A12: R01 | B12: 8 | C12: 52.219331 | D12: 3.245766 | E12: 0 | F12: 0 | G12: 1 | H12: Sucesso | I12: 0 | J12: 0 | K12: 8 | L12: OK FINISH_DONE | M12: =IF(C12="","",IF(OR(C12<Resumo!$O$5,C12>Resumo!$P$5),"Sim","Não")) -> Não | P12: R04 | Q12: 8 | R12: 44.995549 | S12: 3.255844 | T12: 0 | U12: 0 | V12: 1 | W12: Sucesso | X12: 0 | Y12: 0 | Z12: 8 | AA12: OK FINISH_DONE | AB12: =IF(R12="","",IF(OR(R12<Resumo!$O$7,R12>Resumo!$P$7),"Sim","Não")) -> Não | AE12: R08 | AF12: 8 | AG12: 47.412878 | AH12: 3.210309 | AI12: 0 | AJ12: 0 | AK12: 1 | AL12: Sucesso | AM12: 0 | AN12: 0 | AO12: 8 | AP12: OK FINISH_DONE | AQ12: =IF(AG12="","",IF(OR(AG12<Resumo!$O$9,AG12>Resumo!$P$9),"Sim","Não")) -> Não | AT12: R10 | AU12: 8 | AV12: 46.490771 | AW12: 3.262763 | AX12: 0 | AY12: 0 | AZ12: 1 | BA12: Sucesso | BB12: 0 | BC12: 0 | BD12: 8 | BE12: OK FINISH_DONE | BF12: =IF(AV12="","",IF(OR(AV12<Resumo!$O$11,AV12>Resumo!$P$11),"Sim","Não")) -> Não
A13: R01 | B13: 9 | C13: 49.492879 | D13: 3.077812 | E13: 0 | F13: 0 | G13: 1 | H13: Sucesso | I13: 0 | J13: 0 | K13: 8 | L13: OK FINISH_DONE | M13: =IF(C13="","",IF(OR(C13<Resumo!$O$5,C13>Resumo!$P$5),"Sim","Não")) -> Não | P13: R04 | Q13: 9 | R13: 45.070175 | S13: 3.312335 | T13: 0 | U13: 0 | V13: 1 | W13: Sucesso | X13: 0 | Y13: 0 | Z13: 8 | AA13: OK FINISH_DONE | AB13: =IF(R13="","",IF(OR(R13<Resumo!$O$7,R13>Resumo!$P$7),"Sim","Não")) -> Não | AE13: R08 | AF13: 9 | AG13: 50.786848 | AH13: 3.213018 | AI13: 0 | AJ13: 0 | AK13: 1 | AL13: Sucesso | AM13: 0 | AN13: 0 | AO13: 8 | AP13: OK FINISH_DONE | AQ13: =IF(AG13="","",IF(OR(AG13<Resumo!$O$9,AG13>Resumo!$P$9),"Sim","Não")) -> Não | AT13: R10 | AU13: 9 | AV13: 30.238156 | AW13: 3.352943 | AX13: 0 | AY13: 0 | AZ13: 0 | BA13: Falha | BB13: 1 | BC13: 13.2 | BD13: 8 | BE13: OK FINISH_DONE | BF13: =IF(AV13="","",IF(OR(AV13<Resumo!$O$11,AV13>Resumo!$P$11),"Sim","Não")) -> Sim
A14: R01 | B14: 10 | C14: 48.123761 | D14: 3.196804 | E14: 0 | F14: 0 | G14: 1 | H14: Sucesso | I14: 0 | J14: 0 | K14: 8 | L14: OK FINISH_DONE | M14: =IF(C14="","",IF(OR(C14<Resumo!$O$5,C14>Resumo!$P$5),"Sim","Não")) -> Não | P14: R04 | Q14: 10 | R14: 45.011853 | S14: 3.295133 | T14: 0 | U14: 0 | V14: 1 | W14: Sucesso | X14: 0 | Y14: 0 | Z14: 8 | AA14: OK FINISH_DONE | AB14: =IF(R14="","",IF(OR(R14<Resumo!$O$7,R14>Resumo!$P$7),"Sim","Não")) -> Não | AE14: R08 | AF14: 10 | AG14: 48.153635 | AH14: 3.247537 | AI14: 0 | AJ14: 0 | AK14: 1 | AL14: Sucesso | AM14: 0 | AN14: 0 | AO14: 8 | AP14: OK FINISH_DONE | AQ14: =IF(AG14="","",IF(OR(AG14<Resumo!$O$9,AG14>Resumo!$P$9),"Sim","Não")) -> Não | AT14: R10 | AU14: 10 | AV14: 49.650391 | AW14: 3.396325 | AX14: 0 | AY14: 0 | AZ14: 1 | BA14: Sucesso | BB14: 0 | BC14: 0 | BD14: 8 | BE14: OK FINISH_DONE | BF14: =IF(AV14="","",IF(OR(AV14<Resumo!$O$11,AV14>Resumo!$P$11),"Sim","Não")) -> Não
A15: R01 | B15: 11 | C15: 48.266391 | D15: 3.22789 | E15: 0 | F15: 0 | G15: 1 | H15: Sucesso | I15: 0 | J15: 0 | K15: 8 | L15: OK FINISH_DONE | M15: =IF(C15="","",IF(OR(C15<Resumo!$O$5,C15>Resumo!$P$5),"Sim","Não")) -> Não | P15: R04 | Q15: 11 | R15: 44.945807 | S15: 3.225061 | T15: 0 | U15: 0 | V15: 1 | W15: Sucesso | X15: 0 | Y15: 0 | Z15: 8 | AA15: OK FINISH_DONE | AB15: =IF(R15="","",IF(OR(R15<Resumo!$O$7,R15>Resumo!$P$7),"Sim","Não")) -> Não | AE15: R08 | AF15: 11 | AG15: 52.341899 | AH15: 3.22153 | AI15: 0 | AJ15: 0 | AK15: 1 | AL15: Sucesso | AM15: 0 | AN15: 0 | AO15: 8 | AP15: OK FINISH_DONE | AQ15: =IF(AG15="","",IF(OR(AG15<Resumo!$O$9,AG15>Resumo!$P$9),"Sim","Não")) -> Não | AT15: R10 | AU15: 11 | AV15: 46.493053 | AW15: 3.392623 | AX15: 0 | AY15: 0 | AZ15: 1 | BA15: Sucesso | BB15: 0 | BC15: 0 | BD15: 8 | BE15: OK FINISH_DONE | BF15: =IF(AV15="","",IF(OR(AV15<Resumo!$O$11,AV15>Resumo!$P$11),"Sim","Não")) -> Não
A16: R01 | B16: 12 | C16: 45.297633 | D16: 3.165251 | E16: 0 | F16: 0 | G16: 1 | H16: Sucesso | I16: 0 | J16: 0 | K16: 8 | L16: OK FINISH_DONE | M16: =IF(C16="","",IF(OR(C16<Resumo!$O$5,C16>Resumo!$P$5),"Sim","Não")) -> Não | P16: R04 | Q16: 12 | R16: 46.232729 | S16: 3.187943 | T16: 0 | U16: 0 | V16: 1 | W16: Sucesso | X16: 0 | Y16: 0 | Z16: 8 | AA16: OK FINISH_DONE | AB16: =IF(R16="","",IF(OR(R16<Resumo!$O$7,R16>Resumo!$P$7),"Sim","Não")) -> Não | AE16: R08 | AF16: 12 | AG16: 49.313694 | AH16: 3.212681 | AI16: 0 | AJ16: 0 | AK16: 1 | AL16: Sucesso | AM16: 0 | AN16: 0 | AO16: 8 | AP16: OK FINISH_DONE | AQ16: =IF(AG16="","",IF(OR(AG16<Resumo!$O$9,AG16>Resumo!$P$9),"Sim","Não")) -> Não | AT16: R10 | AU16: 12 | AV16: 50.227924 | AW16: 3.282312 | AX16: 0 | AY16: 0 | AZ16: 1 | BA16: Sucesso | BB16: 0 | BC16: 0 | BD16: 8 | BE16: OK FINISH_DONE | BF16: =IF(AV16="","",IF(OR(AV16<Resumo!$O$11,AV16>Resumo!$P$11),"Sim","Não")) -> Não
A17: R01 | B17: 13 | C17: 54.362179 | D17: 3.265225 | E17: 0 | F17: 0 | G17: 1 | H17: Sucesso | I17: 0 | J17: 0 | K17: 8 | L17: OK FINISH_DONE | M17: =IF(C17="","",IF(OR(C17<Resumo!$O$5,C17>Resumo!$P$5),"Sim","Não")) -> Não | P17: R04 | Q17: 13 | R17: 46.792262 | S17: 3.282927 | T17: 0 | U17: 0 | V17: 1 | W17: Sucesso | X17: 0 | Y17: 0 | Z17: 8 | AA17: OK FINISH_DONE | AB17: =IF(R17="","",IF(OR(R17<Resumo!$O$7,R17>Resumo!$P$7),"Sim","Não")) -> Não | AE17: R08 | AF17: 13 | AG17: 46.748846 | AH17: 3.207834 | AI17: 0 | AJ17: 0 | AK17: 1 | AL17: Sucesso | AM17: 0 | AN17: 0 | AO17: 8 | AP17: OK FINISH_DONE | AQ17: =IF(AG17="","",IF(OR(AG17<Resumo!$O$9,AG17>Resumo!$P$9),"Sim","Não")) -> Não | AT17: R10 | AU17: 13 | AV17: 51.300856 | AW17: 3.345214 | AX17: 0 | AY17: 0 | AZ17: 1 | BA17: Sucesso | BB17: 0 | BC17: 0 | BD17: 8 | BE17: OK FINISH_DONE | BF17: =IF(AV17="","",IF(OR(AV17<Resumo!$O$11,AV17>Resumo!$P$11),"Sim","Não")) -> Não
A18: R01 | B18: 14 | C18: 48.153807 | D18: 3.205528 | E18: 0 | F18: 0 | G18: 1 | H18: Sucesso | I18: 0 | J18: 0 | K18: 8 | L18: OK FINISH_DONE | M18: =IF(C18="","",IF(OR(C18<Resumo!$O$5,C18>Resumo!$P$5),"Sim","Não")) -> Não | P18: R04 | Q18: 14 | R18: 44.793365 | S18: 3.123397 | T18: 0 | U18: 0 | V18: 1 | W18: Sucesso | X18: 0 | Y18: 0 | Z18: 8 | AA18: OK FINISH_DONE | AB18: =IF(R18="","",IF(OR(R18<Resumo!$O$7,R18>Resumo!$P$7),"Sim","Não")) -> Não | AE18: R08 | AF18: 14 | AG18: 45.29559 | AH18: 3.270884 | AI18: 0 | AJ18: 0 | AK18: 1 | AL18: Sucesso | AM18: 0 | AN18: 0 | AO18: 8 | AP18: OK FINISH_DONE | AQ18: =IF(AG18="","",IF(OR(AG18<Resumo!$O$9,AG18>Resumo!$P$9),"Sim","Não")) -> Não | AT18: R10 | AU18: 14 | AV18: 53.618949 | AW18: 3.294668 | AX18: 0 | AY18: 0 | AZ18: 1 | BA18: Sucesso | BB18: 0 | BC18: 0 | BD18: 8 | BE18: OK FINISH_DONE | BF18: =IF(AV18="","",IF(OR(AV18<Resumo!$O$11,AV18>Resumo!$P$11),"Sim","Não")) -> Não
A19: R01 | B19: 15 | C19: 51.603393 | D19: 3.264862 | E19: 0 | F19: 0 | G19: 1 | H19: Sucesso | I19: 0 | J19: 0 | K19: 8 | L19: OK FINISH_DONE | M19: =IF(C19="","",IF(OR(C19<Resumo!$O$5,C19>Resumo!$P$5),"Sim","Não")) -> Não | P19: R04 | Q19: 15 | R19: 44.94033 | S19: 3.29893 | T19: 0 | U19: 0 | V19: 1 | W19: Sucesso | X19: 0 | Y19: 0 | Z19: 8 | AA19: OK FINISH_DONE | AB19: =IF(R19="","",IF(OR(R19<Resumo!$O$7,R19>Resumo!$P$7),"Sim","Não")) -> Não | AE19: R08 | AF19: 15 | AG19: 51.428018 | AH19: 3.13077 | AI19: 0 | AJ19: 0 | AK19: 1 | AL19: Sucesso | AM19: 0 | AN19: 0 | AO19: 8 | AP19: OK FINISH_DONE | AQ19: =IF(AG19="","",IF(OR(AG19<Resumo!$O$9,AG19>Resumo!$P$9),"Sim","Não")) -> Não | AT19: R10 | AU19: 15 | AV19: 54.480554 | AW19: 3.371893 | AX19: 0 | AY19: 0 | AZ19: 1 | BA19: Sucesso | BB19: 0 | BC19: 0 | BD19: 8 | BE19: OK FINISH_DONE | BF19: =IF(AV19="","",IF(OR(AV19<Resumo!$O$11,AV19>Resumo!$P$11),"Sim","Não")) -> Não
A20: R01 | B20: 16 | C20: 45.411986 | D20: 3.112455 | E20: 0 | F20: 0 | G20: 1 | H20: Sucesso | I20: 0 | J20: 0 | K20: 8 | L20: OK FINISH_DONE | M20: =IF(C20="","",IF(OR(C20<Resumo!$O$5,C20>Resumo!$P$5),"Sim","Não")) -> Não | P20: R04 | Q20: 16 | R20: 44.956658 | S20: 3.294571 | T20: 0 | U20: 0 | V20: 1 | W20: Sucesso | X20: 0 | Y20: 0 | Z20: 8 | AA20: OK FINISH_DONE | AB20: =IF(R20="","",IF(OR(R20<Resumo!$O$7,R20>Resumo!$P$7),"Sim","Não")) -> Não | AE20: R08 | AF20: 16 | AG20: 50.125838 | AH20: 3.227258 | AI20: 0 | AJ20: 0 | AK20: 1 | AL20: Sucesso | AM20: 0 | AN20: 0 | AO20: 8 | AP20: OK FINISH_DONE | AQ20: =IF(AG20="","",IF(OR(AG20<Resumo!$O$9,AG20>Resumo!$P$9),"Sim","Não")) -> Não | AT20: R10 | AU20: 16 | AV20: 46.659176 | AW20: 3.377674 | AX20: 0 | AY20: 0 | AZ20: 1 | BA20: Sucesso | BB20: 0 | BC20: 0 | BD20: 8 | BE20: OK FINISH_DONE | BF20: =IF(AV20="","",IF(OR(AV20<Resumo!$O$11,AV20>Resumo!$P$11),"Sim","Não")) -> Não
A21: R01 | B21: 17 | C21: 54.482655 | D21: 3.239886 | E21: 0 | F21: 0 | G21: 1 | H21: Sucesso | I21: 0 | J21: 0 | K21: 8 | L21: OK FINISH_DONE | M21: =IF(C21="","",IF(OR(C21<Resumo!$O$5,C21>Resumo!$P$5),"Sim","Não")) -> Não | P21: R04 | Q21: 17 | R21: 45.054292 | S21: 3.239438 | T21: 0 | U21: 0 | V21: 1 | W21: Sucesso | X21: 0 | Y21: 0 | Z21: 8 | AA21: OK FINISH_DONE | AB21: =IF(R21="","",IF(OR(R21<Resumo!$O$7,R21>Resumo!$P$7),"Sim","Não")) -> Não | AE21: R08 | AF21: 17 | AG21: 49.137551 | AH21: 3.260261 | AI21: 0 | AJ21: 0 | AK21: 1 | AL21: Sucesso | AM21: 0 | AN21: 0 | AO21: 8 | AP21: OK FINISH_DONE | AQ21: =IF(AG21="","",IF(OR(AG21<Resumo!$O$9,AG21>Resumo!$P$9),"Sim","Não")) -> Não | AT21: R10 | AU21: 17 | AV21: 49.554205 | AW21: 3.294342 | AX21: 0 | AY21: 0 | AZ21: 1 | BA21: Sucesso | BB21: 0 | BC21: 0 | BD21: 8 | BE21: OK FINISH_DONE | BF21: =IF(AV21="","",IF(OR(AV21<Resumo!$O$11,AV21>Resumo!$P$11),"Sim","Não")) -> Não
A22: R01 | B22: 18 | C22: 50.355967 | D22: 3.235473 | E22: 0 | F22: 0 | G22: 1 | H22: Sucesso | I22: 0 | J22: 0 | K22: 8 | L22: OK FINISH_DONE | M22: =IF(C22="","",IF(OR(C22<Resumo!$O$5,C22>Resumo!$P$5),"Sim","Não")) -> Não | P22: R04 | Q22: 18 | R22: 44.984539 | S22: 3.224208 | T22: 0 | U22: 0 | V22: 1 | W22: Sucesso | X22: 0 | Y22: 0 | Z22: 8 | AA22: OK FINISH_DONE | AB22: =IF(R22="","",IF(OR(R22<Resumo!$O$7,R22>Resumo!$P$7),"Sim","Não")) -> Não | AE22: R08 | AF22: 18 | AG22: 48.129765 | AH22: 3.211333 | AI22: 0 | AJ22: 0 | AK22: 1 | AL22: Sucesso | AM22: 0 | AN22: 0 | AO22: 8 | AP22: OK FINISH_DONE | AQ22: =IF(AG22="","",IF(OR(AG22<Resumo!$O$9,AG22>Resumo!$P$9),"Sim","Não")) -> Não | AT22: R10 | AU22: 18 | AV22: 28.719438 | AW22: 3.242442 | AX22: 0 | AY22: 0 | AZ22: 0 | BA22: Falha | BB22: 1 | BC22: 10.9 | BD22: 8 | BE22: OK FINISH_DONE | BF22: =IF(AV22="","",IF(OR(AV22<Resumo!$O$11,AV22>Resumo!$P$11),"Sim","Não")) -> Sim
... A24: R01 | B24: 20 | C24: 55.602209 | D24: 3.261051 | E24: 0 | F24: 0 | G24: 1 | H24: Sucesso | I24: 0 | J24: 0 | K24: 8 | L24: OK FINISH_DONE | M24: =IF(C24="","",IF(OR(C24<Resumo!$O$5,C24>Resumo!$P$5),"Sim","Não")) -> Não | P24: R04 | Q24: 20 | R24: 44.889151 | S24: 3.209951 | T24: 0 | U24: 0 | V24: 1 | W24: Sucesso | X24: 0 | Y24: 0 | Z24: 8 | AA24: OK FINISH_DONE | AB24: =IF(R24="","",IF(OR(R24<Resumo!$O$7,R24>Resumo!$P$7),"Sim","Não")) -> Não | AE24: R08 | AF24: 20 | AG24: 50.544528 | AH24: 3.171914 | AI24: 0 | AJ24: 0 | AK24: 1 | AL24: Sucesso | AM24: 0 | AN24: 0 | AO24: 8 | AP24: OK FINISH_DONE | AQ24: =IF(AG24="","",IF(OR(AG24<Resumo!$O$9,AG24>Resumo!$P$9),"Sim","Não")) -> Não | AT24: R10 | AU24: 20 | AV24: 51.159456 | AW24: 3.374309 | AX24: 0 | AY24: 0 | AZ24: 1 | BA24: Sucesso | BB24: 0 | BC24: 0 | BD24: 8 | BE24: OK FINISH_DONE | BF24: =IF(AV24="","",IF(OR(AV24<Resumo!$O$11,AV24>Resumo!$P$11),"Sim","Não")) -> Não
A25: ESTADOS | P25: ESTADOS | AE25: ESTADOS | AT25: ESTADOS
A26: ID | B26: Repetição | C26: Tempo total (s) | D26: Espera improdutiva (s) | E26: Nº timeouts | F26: Nº comandos prematuros | G26: Taxa sucesso ciclo (0/1) | H26: Resultado | I26: Nº falhas | J26: Tempo recuperação (s) | K26: Nº comandos | L26: Resultado final | M26: Outlier tempo? | N26: Observações | P26: ID | Q26: Repetição | R26: Tempo total (s) | S26: Espera improdutiva (s) | T26: Nº timeouts | U26: Nº comandos prematuros | V26: Taxa sucesso ciclo (0/1) | W26: Resultado | X26: Nº falhas | Y26: Tempo recuperação (s) | Z26: Nº comandos | AA26: Resultado final | AB26: Outlier tempo? | AC26: Observações | AE26: ID | AF26: Repetição | AG26: Tempo total (s) | AH26: Espera improdutiva (s) | AI26: Nº timeouts | AJ26: Nº comandos prematuros | AK26: Taxa sucesso ciclo (0/1) | AL26: Resultado | AM26: Nº falhas | AN26: Tempo recuperação (s) | AO26: Nº comandos | AP26: Resultado final | AQ26: Outlier tempo? | AR26: Observações | AT26: ID | AU26: Repetição | AV26: Tempo total (s) | AW26: Espera improdutiva (s) | AX26: Nº timeouts | AY26: Nº comandos prematuros | AZ26: Taxa sucesso ciclo (0/1) | BA26: Resultado | BB26: Nº falhas | BC26: Tempo recuperação (s) | BD26: Nº comandos | BE26: Resultado final | BF26: Outlier tempo? | BG26: Observações
A27: R01E | B27: 1 | C27: 51.604 | D27: 1.101 | E27: 0 | F27: 0 | G27: 1 | H27: Sucesso | I27: 0 | J27: 0 | K27: 8 | L27: OK FINISH_DONE | M27: =IF(C27="","",IF(OR(C27<Resumo!$O$6,C27>Resumo!$P$6),"Sim","Não")) -> Não | P27: R04E | Q27: 1 | R27: 44.757183 | S27: 1.048377 | T27: 0 | U27: 0 | V27: 1 | W27: Sucesso | X27: 0 | Y27: 0 | Z27: 8 | AA27: OK FINISH_DONE | AB27: =IF(R27="","",IF(OR(R27<Resumo!$O$8,R27>Resumo!$P$8),"Sim","Não")) -> Não | AE27: R08E | AF27: 1 | AG27: 44.014952 | AH27: 1.037619 | AI27: 0 | AJ27: 0 | AK27: 1 | AL27: Sucesso | AM27: 0 | AN27: 0 | AO27: 8 | AP27: OK FINISH_DONE | AQ27: =IF(AG27="","",IF(OR(AG27<Resumo!$O$10,AG27>Resumo!$P$10),"Sim","Não")) -> Não | AT27: R10E | AU27: 1 | AV27: 49.821277 | AW27: 1.030375 | AX27: 0 | AY27: 0 | AZ27: 1 | BA27: Sucesso | BB27: 0 | BC27: 0 | BD27: 8 | BE27: OK FINISH_DONE | BF27: =IF(AV27="","",IF(OR(AV27<Resumo!$O$12,AV27>Resumo!$P$12),"Sim","Não")) -> Não
A28: R01E | B28: 2 | C28: 48.698 | D28: 1.133 | E28: 0 | F28: 0 | G28: 1 | H28: Sucesso | I28: 0 | J28: 0 | K28: 8 | L28: OK FINISH_DONE | M28: =IF(C28="","",IF(OR(C28<Resumo!$O$6,C28>Resumo!$P$6),"Sim","Não")) -> Não | P28: R04E | Q28: 2 | R28: 42.811829 | S28: 1.063399 | T28: 0 | U28: 0 | V28: 1 | W28: Sucesso | X28: 0 | Y28: 0 | Z28: 8 | AA28: OK FINISH_DONE | AB28: =IF(R28="","",IF(OR(R28<Resumo!$O$8,R28>Resumo!$P$8),"Sim","Não")) -> Não | AE28: R08E | AF28: 2 | AG28: 55.879504 | AH28: 1.090637 | AI28: 0 | AJ28: 0 | AK28: 1 | AL28: Sucesso | AM28: 0 | AN28: 0 | AO28: 8 | AP28: OK FINISH_DONE | AQ28: =IF(AG28="","",IF(OR(AG28<Resumo!$O$10,AG28>Resumo!$P$10),"Sim","Não")) -> Sim | AT28: R10E | AU28: 2 | AV28: 43.930378 | AW28: 1.070031 | AX28: 0 | AY28: 0 | AZ28: 1 | BA28: Sucesso | BB28: 0 | BC28: 0 | BD28: 8 | BE28: OK FINISH_DONE | BF28: =IF(AV28="","",IF(OR(AV28<Resumo!$O$12,AV28>Resumo!$P$12),"Sim","Não")) -> Não
A29: R01E | B29: 3 | C29: 53.615 | D29: 1.099 | E29: 0 | F29: 0 | G29: 1 | H29: Sucesso | I29: 0 | J29: 0 | K29: 8 | L29: OK FINISH_DONE | M29: =IF(C29="","",IF(OR(C29<Resumo!$O$6,C29>Resumo!$P$6),"Sim","Não")) -> Não | P29: R04E | Q29: 3 | R29: 42.650284 | S29: 1.061196 | T29: 0 | U29: 0 | V29: 1 | W29: Sucesso | X29: 0 | Y29: 0 | Z29: 8 | AA29: OK FINISH_DONE | AB29: =IF(R29="","",IF(OR(R29<Resumo!$O$8,R29>Resumo!$P$8),"Sim","Não")) -> Não | AE29: R08E | AF29: 3 | AG29: 44.031582 | AH29: 1.065288 | AI29: 0 | AJ29: 0 | AK29: 1 | AL29: Sucesso | AM29: 0 | AN29: 0 | AO29: 8 | AP29: OK FINISH_DONE | AQ29: =IF(AG29="","",IF(OR(AG29<Resumo!$O$10,AG29>Resumo!$P$10),"Sim","Não")) -> Não | AT29: R10E | AU29: 3 | AV29: 6.113277 | AW29: 0.715285 | AX29: 0 | AY29: 0 | AZ29: 0 | BA29: Falha | BB29: 1 | BC29: 6.8 | BD29: 4 | BE29: OK CANCEL_DONE | BF29: =IF(AV29="","",IF(OR(AV29<Resumo!$O$12,AV29>Resumo!$P$12),"Sim","Não")) -> Sim | BG29: Falhou no primeiro move
A30: R01E | B30: 4 | C30: 42.388 | D30: 1.085 | E30: 0 | F30: 0 | G30: 0 | H30: Falha | I30: 1 | J30: 5.8 | K30: 8 | L30: ERROR FINISH_FAILED | M30: =IF(C30="","",IF(OR(C30<Resumo!$O$6,C30>Resumo!$P$6),"Sim","Não")) -> Não | N30: Não consegui calcular trajetória para home | P30: R04E | Q30: 4 | R30: 42.737907 | S30: 1.083949 | T30: 0 | U30: 0 | V30: 1 | W30: Sucesso | X30: 0 | Y30: 0 | Z30: 8 | AA30: OK FINISH_DONE | AB30: =IF(R30="","",IF(OR(R30<Resumo!$O$8,R30>Resumo!$P$8),"Sim","Não")) -> Não | AE30: R08E | AF30: 4 | AG30: 46.095655 | AH30: 1.060403 | AI30: 0 | AJ30: 0 | AK30: 1 | AL30: Sucesso | AM30: 0 | AN30: 0 | AO30: 8 | AP30: OK FINISH_DONE | AQ30: =IF(AG30="","",IF(OR(AG30<Resumo!$O$10,AG30>Resumo!$P$10),"Sim","Não")) -> Não | AT30: R10E | AU30: 4 | AV30: 53.421255 | AW30: 1.029132 | AX30: 0 | AY30: 0 | AZ30: 1 | BA30: Sucesso | BB30: 0 | BC30: 0 | BD30: 8 | BE30: OK FINISH_DONE | BF30: =IF(AV30="","",IF(OR(AV30<Resumo!$O$12,AV30>Resumo!$P$12),"Sim","Não")) -> Não
A31: R01E | B31: 5 | C31: 43.335 | D31: 1.082 | E31: 0 | F31: 0 | G31: 1 | H31: Sucesso | I31: 0 | J31: 0 | K31: 8 | L31: OK FINISH_DONE | M31: =IF(C31="","",IF(OR(C31<Resumo!$O$6,C31>Resumo!$P$6),"Sim","Não")) -> Não | P31: R04E | Q31: 5 | R31: 42.798577 | S31: 1.082041 | T31: 0 | U31: 0 | V31: 1 | W31: Sucesso | X31: 0 | Y31: 0 | Z31: 8 | AA31: OK FINISH_DONE | AB31: =IF(R31="","",IF(OR(R31<Resumo!$O$8,R31>Resumo!$P$8),"Sim","Não")) -> Não | AE31: R08E | AF31: 5 | AG31: 49.046482 | AH31: 1.051514 | AI31: 0 | AJ31: 0 | AK31: 1 | AL31: Sucesso | AM31: 0 | AN31: 0 | AO31: 8 | AP31: OK FINISH_DONE | AQ31: =IF(AG31="","",IF(OR(AG31<Resumo!$O$10,AG31>Resumo!$P$10),"Sim","Não")) -> Não | AT31: R10E | AU31: 5 | AV31: 43.675383 | AW31: 1.125366 | AX31: 0 | AY31: 0 | AZ31: 1 | BA31: Sucesso | BB31: 0 | BC31: 0 | BD31: 8 | BE31: OK FINISH_DONE | BF31: =IF(AV31="","",IF(OR(AV31<Resumo!$O$12,AV31>Resumo!$P$12),"Sim","Não")) -> Não
A32: R01E | B32: 6 | C32: 47.987 | D32: 1.07 | E32: 0 | F32: 0 | G32: 1 | H32: Sucesso | I32: 0 | J32: 0 | K32: 8 | L32: OK FINISH_DONE | M32: =IF(C32="","",IF(OR(C32<Resumo!$O$6,C32>Resumo!$P$6),"Sim","Não")) -> Não | P32: R04E | Q32: 6 | R32: 47.57038 | S32: 1.07589 | T32: 0 | U32: 0 | V32: 1 | W32: Sucesso | X32: 0 | Y32: 0 | Z32: 8 | AA32: OK FINISH_DONE | AB32: =IF(R32="","",IF(OR(R32<Resumo!$O$8,R32>Resumo!$P$8),"Sim","Não")) -> Sim | AE32: R08E | AF32: 6 | AG32: 43.975354 | AH32: 1.054144 | AI32: 0 | AJ32: 0 | AK32: 1 | AL32: Sucesso | AM32: 0 | AN32: 0 | AO32: 8 | AP32: OK FINISH_DONE | AQ32: =IF(AG32="","",IF(OR(AG32<Resumo!$O$10,AG32>Resumo!$P$10),"Sim","Não")) -> Não | AT32: R10E | AU32: 6 | AV32: 48.613154 | AW32: 1.112468 | AX32: 0 | AY32: 0 | AZ32: 1 | BA32: Sucesso | BB32: 0 | BC32: 0 | BD32: 8 | BE32: OK FINISH_DONE | BF32: =IF(AV32="","",IF(OR(AV32<Resumo!$O$12,AV32>Resumo!$P$12),"Sim","Não")) -> Não
A33: R01E | B33: 7 | C33: 50.185 | D33: 1.068 | E33: 0 | F33: 0 | G33: 1 | H33: Sucesso | I33: 0 | J33: 0 | K33: 8 | L33: OK FINISH_DONE | M33: =IF(C33="","",IF(OR(C33<Resumo!$O$6,C33>Resumo!$P$6),"Sim","Não")) -> Não | P33: R04E | Q33: 7 | R33: 45.355725 | S33: 1.024798 | T33: 0 | U33: 0 | V33: 1 | W33: Sucesso | X33: 0 | Y33: 0 | Z33: 8 | AA33: OK FINISH_DONE | AB33: =IF(R33="","",IF(OR(R33<Resumo!$O$8,R33>Resumo!$P$8),"Sim","Não")) -> Não | AE33: R08E | AF33: 7 | AG33: 45.820203 | AH33: 1.083473 | AI33: 0 | AJ33: 0 | AK33: 1 | AL33: Sucesso | AM33: 0 | AN33: 0 | AO33: 8 | AP33: OK FINISH_DONE | AQ33: =IF(AG33="","",IF(OR(AG33<Resumo!$O$10,AG33>Resumo!$P$10),"Sim","Não")) -> Não | AT33: R10E | AU33: 7 | AV33: 49.526924 | AW33: 1.105157 | AX33: 0 | AY33: 0 | AZ33: 1 | BA33: Sucesso | BB33: 0 | BC33: 0 | BD33: 8 | BE33: OK FINISH_DONE | BF33: =IF(AV33="","",IF(OR(AV33<Resumo!$O$12,AV33>Resumo!$P$12),"Sim","Não")) -> Não
A34: R01E | B34: 8 | C34: 43.218 | D34: 1.051 | E34: 0 | F34: 0 | G34: 1 | H34: Sucesso | I34: 0 | J34: 0 | K34: 8 | L34: OK FINISH_DONE | M34: =IF(C34="","",IF(OR(C34<Resumo!$O$6,C34>Resumo!$P$6),"Sim","Não")) -> Não | P34: R04E | Q34: 8 | R34: 42.802085 | S34: 1.067796 | T34: 0 | U34: 0 | V34: 1 | W34: Sucesso | X34: 0 | Y34: 0 | Z34: 8 | AA34: OK FINISH_DONE | AB34: =IF(R34="","",IF(OR(R34<Resumo!$O$8,R34>Resumo!$P$8),"Sim","Não")) -> Não | AE34: R08E | AF34: 8 | AG34: 46.753799 | AH34: 1.07909 | AI34: 0 | AJ34: 0 | AK34: 1 | AL34: Sucesso | AM34: 0 | AN34: 0 | AO34: 8 | AP34: OK FINISH_DONE | AQ34: =IF(AG34="","",IF(OR(AG34<Resumo!$O$10,AG34>Resumo!$P$10),"Sim","Não")) -> Não | AT34: R10E | AU34: 8 | AV34: 46.799123 | AW34: 1.1024 | AX34: 0 | AY34: 0 | AZ34: 1 | BA34: Sucesso | BB34: 0 | BC34: 0 | BD34: 8 | BE34: OK FINISH_DONE | BF34: =IF(AV34="","",IF(OR(AV34<Resumo!$O$12,AV34>Resumo!$P$12),"Sim","Não")) -> Não
A35: R01E | B35: 9 | C35: 48.232 | D35: 1.062 | E35: 0 | F35: 0 | G35: 1 | H35: Sucesso | I35: 0 | J35: 0 | K35: 8 | L35: OK FINISH_DONE | M35: =IF(C35="","",IF(OR(C35<Resumo!$O$6,C35>Resumo!$P$6),"Sim","Não")) -> Não | P35: R04E | Q35: 9 | R35: 42.667493 | S35: 1.028286 | T35: 0 | U35: 0 | V35: 1 | W35: Sucesso | X35: 0 | Y35: 0 | Z35: 8 | AA35: OK FINISH_DONE | AB35: =IF(R35="","",IF(OR(R35<Resumo!$O$8,R35>Resumo!$P$8),"Sim","Não")) -> Não | AE35: R08E | AF35: 9 | AG35: 44.065377 | AH35: 1.059648 | AI35: 0 | AJ35: 0 | AK35: 1 | AL35: Sucesso | AM35: 0 | AN35: 0 | AO35: 8 | AP35: OK FINISH_DONE | AQ35: =IF(AG35="","",IF(OR(AG35<Resumo!$O$10,AG35>Resumo!$P$10),"Sim","Não")) -> Não | AT35: R10E | AU35: 9 | AV35: 48.857926 | AW35: 1.076603 | AX35: 0 | AY35: 0 | AZ35: 1 | BA35: Sucesso | BB35: 0 | BC35: 0 | BD35: 8 | BE35: OK FINISH_DONE | BF35: =IF(AV35="","",IF(OR(AV35<Resumo!$O$12,AV35>Resumo!$P$12),"Sim","Não")) -> Não
A36: R01E | B36: 10 | C36: 48.169 | D36: 1.068 | E36: 0 | F36: 0 | G36: 1 | H36: Sucesso | I36: 0 | J36: 0 | K36: 8 | L36: OK FINISH_DONE | M36: =IF(C36="","",IF(OR(C36<Resumo!$O$6,C36>Resumo!$P$6),"Sim","Não")) -> Não | P36: R04E | Q36: 10 | R36: 42.7286 | S36: 1.078937 | T36: 0 | U36: 0 | V36: 1 | W36: Sucesso | X36: 0 | Y36: 0 | Z36: 8 | AA36: OK FINISH_DONE | AB36: =IF(R36="","",IF(OR(R36<Resumo!$O$8,R36>Resumo!$P$8),"Sim","Não")) -> Não | AE36: R08E | AF36: 10 | AG36: 51.57251 | AH36: 1.084941 | AI36: 0 | AJ36: 0 | AK36: 1 | AL36: Sucesso | AM36: 0 | AN36: 0 | AO36: 8 | AP36: OK FINISH_DONE | AQ36: =IF(AG36="","",IF(OR(AG36<Resumo!$O$10,AG36>Resumo!$P$10),"Sim","Não")) -> Não | AT36: R10E | AU36: 10 | AV36: 48.941153 | AW36: 1.062279 | AX36: 0 | AY36: 0 | AZ36: 1 | BA36: Sucesso | BB36: 0 | BC36: 0 | BD36: 8 | BE36: OK FINISH_DONE | BF36: =IF(AV36="","",IF(OR(AV36<Resumo!$O$12,AV36>Resumo!$P$12),"Sim","Não")) -> Não
A37: R01E | B37: 11 | C37: 47.696 | D37: 1.037 | E37: 0 | F37: 0 | G37: 1 | H37: Sucesso | I37: 0 | J37: 0 | K37: 8 | L37: OK FINISH_DONE | M37: =IF(C37="","",IF(OR(C37<Resumo!$O$6,C37>Resumo!$P$6),"Sim","Não")) -> Não | P37: R04E | Q37: 11 | R37: 44.121078 | S37: 1.100489 | T37: 0 | U37: 0 | V37: 1 | W37: Sucesso | X37: 0 | Y37: 0 | Z37: 8 | AA37: OK FINISH_DONE | AB37: =IF(R37="","",IF(OR(R37<Resumo!$O$8,R37>Resumo!$P$8),"Sim","Não")) -> Não | AE37: R08E | AF37: 11 | AG37: 6.192219 | AH37: 0.724609 | AI37: 0 | AJ37: 0 | AK37: 0 | AL37: Falha | AM37: 1 | AN37: 6.4 | AO37: 4 | AP37: OK CANCEL_DONE | AQ37: =IF(AG37="","",IF(OR(AG37<Resumo!$O$10,AG37>Resumo!$P$10),"Sim","Não")) -> Sim | AR37: Falhou no primeiro move | AT37: R10E | AU37: 11 | AV37: 47.582444 | AW37: 1.096572 | AX37: 0 | AY37: 0 | AZ37: 1 | BA37: Sucesso | BB37: 0 | BC37: 0 | BD37: 8 | BE37: OK FINISH_DONE | BF37: =IF(AV37="","",IF(OR(AV37<Resumo!$O$12,AV37>Resumo!$P$12),"Sim","Não")) -> Não
A38: R01E | B38: 12 | C38: 43.54 | D38: 1.089 | E38: 0 | F38: 0 | G38: 1 | H38: Sucesso | I38: 0 | J38: 0 | K38: 8 | L38: OK FINISH_DONE | M38: =IF(C38="","",IF(OR(C38<Resumo!$O$6,C38>Resumo!$P$6),"Sim","Não")) -> Não | P38: R04E | Q38: 12 | R38: 42.780908 | S38: 1.036086 | T38: 0 | U38: 0 | V38: 1 | W38: Sucesso | X38: 0 | Y38: 0 | Z38: 8 | AA38: OK FINISH_DONE | AB38: =IF(R38="","",IF(OR(R38<Resumo!$O$8,R38>Resumo!$P$8),"Sim","Não")) -> Não | AE38: R08E | AF38: 12 | AG38: 43.860507 | AH38: 1.041709 | AI38: 0 | AJ38: 0 | AK38: 1 | AL38: Sucesso | AM38: 0 | AN38: 0 | AO38: 8 | AP38: OK FINISH_DONE | AQ38: =IF(AG38="","",IF(OR(AG38<Resumo!$O$10,AG38>Resumo!$P$10),"Sim","Não")) -> Não | AT38: R10E | AU38: 12 | AV38: 51.418999 | AW38: 1.076183 | AX38: 0 | AY38: 0 | AZ38: 1 | BA38: Sucesso | BB38: 0 | BC38: 0 | BD38: 8 | BE38: OK FINISH_DONE | BF38: =IF(AV38="","",IF(OR(AV38<Resumo!$O$12,AV38>Resumo!$P$12),"Sim","Não")) -> Não
A39: R01E | B39: 13 | C39: 46.066 | D39: 0.99 | E39: 0 | F39: 0 | G39: 1 | H39: Sucesso | I39: 0 | J39: 0 | K39: 8 | L39: OK FINISH_DONE | M39: =IF(C39="","",IF(OR(C39<Resumo!$O$6,C39>Resumo!$P$6),"Sim","Não")) -> Não | P39: R04E | Q39: 13 | R39: 42.655652 | S39: 1.111103 | T39: 0 | U39: 0 | V39: 1 | W39: Sucesso | X39: 0 | Y39: 0 | Z39: 8 | AA39: OK FINISH_DONE | AB39: =IF(R39="","",IF(OR(R39<Resumo!$O$8,R39>Resumo!$P$8),"Sim","Não")) -> Não | AE39: R08E | AF39: 13 | AG39: 43.81524 | AH39: 1.08367 | AI39: 0 | AJ39: 0 | AK39: 1 | AL39: Sucesso | AM39: 0 | AN39: 0 | AO39: 8 | AP39: OK FINISH_DONE | AQ39: =IF(AG39="","",IF(OR(AG39<Resumo!$O$10,AG39>Resumo!$P$10),"Sim","Não")) -> Não | AT39: R10E | AU39: 13 | AV39: 48.200318 | AW39: 1.119608 | AX39: 0 | AY39: 0 | AZ39: 1 | BA39: Sucesso | BB39: 0 | BC39: 0 | BD39: 8 | BE39: OK FINISH_DONE | BF39: =IF(AV39="","",IF(OR(AV39<Resumo!$O$12,AV39>Resumo!$P$12),"Sim","Não")) -> Não
A40: R01E | B40: 14 | C40: 51.565 | D40: 1.07 | E40: 0 | F40: 0 | G40: 1 | H40: Sucesso | I40: 0 | J40: 0 | K40: 8 | L40: OK FINISH_DONE | M40: =IF(C40="","",IF(OR(C40<Resumo!$O$6,C40>Resumo!$P$6),"Sim","Não")) -> Não | P40: R04E | Q40: 14 | R40: 42.863996 | S40: 1.05281 | T40: 0 | U40: 0 | V40: 1 | W40: Sucesso | X40: 0 | Y40: 0 | Z40: 8 | AA40: OK FINISH_DONE | AB40: =IF(R40="","",IF(OR(R40<Resumo!$O$8,R40>Resumo!$P$8),"Sim","Não")) -> Não | AE40: R08E | AF40: 14 | AG40: 45.612313 | AH40: 1.054109 | AI40: 0 | AJ40: 0 | AK40: 1 | AL40: Sucesso | AM40: 0 | AN40: 0 | AO40: 8 | AP40: OK FINISH_DONE | AQ40: =IF(AG40="","",IF(OR(AG40<Resumo!$O$10,AG40>Resumo!$P$10),"Sim","Não")) -> Não | AT40: R10E | AU40: 14 | AV40: 52.310116 | AW40: 1.082233 | AX40: 0 | AY40: 0 | AZ40: 1 | BA40: Sucesso | BB40: 0 | BC40: 0 | BD40: 8 | BE40: OK FINISH_DONE | BF40: =IF(AV40="","",IF(OR(AV40<Resumo!$O$12,AV40>Resumo!$P$12),"Sim","Não")) -> Não
A41: R01E | B41: 15 | C41: 52.33 | D41: 1.123 | E41: 0 | F41: 0 | G41: 1 | H41: Sucesso | I41: 0 | J41: 0 | K41: 8 | L41: OK FINISH_DONE | M41: =IF(C41="","",IF(OR(C41<Resumo!$O$6,C41>Resumo!$P$6),"Sim","Não")) -> Não | P41: R04E | Q41: 15 | R41: 42.679882 | S41: 1.102633 | T41: 0 | U41: 0 | V41: 1 | W41: Sucesso | X41: 0 | Y41: 0 | Z41: 8 | AA41: OK FINISH_DONE | AB41: =IF(R41="","",IF(OR(R41<Resumo!$O$8,R41>Resumo!$P$8),"Sim","Não")) -> Não | AE41: R08E | AF41: 15 | AG41: 51.83368 | AH41: 1.08595 | AI41: 0 | AJ41: 0 | AK41: 1 | AL41: Sucesso | AM41: 0 | AN41: 0 | AO41: 8 | AP41: OK FINISH_DONE | AQ41: =IF(AG41="","",IF(OR(AG41<Resumo!$O$10,AG41>Resumo!$P$10),"Sim","Não")) -> Não | AT41: R10E | AU41: 15 | AV41: 47.390803 | AW41: 1.115976 | AX41: 0 | AY41: 0 | AZ41: 1 | BA41: Sucesso | BB41: 0 | BC41: 0 | BD41: 8 | BE41: OK FINISH_DONE | BF41: =IF(AV41="","",IF(OR(AV41<Resumo!$O$12,AV41>Resumo!$P$12),"Sim","Não")) -> Não
A42: R01E | B42: 16 | C42: 48.978 | D42: 1.002 | E42: 0 | F42: 0 | G42: 1 | H42: Sucesso | I42: 0 | J42: 0 | K42: 8 | L42: OK FINISH_DONE | M42: =IF(C42="","",IF(OR(C42<Resumo!$O$6,C42>Resumo!$P$6),"Sim","Não")) -> Não | P42: R04E | Q42: 16 | R42: 48.329302 | S42: 1.046658 | T42: 0 | U42: 0 | V42: 1 | W42: Sucesso | X42: 0 | Y42: 0 | Z42: 8 | AA42: OK FINISH_DONE | AB42: =IF(R42="","",IF(OR(R42<Resumo!$O$8,R42>Resumo!$P$8),"Sim","Não")) -> Sim | AE42: R08E | AF42: 16 | AG42: 43.715068 | AH42: 1.020478 | AI42: 0 | AJ42: 0 | AK42: 1 | AL42: Sucesso | AM42: 0 | AN42: 0 | AO42: 8 | AP42: OK FINISH_DONE | AQ42: =IF(AG42="","",IF(OR(AG42<Resumo!$O$10,AG42>Resumo!$P$10),"Sim","Não")) -> Não | AT42: R10E | AU42: 16 | AV42: 48.895891 | AW42: 1.102976 | AX42: 0 | AY42: 0 | AZ42: 1 | BA42: Sucesso | BB42: 0 | BC42: 0 | BD42: 8 | BE42: OK FINISH_DONE | BF42: =IF(AV42="","",IF(OR(AV42<Resumo!$O$12,AV42>Resumo!$P$12),"Sim","Não")) -> Não
A43: R01E | B43: 17 | C43: 43.449 | D43: 1.09 | E43: 0 | F43: 0 | G43: 1 | H43: Sucesso | I43: 0 | J43: 0 | K43: 8 | L43: OK FINISH_DONE | M43: =IF(C43="","",IF(OR(C43<Resumo!$O$6,C43>Resumo!$P$6),"Sim","Não")) -> Não | P43: R04E | Q43: 17 | R43: 42.94394 | S43: 1.134474 | T43: 0 | U43: 0 | V43: 1 | W43: Sucesso | X43: 0 | Y43: 0 | Z43: 8 | AA43: OK FINISH_DONE | AB43: =IF(R43="","",IF(OR(R43<Resumo!$O$8,R43>Resumo!$P$8),"Sim","Não")) -> Não | AE43: R08E | AF43: 17 | AG43: 6.281744 | AH43: 0.779123 | AI43: 0 | AJ43: 0 | AK43: 0 | AL43: Falha | AM43: 1 | AN43: 7.1 | AO43: 4 | AP43: OK CANCEL_DONE | AQ43: =IF(AG43="","",IF(OR(AG43<Resumo!$O$10,AG43>Resumo!$P$10),"Sim","Não")) -> Sim | AR43: Falhou no primeiro move | AT43: R10E | AU43: 17 | AV43: 53.055284 | AW43: 1.076669 | AX43: 0 | AY43: 0 | AZ43: 1 | BA43: Sucesso | BB43: 0 | BC43: 0 | BD43: 8 | BE43: OK FINISH_DONE | BF43: =IF(AV43="","",IF(OR(AV43<Resumo!$O$12,AV43>Resumo!$P$12),"Sim","Não")) -> Não
A44: R01E | B44: 18 | C44: 46.245 | D44: 1.09 | E44: 0 | F44: 0 | G44: 1 | H44: Sucesso | I44: 0 | J44: 0 | K44: 8 | L44: OK FINISH_DONE | M44: =IF(C44="","",IF(OR(C44<Resumo!$O$6,C44>Resumo!$P$6),"Sim","Não")) -> Não | P44: R04E | Q44: 18 | R44: 47.410076 | S44: 0.959827 | T44: 0 | U44: 0 | V44: 1 | W44: Sucesso | X44: 0 | Y44: 0 | Z44: 8 | AA44: OK FINISH_DONE | AB44: =IF(R44="","",IF(OR(R44<Resumo!$O$8,R44>Resumo!$P$8),"Sim","Não")) -> Sim | AE44: R08E | AF44: 18 | AG44: 48.53652 | AH44: 1.053584 | AI44: 0 | AJ44: 0 | AK44: 1 | AL44: Sucesso | AM44: 0 | AN44: 0 | AO44: 8 | AP44: OK FINISH_DONE | AQ44: =IF(AG44="","",IF(OR(AG44<Resumo!$O$10,AG44>Resumo!$P$10),"Sim","Não")) -> Não | AT44: R10E | AU44: 18 | AV44: 46.753501 | AW44: 1.083506 | AX44: 0 | AY44: 0 | AZ44: 1 | BA44: Sucesso | BB44: 0 | BC44: 0 | BD44: 8 | BE44: OK FINISH_DONE | BF44: =IF(AV44="","",IF(OR(AV44<Resumo!$O$12,AV44>Resumo!$P$12),"Sim","Não")) -> Não
A45: R01E | B45: 19 | C45: 48.187 | D45: 0.999 | E45: 0 | F45: 0 | G45: 1 | H45: Sucesso | I45: 0 | J45: 0 | K45: 8 | L45: OK FINISH_DONE | M45: =IF(C45="","",IF(OR(C45<Resumo!$O$6,C45>Resumo!$P$6),"Sim","Não")) -> Não | P45: R04E | Q45: 19 | R45: 42.841493 | S45: 1.016298 | T45: 0 | U45: 0 | V45: 1 | W45: Sucesso | X45: 0 | Y45: 0 | Z45: 8 | AA45: OK FINISH_DONE | AB45: =IF(R45="","",IF(OR(R45<Resumo!$O$8,R45>Resumo!$P$8),"Sim","Não")) -> Não | AE45: R08E | AF45: 19 | AG45: 43.944081 | AH45: 1.068555 | AI45: 0 | AJ45: 0 | AK45: 1 | AL45: Sucesso | AM45: 0 | AN45: 0 | AO45: 8 | AP45: OK FINISH_DONE | AQ45: =IF(AG45="","",IF(OR(AG45<Resumo!$O$10,AG45>Resumo!$P$10),"Sim","Não")) -> Não | AT45: R10E | AU45: 19 | AV45: 53.955051 | AW45: 1.057462 | AX45: 0 | AY45: 0 | AZ45: 1 | BA45: Sucesso | BB45: 0 | BC45: 0 | BD45: 8 | BE45: OK FINISH_DONE | BF45: =IF(AV45="","",IF(OR(AV45<Resumo!$O$12,AV45>Resumo!$P$12),"Sim","Não")) -> Não
A46: R01E | B46: 20 | C46: 33.634 | D46: 1.455 | E46: 0 | F46: 0 | G46: 0 | H46: Falha | I46: 1 | J46: 6.3 | K46: 8 | L46: ERROR FINISH_FAILED | M46: =IF(C46="","",IF(OR(C46<Resumo!$O$6,C46>Resumo!$P$6),"Sim","Não")) -> Sim | N46: Não consegui calcular trajetória para home | P46: R04E | Q46: 20 | R46: 42.783285 | S46: 1.073392 | T46: 0 | U46: 0 | V46: 1 | W46: Sucesso | X46: 0 | Y46: 0 | Z46: 8 | AA46: OK FINISH_DONE | AB46: =IF(R46="","",IF(OR(R46<Resumo!$O$8,R46>Resumo!$P$8),"Sim","Não")) -> Não | AE46: R08E | AF46: 20 | AG46: 55.30334 | AH46: 1.052175 | AI46: 0 | AJ46: 0 | AK46: 1 | AL46: Sucesso | AM46: 0 | AN46: 0 | AO46: 8 | AP46: OK FINISH_DONE | AQ46: =IF(AG46="","",IF(OR(AG46<Resumo!$O$10,AG46>Resumo!$P$10),"Sim","Não")) -> Não | AT46: R10E | AU46: 20 | AV46: 47.487156 | AW46: 1.074636 | AX46: 0 | AY46: 0 | AZ46: 1 | BA46: Sucesso | BB46: 0 | BC46: 0 | BD46: 8 | BE46: OK FINISH_DONE | BF46: =IF(AV46="","",IF(OR(AV46<Resumo!$O$12,AV46>Resumo!$P$12),"Sim","Não")) -> Não

Sheet Rep_Fases
A1: Repetibilidade — métricas por fase
A3: TEMPORAL | N3: TEMPORAL | AA3: TEMPORAL | AN3: TEMPORAL
A4: ID | B4: Repetição | C4: Fase | D4: Estado no envio | E4: Tempo até resposta (s) | F4: Espera desde resposta anterior (s) | G4: Resposta | H4: Timeout | I4: Comando prematuro | J4: Falha | K4: Sucesso fase (0/1) | L4: Observações | N4: ID | O4: Repetição | P4: Fase | Q4: Estado no envio | R4: Tempo até resposta (s) | S4: Espera desde resposta anterior (s) | T4: Resposta | U4: Timeout | V4: Comando prematuro | W4: Falha | X4: Sucesso fase (0/1) | Y4: Observações | AA4: ID | AB4: Repetição | AC4: Fase | AD4: Estado no envio | AE4: Tempo até resposta (s) | AF4: Espera desde resposta anterior (s) | AG4: Resposta | AH4: Timeout | AI4: Comando prematuro | AJ4: Falha | AK4: Sucesso fase (0/1) | AL4: Observações | AN4: ID | AO4: Repetição | AP4: Fase | AQ4: Estado no envio | AR4: Tempo até resposta (s) | AS4: Espera desde resposta anterior (s) | AT4: Resposta | AU4: Timeout | AV4: Comando prematuro | AW4: Falha | AX4: Sucesso fase (0/1) | AY4: Observações
A5: R01 | B5: 1 | C5: PICK | D5: PRONTO | E5: 0.451478 | F5: - | G5: OK PICK_DONE peca_1 | H5: 0 | I5: 0 | J5: 0 | K5: =IF(COUNTA(J5)=0,"",1-J5) -> 1 | N5: R04 | O5: 1 | P5: PICK | Q5: PRONTO | R5: 0.454264 | S5: - | T5: OK PICK_DONE peca_1 | U5: 0 | V5: 0 | W5: 0 | X5: =IF(COUNTA(W5)=0,"",1-W5) -> 1 | AA5: R08 | AB5: 1 | AC5: PICK | AD5: PRONTO | AE5: 0.451283 | AF5: - | AG5: OK PICK_DONE peca_1 | AH5: 0 | AI5: 0 | AJ5: 0 | AK5: =IF(COUNTA(AJ5)=0,"",1-AJ5) -> 1 | AN5: R10 | AO5: 1 | AP5: PICK | AQ5: DESCONHECIDO | AR5: 0.452469 | AS5: - | AT5: OK PICK_DONE peca_1 | AU5: 0 | AV5: 0 | AW5: 0 | AX5: =IF(COUNTA(AW5)=0,"",1-AW5) -> 1
A6: R01 | B6: 1 | C6: TARGET_PICK | D6: PRONTO | E6: 0.00207 | F6: 0.355248 | G6: OK TARGET_DONE | H6: 0 | I6: 0 | J6: 0 | K6: =IF(COUNTA(J6)=0,"",1-J6) -> 1 | N6: R04 | O6: 1 | P6: TARGET_PICK | Q6: PRONTO | R6: 0.001867 | S6: 0.350911 | T6: OK TARGET_DONE | U6: 0 | V6: 0 | W6: 0 | X6: =IF(COUNTA(W6)=0,"",1-W6) -> 1 | AA6: R08 | AB6: 1 | AC6: TARGET_PICK | AD6: PRONTO | AE6: 0.003493 | AF6: 0.369515 | AG6: OK TARGET_DONE | AH6: 0 | AI6: 0 | AJ6: 0 | AK6: =IF(COUNTA(AJ6)=0,"",1-AJ6) -> 1 | AN6: R10 | AO6: 1 | AP6: TARGET_PICK | AQ6: DESCONHECIDO | AR6: 0.00173 | AS6: 0.398476 | AT6: OK TARGET_DONE | AU6: 0 | AV6: 0 | AW6: 0 | AX6: =IF(COUNTA(AW6)=0,"",1-AW6) -> 1
A7: R01 | B7: 1 | C7: MOVE_PICK | D7: PRONTO | E7: 18.025244 | F7: 0.425904 | G7: OK MOVE_DONE | H7: 0 | I7: 0 | J7: 0 | K7: =IF(COUNTA(J7)=0,"",1-J7) -> 1 | N7: R04 | O7: 1 | P7: MOVE_PICK | Q7: PRONTO | R7: 15.185535 | S7: 0.424659 | T7: OK MOVE_DONE | U7: 0 | V7: 0 | W7: 0 | X7: =IF(COUNTA(W7)=0,"",1-W7) -> 1 | AA7: R08 | AB7: 1 | AC7: MOVE_PICK | AD7: PRONTO | AE7: 18.810776 | AF7: 0.438631 | AG7: OK MOVE_DONE | AH7: 0 | AI7: 0 | AJ7: 0 | AK7: =IF(COUNTA(AJ7)=0,"",1-AJ7) -> 1 | AN7: R10 | AO7: 1 | AP7: MOVE_PICK | AQ7: DESCONHECIDO | AR7: 15.197511 | AS7: 0.455445 | AT7: OK MOVE_DONE | AU7: 0 | AV7: 0 | AW7: 0 | AX7: =IF(COUNTA(AW7)=0,"",1-AW7) -> 1
A8: R01 | B8: 1 | C8: CLOSE | D8: PRONTO | E8: 0.005348 | F8: 0.814 | G8: OK CLOSE_DONE ATTACHED peca_1 | H8: 0 | I8: 0 | J8: 0 | K8: =IF(COUNTA(J8)=0,"",1-J8) -> 1 | N8: R04 | O8: 1 | P8: CLOSE | Q8: PRONTO | R8: 0.003833 | S8: 0.881019 | T8: OK CLOSE_DONE ATTACHED peca_1 | U8: 0 | V8: 0 | W8: 0 | X8: =IF(COUNTA(W8)=0,"",1-W8) -> 1 | AA8: R08 | AB8: 1 | AC8: CLOSE | AD8: PRONTO | AE8: 0.002938 | AF8: 0.834465 | AG8: OK CLOSE_DONE ATTACHED peca_1 | AH8: 0 | AI8: 0 | AJ8: 0 | AK8: =IF(COUNTA(AJ8)=0,"",1-AJ8) -> 1 | AN8: R10 | AO8: 1 | AP8: CLOSE | AQ8: PRONTO | AR8: 0.004194 | AS8: 0.876017 | AT8: OK CLOSE_DONE ATTACHED peca_1 | AU8: 0 | AV8: 0 | AW8: 0 | AX8: =IF(COUNTA(AW8)=0,"",1-AW8) -> 1
A9: R01 | B9: 1 | C9: TARGET_PLACE | D9: PRONTO | E9: 0.002354 | F9: 0.365695 | G9: OK TARGET_DONE | H9: 0 | I9: 0 | J9: 0 | K9: =IF(COUNTA(J9)=0,"",1-J9) -> 1 | N9: R04 | O9: 1 | P9: TARGET_PLACE | Q9: PRONTO | R9: 0.001459 | S9: 0.367156 | T9: OK TARGET_DONE | U9: 0 | V9: 0 | W9: 0 | X9: =IF(COUNTA(W9)=0,"",1-W9) -> 1 | AA9: R08 | AB9: 1 | AC9: TARGET_PLACE | AD9: PRONTO | AE9: 0.002182 | AF9: 0.368618 | AG9: OK TARGET_DONE | AH9: 0 | AI9: 0 | AJ9: 0 | AK9: =IF(COUNTA(AJ9)=0,"",1-AJ9) -> 1 | AN9: R10 | AO9: 1 | AP9: TARGET_PLACE | AQ9: PRONTO | AR9: 0.002019 | AS9: 0.386588 | AT9: OK TARGET_DONE | AU9: 0 | AV9: 0 | AW9: 0 | AX9: =IF(COUNTA(AW9)=0,"",1-AW9) -> 1
A10: R01 | B10: 1 | C10: MOVE_PLACE | D10: PRONTO | E10: 17.181472 | F10: 0.425433 | G10: OK MOVE_DONE | H10: 0 | I10: 0 | J10: 0 | K10: =IF(COUNTA(J10)=0,"",1-J10) -> 1 | N10: R04 | O10: 1 | P10: MOVE_PLACE | Q10: PRONTO | R10: 16.786593 | S10: 0.427085 | T10: OK MOVE_DONE | U10: 0 | V10: 0 | W10: 0 | X10: =IF(COUNTA(W10)=0,"",1-W10) -> 1 | AA10: R08 | AB10: 1 | AC10: MOVE_PLACE | AD10: PRONTO | AE10: 13.21614 | AF10: 0.425733 | AG10: OK MOVE_DONE | AH10: 0 | AI10: 0 | AJ10: 0 | AK10: =IF(COUNTA(AJ10)=0,"",1-AJ10) -> 1 | AN10: R10 | AO10: 1 | AP10: MOVE_PLACE | AQ10: PRONTO | AR10: 17.232907 | AS10: 0.473125 | AT10: OK MOVE_DONE | AU10: 0 | AV10: 0 | AW10: 0 | AX10: =IF(COUNTA(AW10)=0,"",1-AW10) -> 1
A11: R01 | B11: 1 | C11: OPEN | D11: PRONTO | E11: 0.003231 | F11: 0.350741 | G11: OK OPEN_DONE | H11: 0 | I11: 0 | J11: 0 | K11: =IF(COUNTA(J11)=0,"",1-J11) -> 1 | N11: R04 | O11: 1 | P11: OPEN | Q11: PRONTO | R11: 0.003419 | S11: 0.310142 | T11: OK OPEN_DONE | U11: 0 | V11: 0 | W11: 0 | X11: =IF(COUNTA(W11)=0,"",1-W11) -> 1 | AA11: R08 | AB11: 1 | AC11: OPEN | AD11: PRONTO | AE11: 0.004608 | AF11: 0.364685 | AG11: OK OPEN_DONE | AH11: 0 | AI11: 0 | AJ11: 0 | AK11: =IF(COUNTA(AJ11)=0,"",1-AJ11) -> 1 | AN11: R10 | AO11: 1 | AP11: OPEN | AQ11: PRONTO | AR11: 0.004407 | AS11: 0.39447 | AT11: OK OPEN_DONE | AU11: 0 | AV11: 0 | AW11: 0 | AX11: =IF(COUNTA(AW11)=0,"",1-AW11) -> 1
A12: R01 | B12: 1 | C12: FINISH_HOME | D12: PRONTO | E12: 14.403548 | F12: 0.439138 | G12: OK FINISH_DONE | H12: 0 | I12: 0 | J12: 0 | K12: =IF(COUNTA(J12)=0,"",1-J12) -> 1 | N12: R04 | O12: 1 | P12: FINISH_HOME | Q12: PRONTO | R12: 14.579843 | S12: 0.440666 | T12: OK FINISH_DONE | U12: 0 | V12: 0 | W12: 0 | X12: =IF(COUNTA(W12)=0,"",1-W12) -> 1 | AA12: R08 | AB12: 1 | AC12: FINISH_HOME | AD12: PRONTO | AE12: 12.679193 | AF12: 0.421733 | AG12: OK FINISH_DONE | AH12: 0 | AI12: 0 | AJ12: 0 | AK12: =IF(COUNTA(AJ12)=0,"",1-AJ12) -> 1 | AN12: R10 | AO12: 1 | AP12: FINISH_HOME | AQ12: PRONTO | AR12: 13.983971 | AS12: 0.457953 | AT12: OK FINISH_DONE | AU12: 0 | AV12: 0 | AW12: 0 | AX12: =IF(COUNTA(AW12)=0,"",1-AW12) -> 1
A13: R01 | B13: 2 | C13: PICK | D13: PRONTO | E13: 0.451054 | F13: - | G13: OK PICK_DONE peca_2 | H13: 0 | I13: 0 | J13: 0 | K13: =IF(COUNTA(J13)=0,"",1-J13) -> 1 | N13: R04 | O13: 2 | P13: PICK | Q13: PRONTO | R13: 0.451312 | S13: - | T13: OK PICK_DONE peca_2 | U13: 0 | V13: 0 | W13: 0 | X13: =IF(COUNTA(W13)=0,"",1-W13) -> 1 | AA13: R08 | AB13: 2 | AC13: PICK | AD13: PRONTO | AE13: 0.451587 | AF13: - | AG13: OK PICK_DONE peca_2 | AH13: 0 | AI13: 0 | AJ13: 0 | AK13: =IF(COUNTA(AJ13)=0,"",1-AJ13) -> 1 | AN13: R10 | AO13: 2 | AP13: PICK | AQ13: PRONTO | AR13: 0.449413 | AS13: - | AT13: OK PICK_DONE peca_2 | AU13: 0 | AV13: 0 | AW13: 0 | AX13: =IF(COUNTA(AW13)=0,"",1-AW13) -> 1
A14: R01 | B14: 2 | C14: TARGET_PICK | D14: PRONTO | E14: 0.001842 | F14: 0.356595 | G14: OK TARGET_DONE | H14: 0 | I14: 0 | J14: 0 | K14: =IF(COUNTA(J14)=0,"",1-J14) -> 1 | N14: R04 | O14: 2 | P14: TARGET_PICK | Q14: PRONTO | R14: 0.002468 | S14: 0.370525 | T14: OK TARGET_DONE | U14: 0 | V14: 0 | W14: 0 | X14: =IF(COUNTA(W14)=0,"",1-W14) -> 1 | AA14: R08 | AB14: 2 | AC14: TARGET_PICK | AD14: PRONTO | AE14: 0.008111 | AF14: 0.354262 | AG14: OK TARGET_DONE | AH14: 0 | AI14: 0 | AJ14: 0 | AK14: =IF(COUNTA(AJ14)=0,"",1-AJ14) -> 1 | AN14: R10 | AO14: 2 | AP14: TARGET_PICK | AQ14: PRONTO | AR14: 0.00198 | AS14: 0.376198 | AT14: OK TARGET_DONE | AU14: 0 | AV14: 0 | AW14: 0 | AX14: =IF(COUNTA(AW14)=0,"",1-AW14) -> 1
A15: R01 | B15: 2 | C15: MOVE_PICK | D15: PRONTO | E15: 16.557876 | F15: 0.423625 | G15: OK MOVE_DONE | H15: 0 | I15: 0 | J15: 0 | K15: =IF(COUNTA(J15)=0,"",1-J15) -> 1 | N15: R04 | O15: 2 | P15: MOVE_PICK | Q15: PRONTO | R15: 15.165204 | S15: 0.439162 | T15: OK MOVE_DONE | U15: 0 | V15: 0 | W15: 0 | X15: =IF(COUNTA(W15)=0,"",1-W15) -> 1 | AA15: R08 | AB15: 2 | AC15: MOVE_PICK | AD15: PRONTO | AE15: 16.624668 | AF15: 0.415374 | AG15: OK MOVE_DONE | AH15: 0 | AI15: 0 | AJ15: 0 | AK15: =IF(COUNTA(AJ15)=0,"",1-AJ15) -> 1 | AN15: R10 | AO15: 2 | AP15: MOVE_PICK | AQ15: PRONTO | AR15: 16.846994 | AS15: 0.433459 | AT15: OK MOVE_DONE | AU15: 0 | AV15: 0 | AW15: 0 | AX15: =IF(COUNTA(AW15)=0,"",1-AW15) -> 1
A16: R01 | B16: 2 | C16: CLOSE | D16: PRONTO | E16: 0.003214 | F16: 0.849121 | G16: OK CLOSE_DONE ATTACHED peca_2 | H16: 0 | I16: 0 | J16: 0 | K16: =IF(COUNTA(J16)=0,"",1-J16) -> 1 | N16: R04 | O16: 2 | P16: CLOSE | Q16: PRONTO | R16: 0.00323 | S16: 0.886242 | T16: OK CLOSE_DONE ATTACHED peca_2 | U16: 0 | V16: 0 | W16: 0 | X16: =IF(COUNTA(W16)=0,"",1-W16) -> 1 | AA16: R08 | AB16: 2 | AC16: CLOSE | AD16: PRONTO | AE16: 0.003708 | AF16: 0.876423 | AG16: OK CLOSE_DONE ATTACHED peca_2 | AH16: 0 | AI16: 0 | AJ16: 0 | AK16: =IF(COUNTA(AJ16)=0,"",1-AJ16) -> 1 | AN16: R10 | AO16: 2 | AP16: CLOSE | AQ16: PRONTO | AR16: 0.003384 | AS16: 0.848815 | AT16: OK CLOSE_DONE ATTACHED peca_2 | AU16: 0 | AV16: 0 | AW16: 0 | AX16: =IF(COUNTA(AW16)=0,"",1-AW16) -> 1
A17: R01 | B17: 2 | C17: TARGET_PLACE | D17: PRONTO | E17: 0.0016 | F17: 0.366491 | G17: OK TARGET_DONE | H17: 0 | I17: 0 | J17: 0 | K17: =IF(COUNTA(J17)=0,"",1-J17) -> 1 | N17: R04 | O17: 2 | P17: TARGET_PLACE | Q17: PRONTO | R17: 0.001645 | S17: 0.382991 | T17: OK TARGET_DONE | U17: 0 | V17: 0 | W17: 0 | X17: =IF(COUNTA(W17)=0,"",1-W17) -> 1 | AA17: R08 | AB17: 2 | AC17: TARGET_PLACE | AD17: PRONTO | AE17: 0.001882 | AF17: 0.368636 | AG17: OK TARGET_DONE | AH17: 0 | AI17: 0 | AJ17: 0 | AK17: =IF(COUNTA(AJ17)=0,"",1-AJ17) -> 1 | AN17: R10 | AO17: 2 | AP17: TARGET_PLACE | AQ17: PRONTO | AR17: 0.000936 | AS17: 0.375404 | AT17: OK TARGET_DONE | AU17: 0 | AV17: 0 | AW17: 0 | AX17: =IF(COUNTA(AW17)=0,"",1-AW17) -> 1
A18: R01 | B18: 2 | C18: MOVE_PLACE | D18: PRONTO | E18: 19.698399 | F18: 0.440254 | G18: OK MOVE_DONE | H18: 0 | I18: 0 | J18: 0 | K18: =IF(COUNTA(J18)=0,"",1-J18) -> 1 | N18: R04 | O18: 2 | P18: MOVE_PLACE | Q18: PRONTO | R18: 17.512849 | S18: 0.439541 | T18: OK MOVE_DONE | U18: 0 | V18: 0 | W18: 0 | X18: =IF(COUNTA(W18)=0,"",1-W18) -> 1 | AA18: R08 | AB18: 2 | AC18: MOVE_PLACE | AD18: PRONTO | AE18: 13.512551 | AF18: 0.44101 | AG18: OK MOVE_DONE | AH18: 0 | AI18: 0 | AJ18: 0 | AK18: =IF(COUNTA(AJ18)=0,"",1-AJ18) -> 1 | AN18: R10 | AO18: 2 | AP18: MOVE_PLACE | AQ18: PRONTO | AR18: 17.250279 | AS18: 0.421122 | AT18: OK MOVE_DONE | AU18: 0 | AV18: 0 | AW18: 0 | AX18: =IF(COUNTA(AW18)=0,"",1-AW18) -> 1
A19: R01 | B19: 2 | C19: OPEN | D19: PRONTO | E19: 0.003063 | F19: 0.352177 | G19: OK OPEN_DONE | H19: 0 | I19: 0 | J19: 0 | K19: =IF(COUNTA(J19)=0,"",1-J19) -> 1 | N19: R04 | O19: 2 | P19: OPEN | Q19: PRONTO | R19: 0.003965 | S19: 0.373643 | T19: OK OPEN_DONE | U19: 0 | V19: 0 | W19: 0 | X19: =IF(COUNTA(W19)=0,"",1-W19) -> 1 | AA19: R08 | AB19: 2 | AC19: OPEN | AD19: PRONTO | AE19: 0.009159 | AF19: 0.327926 | AG19: OK OPEN_DONE | AH19: 0 | AI19: 0 | AJ19: 0 | AK19: =IF(COUNTA(AJ19)=0,"",1-AJ19) -> 1 | AN19: R10 | AO19: 2 | AP19: OPEN | AQ19: PRONTO | AR19: 0.004154 | AS19: 0.330958 | AT19: OK OPEN_DONE | AU19: 0 | AV19: 0 | AW19: 0 | AX19: =IF(COUNTA(AW19)=0,"",1-AW19) -> 1
A20: R01 | B20: 2 | C20: FINISH_HOME | D20: PRONTO | E20: 14.550157 | F20: 0.425927 | G20: OK FINISH_DONE | H20: 0 | I20: 0 | J20: 0 | K20: =IF(COUNTA(J20)=0,"",1-J20) -> 1 | N20: R04 | O20: 2 | P20: FINISH_HOME | Q20: PRONTO | R20: 13.696156 | S20: 0.43508 | T20: OK FINISH_DONE | U20: 0 | V20: 0 | W20: 0 | X20: =IF(COUNTA(W20)=0,"",1-W20) -> 1 | AA20: R08 | AB20: 2 | AC20: FINISH_HOME | AD20: PRONTO | AE20: 18.490622 | AF20: 0.421819 | AG20: OK FINISH_DONE | AH20: 0 | AI20: 0 | AJ20: 0 | AK20: =IF(COUNTA(AJ20)=0,"",1-AJ20) -> 1 | AN20: R10 | AO20: 2 | AP20: FINISH_HOME | AQ20: PRONTO | AR20: 13.455061 | AS20: 0.432552 | AT20: OK FINISH_DONE | AU20: 0 | AV20: 0 | AW20: 0 | AX20: =IF(COUNTA(AW20)=0,"",1-AW20) -> 1
A21: R01 | B21: 3 | C21: PICK | D21: PRONTO | E21: 0.451388 | F21: - | G21: OK PICK_DONE peca_3 | H21: 0 | I21: 0 | J21: 0 | K21: =IF(COUNTA(J21)=0,"",1-J21) -> 1 | N21: R04 | O21: 3 | P21: PICK | Q21: PRONTO | R21: 0.451449 | S21: - | T21: OK PICK_DONE peca_3 | U21: 0 | V21: 0 | W21: 0 | X21: =IF(COUNTA(W21)=0,"",1-W21) -> 1 | AA21: R08 | AB21: 3 | AC21: PICK | AD21: PRONTO | AE21: 0.450142 | AF21: - | AG21: OK PICK_DONE peca_3 | AH21: 0 | AI21: 0 | AJ21: 0 | AK21: =IF(COUNTA(AJ21)=0,"",1-AJ21) -> 1 | AN21: R10 | AO21: 3 | AP21: PICK | AQ21: PRONTO | AR21: 0.454594 | AS21: - | AT21: OK PICK_DONE peca_3 | AU21: 0 | AV21: 0 | AW21: 0 | AX21: =IF(COUNTA(AW21)=0,"",1-AW21) -> 1
A22: R01 | B22: 3 | C22: TARGET_PICK | D22: PRONTO | E22: 0.001688 | F22: 0.37089 | G22: OK TARGET_DONE | H22: 0 | I22: 0 | J22: 0 | K22: =IF(COUNTA(J22)=0,"",1-J22) -> 1 | N22: R04 | O22: 3 | P22: TARGET_PICK | Q22: PRONTO | R22: 0.002534 | S22: 0.359396 | T22: OK TARGET_DONE | U22: 0 | V22: 0 | W22: 0 | X22: =IF(COUNTA(W22)=0,"",1-W22) -> 1 | AA22: R08 | AB22: 3 | AC22: TARGET_PICK | AD22: PRONTO | AE22: 0.001512 | AF22: 0.353629 | AG22: OK TARGET_DONE | AH22: 0 | AI22: 0 | AJ22: 0 | AK22: =IF(COUNTA(AJ22)=0,"",1-AJ22) -> 1 | AN22: R10 | AO22: 3 | AP22: TARGET_PICK | AQ22: PRONTO | AR22: 0.001889 | AS22: 0.364342 | AT22: OK TARGET_DONE | AU22: 0 | AV22: 0 | AW22: 0 | AX22: =IF(COUNTA(AW22)=0,"",1-AW22) -> 1
A23: R01 | B23: 3 | C23: MOVE_PICK | D23: PRONTO | E23: 16.338816 | F23: 0.425782 | G23: OK MOVE_DONE | H23: 0 | I23: 0 | J23: 0 | K23: =IF(COUNTA(J23)=0,"",1-J23) -> 1 | N23: R04 | O23: 3 | P23: MOVE_PICK | Q23: PRONTO | R23: 16.218204 | S23: 0.359642 | T23: OK MOVE_DONE | U23: 0 | V23: 0 | W23: 0 | X23: =IF(COUNTA(W23)=0,"",1-W23) -> 1 | AA23: R08 | AB23: 3 | AC23: MOVE_PICK | AD23: PRONTO | AE23: 15.604407 | AF23: 0.437901 | AG23: OK MOVE_DONE | AH23: 0 | AI23: 0 | AJ23: 0 | AK23: =IF(COUNTA(AJ23)=0,"",1-AJ23) -> 1 | AN23: R10 | AO23: 3 | AP23: MOVE_PICK | AQ23: PRONTO | AR23: 16.883885 | AS23: 0.424295 | AT23: OK MOVE_DONE | AU23: 0 | AV23: 0 | AW23: 0 | AX23: =IF(COUNTA(AW23)=0,"",1-AW23) -> 1
A24: R01 | B24: 3 | C24: CLOSE | D24: PRONTO | E24: 0.003253 | F24: 0.880644 | G24: OK CLOSE_DONE ATTACHED peca_3 | H24: 0 | I24: 0 | J24: 0 | K24: =IF(COUNTA(J24)=0,"",1-J24) -> 1 | N24: R04 | O24: 3 | P24: CLOSE | Q24: PRONTO | R24: 0.004859 | S24: 0.830661 | T24: OK CLOSE_DONE ATTACHED peca_3 | U24: 0 | V24: 0 | W24: 0 | X24: =IF(COUNTA(W24)=0,"",1-W24) -> 1 | AA24: R08 | AB24: 3 | AC24: CLOSE | AD24: PRONTO | AE24: 0.003333 | AF24: 0.870742 | AG24: OK CLOSE_DONE ATTACHED peca_3 | AH24: 0 | AI24: 0 | AJ24: 0 | AK24: =IF(COUNTA(AJ24)=0,"",1-AJ24) -> 1 | AN24: R10 | AO24: 3 | AP24: CLOSE | AQ24: PRONTO | AR24: 0.003779 | AS24: 0.840044 | AT24: OK CLOSE_DONE ATTACHED peca_3 | AU24: 0 | AV24: 0 | AW24: 0 | AX24: =IF(COUNTA(AW24)=0,"",1-AW24) -> 1
A25: R01 | B25: 3 | C25: TARGET_PLACE | D25: PRONTO | E25: 0.001551 | F25: 0.37028 | G25: OK TARGET_DONE | H25: 0 | I25: 0 | J25: 0 | K25: =IF(COUNTA(J25)=0,"",1-J25) -> 1 | N25: R04 | O25: 3 | P25: TARGET_PLACE | Q25: PRONTO | R25: 0.002266 | S25: 0.37173 | T25: OK TARGET_DONE | U25: 0 | V25: 0 | W25: 0 | X25: =IF(COUNTA(W25)=0,"",1-W25) -> 1 | AA25: R08 | AB25: 3 | AC25: TARGET_PLACE | AD25: PRONTO | AE25: 0.001929 | AF25: 0.389302 | AG25: OK TARGET_DONE | AH25: 0 | AI25: 0 | AJ25: 0 | AK25: =IF(COUNTA(AJ25)=0,"",1-AJ25) -> 1 | AN25: R10 | AO25: 3 | AP25: TARGET_PLACE | AQ25: PRONTO | AR25: 0.002126 | AS25: 0.388735 | AT25: OK TARGET_DONE | AU25: 0 | AV25: 0 | AW25: 0 | AX25: =IF(COUNTA(AW25)=0,"",1-AW25) -> 1
A26: R01 | B26: 3 | C26: MOVE_PLACE | D26: PRONTO | E26: 17.624274 | F26: 0.425721 | G26: OK MOVE_DONE | H26: 0 | I26: 0 | J26: 0 | K26: =IF(COUNTA(J26)=0,"",1-J26) -> 1 | N26: R04 | O26: 3 | P26: MOVE_PLACE | Q26: PRONTO | R26: 12.796055 | S26: 0.438044 | T26: OK MOVE_DONE | U26: 0 | V26: 0 | W26: 0 | X26: =IF(COUNTA(W26)=0,"",1-W26) -> 1 | AA26: R08 | AB26: 3 | AC26: MOVE_PLACE | AD26: PRONTO | AE26: 13.355982 | AF26: 0.425674 | AG26: OK MOVE_DONE | AH26: 0 | AI26: 0 | AJ26: 0 | AK26: =IF(COUNTA(AJ26)=0,"",1-AJ26) -> 1 | AN26: R10 | AO26: 3 | AP26: MOVE_PLACE | AQ26: PRONTO | AR26: 21.50831 | AS26: 0.461148 | AT26: OK MOVE_DONE | AU26: 0 | AV26: 0 | AW26: 0 | AX26: =IF(COUNTA(AW26)=0,"",1-AW26) -> 1
A27: R01 | B27: 3 | C27: OPEN | D27: PRONTO | E27: 0.00393 | F27: 0.371091 | G27: OK OPEN_DONE | H27: 0 | I27: 0 | J27: 0 | K27: =IF(COUNTA(J27)=0,"",1-J27) -> 1 | N27: R04 | O27: 3 | P27: OPEN | Q27: PRONTO | R27: 0.004269 | S27: 0.312847 | T27: OK OPEN_DONE | U27: 0 | V27: 0 | W27: 0 | X27: =IF(COUNTA(W27)=0,"",1-W27) -> 1 | AA27: R08 | AB27: 3 | AC27: OPEN | AD27: PRONTO | AE27: 0.006512 | AF27: 0.379811 | AG27: OK OPEN_DONE | AH27: 0 | AI27: 0 | AJ27: 0 | AK27: =IF(COUNTA(AJ27)=0,"",1-AJ27) -> 1 | AN27: R10 | AO27: 3 | AP27: OPEN | AQ27: PRONTO | AR27: 0.009629 | AS27: 0.384001 | AT27: OK OPEN_DONE | AU27: 0 | AV27: 0 | AW27: 0 | AX27: =IF(COUNTA(AW27)=0,"",1-AW27) -> 1
A28: R01 | B28: 3 | C28: FINISH_HOME | D28: PRONTO | E28: 12.761763 | F28: 0.438618 | G28: OK FINISH_DONE | H28: 0 | I28: 0 | J28: 0 | K28: =IF(COUNTA(J28)=0,"",1-J28) -> 1 | N28: R04 | O28: 3 | P28: FINISH_HOME | Q28: PRONTO | R28: 13.696569 | S28: 0.436619 | T28: OK FINISH_DONE | U28: 0 | V28: 0 | W28: 0 | X28: =IF(COUNTA(W28)=0,"",1-W28) -> 1 | AA28: R08 | AB28: 3 | AC28: FINISH_HOME | AD28: PRONTO | AE28: 12.767875 | AF28: 0.420672 | AG28: OK FINISH_DONE | AH28: 0 | AI28: 0 | AJ28: 0 | AK28: =IF(COUNTA(AJ28)=0,"",1-AJ28) -> 1 | AN28: R10 | AO28: 3 | AP28: FINISH_HOME | AQ28: PRONTO | AR28: 13.953086 | AS28: 0.428861 | AT28: OK FINISH_DONE | AU28: 0 | AV28: 0 | AW28: 0 | AX28: =IF(COUNTA(AW28)=0,"",1-AW28) -> 1
A29: R01 | B29: 4 | C29: PICK | D29: PRONTO | E29: 0.451801 | F29: - | G29: OK PICK_DONE peca_4 | H29: 0 | I29: 0 | J29: 0 | K29: =IF(COUNTA(J29)=0,"",1-J29) -> 1 | N29: R04 | O29: 4 | P29: PICK | Q29: PRONTO | R29: 0.452592 | S29: - | T29: OK PICK_DONE peca_4 | U29: 0 | V29: 0 | W29: 0 | X29: =IF(COUNTA(W29)=0,"",1-W29) -> 1 | AA29: R08 | AB29: 4 | AC29: PICK | AD29: PRONTO | AE29: 0.452261 | AF29: - | AG29: OK PICK_DONE peca_4 | AH29: 0 | AI29: 0 | AJ29: 0 | AK29: =IF(COUNTA(AJ29)=0,"",1-AJ29) -> 1 | AN29: R10 | AO29: 4 | AP29: PICK | AQ29: PRONTO | AR29: 0.452756 | AS29: - | AT29: OK PICK_DONE peca_4 | AU29: 0 | AV29: 0 | AW29: 0 | AX29: =IF(COUNTA(AW29)=0,"",1-AW29) -> 1
A30: R01 | B30: 4 | C30: TARGET_PICK | D30: PRONTO | E30: 0.002099 | F30: 0.355885 | G30: OK TARGET_DONE | H30: 0 | I30: 0 | J30: 0 | K30: =IF(COUNTA(J30)=0,"",1-J30) -> 1 | N30: R04 | O30: 4 | P30: TARGET_PICK | Q30: PRONTO | R30: 0.001931 | S30: 0.355143 | T30: OK TARGET_DONE | U30: 0 | V30: 0 | W30: 0 | X30: =IF(COUNTA(W30)=0,"",1-W30) -> 1 | AA30: R08 | AB30: 4 | AC30: TARGET_PICK | AD30: PRONTO | AE30: 0.003158 | AF30: 0.368595 | AG30: OK TARGET_DONE | AH30: 0 | AI30: 0 | AJ30: 0 | AK30: =IF(COUNTA(AJ30)=0,"",1-AJ30) -> 1 | AN30: R10 | AO30: 4 | AP30: TARGET_PICK | AQ30: PRONTO | AR30: 0.001662 | AS30: 0.362964 | AT30: OK TARGET_DONE | AU30: 0 | AV30: 0 | AW30: 0 | AX30: =IF(COUNTA(AW30)=0,"",1-AW30) -> 1
A31: R01 | B31: 4 | C31: MOVE_PICK | D31: PRONTO | E31: 16.568966 | F31: 0.42493 | G31: OK MOVE_DONE | H31: 0 | I31: 0 | J31: 0 | K31: =IF(COUNTA(J31)=0,"",1-J31) -> 1 | N31: R04 | O31: 4 | P31: MOVE_PICK | Q31: PRONTO | R31: 16.185552 | S31: 0.440371 | T31: OK MOVE_DONE | U31: 0 | V31: 0 | W31: 0 | X31: =IF(COUNTA(W31)=0,"",1-W31) -> 1 | AA31: R08 | AB31: 4 | AC31: MOVE_PICK | AD31: PRONTO | AE31: 15.593523 | AF31: 0.438246 | AG31: OK MOVE_DONE | AH31: 0 | AI31: 0 | AJ31: 0 | AK31: =IF(COUNTA(AJ31)=0,"",1-AJ31) -> 1 | AN31: R10 | AO31: 4 | AP31: MOVE_PICK | AQ31: PRONTO | AR31: 15.358448 | AS31: 0.428514 | AT31: OK MOVE_DONE | AU31: 0 | AV31: 0 | AW31: 0 | AX31: =IF(COUNTA(AW31)=0,"",1-AW31) -> 1
A32: R01 | B32: 4 | C32: CLOSE | D32: PRONTO | E32: 0.003977 | F32: 0.850576 | G32: OK CLOSE_DONE ATTACHED peca_4 | H32: 0 | I32: 0 | J32: 0 | K32: =IF(COUNTA(J32)=0,"",1-J32) -> 1 | N32: R04 | O32: 4 | P32: CLOSE | Q32: PRONTO | R32: 0.005543 | S32: 0.882267 | T32: OK CLOSE_DONE ATTACHED peca_4 | U32: 0 | V32: 0 | W32: 0 | X32: =IF(COUNTA(W32)=0,"",1-W32) -> 1 | AA32: R08 | AB32: 4 | AC32: CLOSE | AD32: PRONTO | AE32: 0.004737 | AF32: 0.829053 | AG32: OK CLOSE_DONE ATTACHED peca_4 | AH32: 0 | AI32: 0 | AJ32: 0 | AK32: =IF(COUNTA(AJ32)=0,"",1-AJ32) -> 1 | AN32: R10 | AO32: 4 | AP32: CLOSE | AQ32: PRONTO | AR32: 0.003537 | AS32: 0.873492 | AT32: OK CLOSE_DONE ATTACHED peca_4 | AU32: 0 | AV32: 0 | AW32: 0 | AX32: =IF(COUNTA(AW32)=0,"",1-AW32) -> 1
A33: R01 | B33: 4 | C33: TARGET_PLACE | D33: PRONTO | E33: 0.0015 | F33: 0.367513 | G33: OK TARGET_DONE | H33: 0 | I33: 0 | J33: 0 | K33: =IF(COUNTA(J33)=0,"",1-J33) -> 1 | N33: R04 | O33: 4 | P33: TARGET_PLACE | Q33: PRONTO | R33: 0.001961 | S33: 0.36385 | T33: OK TARGET_DONE | U33: 0 | V33: 0 | W33: 0 | X33: =IF(COUNTA(W33)=0,"",1-W33) -> 1 | AA33: R08 | AB33: 4 | AC33: TARGET_PLACE | AD33: PRONTO | AE33: 0.002511 | AF33: 0.383434 | AG33: OK TARGET_DONE | AH33: 0 | AI33: 0 | AJ33: 0 | AK33: =IF(COUNTA(AJ33)=0,"",1-AJ33) -> 1 | AN33: R10 | AO33: 4 | AP33: TARGET_PLACE | AQ33: PRONTO | AR33: 0.001469 | AS33: 0.368603 | AT33: OK TARGET_DONE | AU33: 0 | AV33: 0 | AW33: 0 | AX33: =IF(COUNTA(AW33)=0,"",1-AW33) -> 1
A34: R01 | B34: 4 | C34: MOVE_PLACE | D34: PRONTO | E34: 13.274509 | F34: 0.426312 | G34: OK MOVE_DONE | H34: 0 | I34: 0 | J34: 0 | K34: =IF(COUNTA(J34)=0,"",1-J34) -> 1 | N34: R04 | O34: 4 | P34: MOVE_PLACE | Q34: PRONTO | R34: 12.821532 | S34: 0.426303 | T34: OK MOVE_DONE | U34: 0 | V34: 0 | W34: 0 | X34: =IF(COUNTA(W34)=0,"",1-W34) -> 1 | AA34: R08 | AB34: 4 | AC34: MOVE_PLACE | AD34: PRONTO | AE34: 13.251952 | AF34: 0.423332 | AG34: OK MOVE_DONE | AH34: 0 | AI34: 0 | AJ34: 0 | AK34: =IF(COUNTA(AJ34)=0,"",1-AJ34) -> 1 | AN34: R10 | AO34: 4 | AP34: MOVE_PLACE | AQ34: PRONTO | AR34: 16.840608 | AS34: 0.447433 | AT34: OK MOVE_DONE | AU34: 0 | AV34: 0 | AW34: 0 | AX34: =IF(COUNTA(AW34)=0,"",1-AW34) -> 1
A35: R01 | B35: 4 | C35: OPEN | D35: PRONTO | E35: 0.004847 | F35: 0.340965 | G35: OK OPEN_DONE | H35: 0 | I35: 0 | J35: 0 | K35: =IF(COUNTA(J35)=0,"",1-J35) -> 1 | N35: R04 | O35: 4 | P35: OPEN | Q35: PRONTO | R35: 0.006407 | S35: 0.324757 | T35: OK OPEN_DONE | U35: 0 | V35: 0 | W35: 0 | X35: =IF(COUNTA(W35)=0,"",1-W35) -> 1 | AA35: R08 | AB35: 4 | AC35: OPEN | AD35: PRONTO | AE35: 0.004251 | AF35: 0.331991 | AG35: OK OPEN_DONE | AH35: 0 | AI35: 0 | AJ35: 0 | AK35: =IF(COUNTA(AJ35)=0,"",1-AJ35) -> 1 | AN35: R10 | AO35: 4 | AP35: OPEN | AQ35: PRONTO | AR35: 0.004018 | AS35: 0.384826 | AT35: OK OPEN_DONE | AU35: 0 | AV35: 0 | AW35: 0 | AX35: =IF(COUNTA(AW35)=0,"",1-AW35) -> 1
A36: R01 | B36: 4 | C36: FINISH_HOME | D36: PRONTO | E36: 19.078126 | F36: 0.421865 | G36: OK FINISH_DONE | H36: 0 | I36: 0 | J36: 0 | K36: =IF(COUNTA(J36)=0,"",1-J36) -> 1 | N36: R04 | O36: 4 | P36: FINISH_HOME | Q36: PRONTO | R36: 13.740801 | S36: 0.436218 | T36: OK FINISH_DONE | U36: 0 | V36: 0 | W36: 0 | X36: =IF(COUNTA(W36)=0,"",1-W36) -> 1 | AA36: R08 | AB36: 4 | AC36: FINISH_HOME | AD36: PRONTO | AE36: 12.74099 | AF36: 0.423991 | AG36: OK FINISH_DONE | AH36: 0 | AI36: 0 | AJ36: 0 | AK36: =IF(COUNTA(AJ36)=0,"",1-AJ36) -> 1 | AN36: R10 | AO36: 4 | AP36: FINISH_HOME | AQ36: PRONTO | AR36: 14.201731 | AS36: 0.459942 | AT36: OK FINISH_DONE | AU36: 0 | AV36: 0 | AW36: 0 | AX36: =IF(COUNTA(AW36)=0,"",1-AW36) -> 1
A37: R01 | B37: 5 | C37: PICK | D37: PRONTO | E37: 0.451693 | F37: - | G37: OK PICK_DONE peca_5 | H37: 0 | I37: 0 | J37: 0 | K37: =IF(COUNTA(J37)=0,"",1-J37) -> 1 | N37: R04 | O37: 5 | P37: PICK | Q37: PRONTO | R37: 0.451636 | S37: - | T37: OK PICK_DONE peca_5 | U37: 0 | V37: 0 | W37: 0 | X37: =IF(COUNTA(W37)=0,"",1-W37) -> 1 | AA37: R08 | AB37: 5 | AC37: PICK | AD37: PRONTO | AE37: 0.451195 | AF37: - | AG37: OK PICK_DONE peca_5 | AH37: 0 | AI37: 0 | AJ37: 0 | AK37: =IF(COUNTA(AJ37)=0,"",1-AJ37) -> 1 | AN37: R10 | AO37: 5 | AP37: PICK | AQ37: PRONTO | AR37: 0.451767 | AS37: - | AT37: OK PICK_DONE peca_5 | AU37: 0 | AV37: 0 | AW37: 0 | AX37: =IF(COUNTA(AW37)=0,"",1-AW37) -> 1
A38: R01 | B38: 5 | C38: TARGET_PICK | D38: PRONTO | E38: 0.0009 | F38: 0.372269 | G38: OK TARGET_DONE | H38: 0 | I38: 0 | J38: 0 | K38: =IF(COUNTA(J38)=0,"",1-J38) -> 1 | N38: R04 | O38: 5 | P38: TARGET_PICK | Q38: PRONTO | R38: 0.002872 | S38: 0.372341 | T38: OK TARGET_DONE | U38: 0 | V38: 0 | W38: 0 | X38: =IF(COUNTA(W38)=0,"",1-W38) -> 1 | AA38: R08 | AB38: 5 | AC38: TARGET_PICK | AD38: PRONTO | AE38: 0.001433 | AF38: 0.356473 | AG38: OK TARGET_DONE | AH38: 0 | AI38: 0 | AJ38: 0 | AK38: =IF(COUNTA(AJ38)=0,"",1-AJ38) -> 1 | AN38: R10 | AO38: 5 | AP38: TARGET_PICK | AQ38: PRONTO | AR38: 0.002497 | AS38: 0.369641 | AT38: OK TARGET_DONE | AU38: 0 | AV38: 0 | AW38: 0 | AX38: =IF(COUNTA(AW38)=0,"",1-AW38) -> 1
A39: R01 | B39: 5 | C39: MOVE_PICK | D39: PRONTO | E39: 16.129634 | F39: 0.438597 | G39: OK MOVE_DONE | H39: 0 | I39: 0 | J39: 0 | K39: =IF(COUNTA(J39)=0,"",1-J39) -> 1 | N39: R04 | O39: 5 | P39: MOVE_PICK | Q39: PRONTO | R39: 16.298207 | S39: 0.424159 | T39: OK MOVE_DONE | U39: 0 | V39: 0 | W39: 0 | X39: =IF(COUNTA(W39)=0,"",1-W39) -> 1 | AA39: R08 | AB39: 5 | AC39: MOVE_PICK | AD39: PRONTO | AE39: 1.625007 | AF39: 0.425965 | AG39: ERROR MOVE_FAILED | AH39: 0 | AI39: 0 | AJ39: 1 | AK39: =IF(COUNTA(AJ39)=0,"",1-AJ39) -> 0 | AL39: Não conseguiu planear uma trajetória válida a tempo | AN39: R10 | AO39: 5 | AP39: MOVE_PICK | AQ39: PRONTO | AR39: 15.10968 | AS39: 0.461275 | AT39: OK MOVE_DONE | AU39: 0 | AV39: 0 | AW39: 0 | AX39: =IF(COUNTA(AW39)=0,"",1-AW39) -> 1
A40: R01 | B40: 5 | C40: CLOSE | D40: PRONTO | E40: 0.003234 | F40: 0.891069 | G40: OK CLOSE_DONE ATTACHED peca_5 | H40: 0 | I40: 0 | J40: 0 | K40: =IF(COUNTA(J40)=0,"",1-J40) -> 1 | N40: R04 | O40: 5 | P40: CLOSE | Q40: PRONTO | R40: 0.008114 | S40: 0.815311 | T40: OK CLOSE_DONE ATTACHED peca_5 | U40: 0 | V40: 0 | W40: 0 | X40: =IF(COUNTA(W40)=0,"",1-W40) -> 1 | AA40: R08 | AB40: 5 | AC40: CLOSE | AD40: PRONTO | AE40: 0.003399 | AF40: 0.83446 | AG40: OK CLOSE_DONE ATTACHED peca_5 | AH40: 0 | AI40: 0 | AJ40: 0 | AK40: =IF(COUNTA(AJ40)=0,"",1-AJ40) -> 1 | AN40: R10 | AO40: 5 | AP40: CLOSE | AQ40: PRONTO | AR40: 0.003229 | AS40: 0.852589 | AT40: OK CLOSE_DONE ATTACHED peca_5 | AU40: 0 | AV40: 0 | AW40: 0 | AX40: =IF(COUNTA(AW40)=0,"",1-AW40) -> 1
A41: R01 | B41: 5 | C41: TARGET_PLACE | D41: PRONTO | E41: 0.001445 | F41: 0.368121 | G41: OK TARGET_DONE | H41: 0 | I41: 0 | J41: 0 | K41: =IF(COUNTA(J41)=0,"",1-J41) -> 1 | N41: R04 | O41: 5 | P41: TARGET_PLACE | Q41: PRONTO | R41: 0.001928 | S41: 0.374603 | T41: OK TARGET_DONE | U41: 0 | V41: 0 | W41: 0 | X41: =IF(COUNTA(W41)=0,"",1-W41) -> 1 | AA41: R08 | AB41: 5 | AC41: TARGET_PLACE | AD41: PRONTO | AE41: 0.002138 | AF41: 0.36702 | AG41: OK TARGET_DONE | AH41: 0 | AI41: 0 | AJ41: 0 | AK41: =IF(COUNTA(AJ41)=0,"",1-AJ41) -> 1 | AN41: R10 | AO41: 5 | AP41: TARGET_PLACE | AQ41: PRONTO | AR41: 0.001868 | AS41: 0.382731 | AT41: OK TARGET_DONE | AU41: 0 | AV41: 0 | AW41: 0 | AX41: =IF(COUNTA(AW41)=0,"",1-AW41) -> 1
A42: R01 | B42: 5 | C42: MOVE_PLACE | D42: PRONTO | E42: 16.890668 | F42: 0.427142 | G42: OK MOVE_DONE | H42: 0 | I42: 0 | J42: 0 | K42: =IF(COUNTA(J42)=0,"",1-J42) -> 1 | N42: R04 | O42: 5 | P42: MOVE_PLACE | Q42: PRONTO | R42: 12.912128 | S42: 0.423185 | T42: OK MOVE_DONE | U42: 0 | V42: 0 | W42: 0 | X42: =IF(COUNTA(W42)=0,"",1-W42) -> 1 | AA42: R08 | AB42: 5 | AC42: MOVE_PLACE | AD42: PRONTO | AE42: 15.095298 | AF42: 0.377847 | AG42: OK MOVE_DONE | AH42: 0 | AI42: 0 | AJ42: 0 | AK42: =IF(COUNTA(AJ42)=0,"",1-AJ42) -> 1 | AN42: R10 | AO42: 5 | AP42: MOVE_PLACE | AQ42: PRONTO | AR42: 16.955838 | AS42: 0.459206 | AT42: OK MOVE_DONE | AU42: 0 | AV42: 0 | AW42: 0 | AX42: =IF(COUNTA(AW42)=0,"",1-AW42) -> 1
A43: R01 | B43: 5 | C43: OPEN | D43: PRONTO | E43: 0.003693 | F43: 0.337811 | G43: OK OPEN_DONE | H43: 0 | I43: 0 | J43: 0 | K43: =IF(COUNTA(J43)=0,"",1-J43) -> 1 | N43: R04 | O43: 5 | P43: OPEN | Q43: PRONTO | R43: 0.004336 | S43: 0.361485 | T43: OK OPEN_DONE | U43: 0 | V43: 0 | W43: 0 | X43: =IF(COUNTA(W43)=0,"",1-W43) -> 1 | AA43: R08 | AB43: 5 | AC43: OPEN | AD43: PRONTO | AE43: 0.00278 | AF43: 0.331369 | AG43: OK OPEN_DONE | AH43: 0 | AI43: 0 | AJ43: 0 | AK43: =IF(COUNTA(AJ43)=0,"",1-AJ43) -> 1 | AN43: R10 | AO43: 5 | AP43: OPEN | AQ43: PRONTO | AR43: 0.003135 | AS43: 0.374775 | AT43: OK OPEN_DONE | AU43: 0 | AV43: 0 | AW43: 0 | AX43: =IF(COUNTA(AW43)=0,"",1-AW43) -> 1
A44: R01 | B44: 5 | C44: FINISH_HOME | D44: PRONTO | E44: 12.754574 | F44: 0.425185 | G44: OK FINISH_DONE | H44: 0 | I44: 0 | J44: 0 | K44: =IF(COUNTA(J44)=0,"",1-J44) -> 1 | N44: R04 | O44: 5 | P44: FINISH_HOME | Q44: PRONTO | R44: 13.860585 | S44: 0.440712 | T44: OK FINISH_DONE | U44: 0 | V44: 0 | W44: 0 | X44: =IF(COUNTA(W44)=0,"",1-W44) -> 1 | AA44: R08 | AB44: 5 | AC44: FINISH_HOME | AD44: PRONTO | AE44: 7.880164 | AF44: 0.426376 | AG44: OK FINISH_DONE | AH44: 0 | AI44: 0 | AJ44: 0 | AK44: =IF(COUNTA(AJ44)=0,"",1-AJ44) -> 1 | AN44: R10 | AO44: 5 | AP44: FINISH_HOME | AQ44: PRONTO | AR44: 16.245397 | AS44: 0.458044 | AT44: OK FINISH_DONE | AU44: 0 | AV44: 0 | AW44: 0 | AX44: =IF(COUNTA(AW44)=0,"",1-AW44) -> 1
A45: R01 | B45: 6 | C45: PICK | D45: DESCONHECIDO | E45: 0.451551 | F45: - | G45: OK PICK_DONE peca_6 | H45: 0 | I45: 0 | J45: 0 | K45: =IF(COUNTA(J45)=0,"",1-J45) -> 1 | N45: R04 | O45: 6 | P45: PICK | Q45: PRONTO | R45: 0.450988 | S45: - | T45: OK PICK_DONE peca_6 | U45: 0 | V45: 0 | W45: 0 | X45: =IF(COUNTA(W45)=0,"",1-W45) -> 1 | AA45: R08 | AB45: 6 | AC45: PICK | AD45: PRONTO | AE45: 0.451139 | AF45: - | AG45: OK PICK_DONE peca_6 | AH45: 0 | AI45: 0 | AJ45: 0 | AK45: =IF(COUNTA(AJ45)=0,"",1-AJ45) -> 1 | AN45: R10 | AO45: 6 | AP45: PICK | AQ45: PRONTO | AR45: 0.451499 | AS45: - | AT45: OK PICK_DONE peca_6 | AU45: 0 | AV45: 0 | AW45: 0 | AX45: =IF(COUNTA(AW45)=0,"",1-AW45) -> 1
A46: R01 | B46: 6 | C46: TARGET_PICK | D46: DESCONHECIDO | E46: 0.002823 | F46: 0.368845 | G46: OK TARGET_DONE | H46: 0 | I46: 0 | J46: 0 | K46: =IF(COUNTA(J46)=0,"",1-J46) -> 1 | N46: R04 | O46: 6 | P46: TARGET_PICK | Q46: PRONTO | R46: 0.001749 | S46: 0.357617 | T46: OK TARGET_DONE | U46: 0 | V46: 0 | W46: 0 | X46: =IF(COUNTA(W46)=0,"",1-W46) -> 1 | AA46: R08 | AB46: 6 | AC46: TARGET_PICK | AD46: PRONTO | AE46: 0.001988 | AF46: 0.371055 | AG46: OK TARGET_DONE | AH46: 0 | AI46: 0 | AJ46: 0 | AK46: =IF(COUNTA(AJ46)=0,"",1-AJ46) -> 1 | AN46: R10 | AO46: 6 | AP46: TARGET_PICK | AQ46: PRONTO | AR46: 0.0019 | AS46: 0.332093 | AT46: OK TARGET_DONE | AU46: 0 | AV46: 0 | AW46: 0 | AX46: =IF(COUNTA(AW46)=0,"",1-AW46) -> 1
A47: R01 | B47: 6 | C47: MOVE_PICK | D47: EM_MOVIMENTO | E47: 16.26724 | F47: 0.446427 | G47: OK MOVE_DONE | H47: 0 | I47: 0 | J47: 0 | K47: =IF(COUNTA(J47)=0,"",1-J47) -> 1 | N47: R04 | O47: 6 | P47: MOVE_PICK | Q47: PRONTO | R47: 15.15724 | S47: 0.426118 | T47: OK MOVE_DONE | U47: 0 | V47: 0 | W47: 0 | X47: =IF(COUNTA(W47)=0,"",1-W47) -> 1 | AA47: R08 | AB47: 6 | AC47: MOVE_PICK | AD47: PRONTO | AE47: 15.542582 | AF47: 0.425541 | AG47: OK MOVE_DONE | AH47: 0 | AI47: 0 | AJ47: 0 | AK47: =IF(COUNTA(AJ47)=0,"",1-AJ47) -> 1 | AN47: R10 | AO47: 6 | AP47: MOVE_PICK | AQ47: PRONTO | AR47: 1.587883 | AS47: 0.367042 | AT47: ERROR MOVE_FAILED | AU47: 0 | AV47: 0 | AW47: 1 | AX47: =IF(COUNTA(AW47)=0,"",1-AW47) -> 0 | AY47: Não conseguiu planear uma trajetória válida a tempo
A48: R01 | B48: 6 | C48: CLOSE | D48: PRONTO | E48: 0.003654 | F48: 0.850393 | G48: OK CLOSE_DONE ATTACHED peca_6 | H48: 0 | I48: 0 | J48: 0 | K48: =IF(COUNTA(J48)=0,"",1-J48) -> 1 | N48: R04 | O48: 6 | P48: CLOSE | Q48: PRONTO | R48: 0.006385 | S48: 0.898872 | T48: OK CLOSE_DONE ATTACHED peca_6 | U48: 0 | V48: 0 | W48: 0 | X48: =IF(COUNTA(W48)=0,"",1-W48) -> 1 | AA48: R08 | AB48: 6 | AC48: CLOSE | AD48: PRONTO | AE48: 0.003265 | AF48: 0.851751 | AG48: OK CLOSE_DONE ATTACHED peca_6 | AH48: 0 | AI48: 0 | AJ48: 0 | AK48: =IF(COUNTA(AJ48)=0,"",1-AJ48) -> 1 | AN48: R10 | AO48: 6 | AP48: CLOSE | AQ48: PRONTO | AR48: 0.003107 | AS48: 0.853922 | AT48: OK CLOSE_DONE ATTACHED peca_6 | AU48: 0 | AV48: 0 | AW48: 0 | AX48: =IF(COUNTA(AW48)=0,"",1-AW48) -> 1
A49: R01 | B49: 6 | C49: TARGET_PLACE | D49: PRONTO | E49: 0.001626 | F49: 0.367282 | G49: OK TARGET_DONE | H49: 0 | I49: 0 | J49: 0 | K49: =IF(COUNTA(J49)=0,"",1-J49) -> 1 | N49: R04 | O49: 6 | P49: TARGET_PLACE | Q49: PRONTO | R49: 0.002052 | S49: 0.362982 | T49: OK TARGET_DONE | U49: 0 | V49: 0 | W49: 0 | X49: =IF(COUNTA(W49)=0,"",1-W49) -> 1 | AA49: R08 | AB49: 6 | AC49: TARGET_PLACE | AD49: PRONTO | AE49: 0.001496 | AF49: 0.368489 | AG49: OK TARGET_DONE | AH49: 0 | AI49: 0 | AJ49: 0 | AK49: =IF(COUNTA(AJ49)=0,"",1-AJ49) -> 1 | AN49: R10 | AO49: 6 | AP49: TARGET_PLACE | AQ49: PRONTO | AR49: 0.002303 | AS49: 0.405454 | AT49: OK TARGET_DONE | AU49: 0 | AV49: 0 | AW49: 0 | AX49: =IF(COUNTA(AW49)=0,"",1-AW49) -> 1
A50: R01 | B50: 6 | C50: MOVE_PLACE | D50: PRONTO | E50: 16.799989 | F50: 0.42609 | G50: OK MOVE_DONE | H50: 0 | I50: 0 | J50: 0 | K50: =IF(COUNTA(J50)=0,"",1-J50) -> 1 | N50: R04 | O50: 6 | P50: MOVE_PLACE | Q50: PRONTO | R50: 16.78661 | S50: 0.439075 | T50: OK MOVE_DONE | U50: 0 | V50: 0 | W50: 0 | X50: =IF(COUNTA(W50)=0,"",1-W50) -> 1 | AA50: R08 | AB50: 6 | AC50: MOVE_PLACE | AD50: PRONTO | AE50: 13.28319 | AF50: 0.427708 | AG50: OK MOVE_DONE | AH50: 0 | AI50: 0 | AJ50: 0 | AK50: =IF(COUNTA(AJ50)=0,"",1-AJ50) -> 1 | AN50: R10 | AO50: 6 | AP50: MOVE_PLACE | AQ50: PRONTO | AR50: 15.115857 | AS50: 0.391191 | AT50: OK MOVE_DONE | AU50: 0 | AV50: 0 | AW50: 0 | AX50: =IF(COUNTA(AW50)=0,"",1-AW50) -> 1
A51: R01 | B51: 6 | C51: OPEN | D51: PRONTO | E51: 0.00305 | F51: 0.337412 | G51: OK OPEN_DONE | H51: 0 | I51: 0 | J51: 0 | K51: =IF(COUNTA(J51)=0,"",1-J51) -> 1 | N51: R04 | O51: 6 | P51: OPEN | Q51: PRONTO | R51: 0.004147 | S51: 0.348011 | T51: OK OPEN_DONE | U51: 0 | V51: 0 | W51: 0 | X51: =IF(COUNTA(W51)=0,"",1-W51) -> 1 | AA51: R08 | AB51: 6 | AC51: OPEN | AD51: PRONTO | AE51: 0.004743 | AF51: 0.317739 | AG51: OK OPEN_DONE | AH51: 0 | AI51: 0 | AJ51: 0 | AK51: =IF(COUNTA(AJ51)=0,"",1-AJ51) -> 1 | AN51: R10 | AO51: 6 | AP51: OPEN | AQ51: PRONTO | AR51: 0.003907 | AS51: 0.39243 | AT51: OK OPEN_DONE | AU51: 0 | AV51: 0 | AW51: 0 | AX51: =IF(COUNTA(AW51)=0,"",1-AW51) -> 1
A52: R01 | B52: 6 | C52: FINISH_HOME | D52: PRONTO | E52: 12.695869 | F52: 0.426179 | G52: OK FINISH_DONE | H52: 0 | I52: 0 | J52: 0 | K52: =IF(COUNTA(J52)=0,"",1-J52) -> 1 | N52: R04 | O52: 6 | P52: FINISH_HOME | Q52: PRONTO | R52: 14.736625 | S52: 0.418631 | T52: OK FINISH_DONE | U52: 0 | V52: 0 | W52: 0 | X52: =IF(COUNTA(W52)=0,"",1-W52) -> 1 | AA52: R08 | AB52: 6 | AC52: FINISH_HOME | AD52: PRONTO | AE52: 12.742792 | AF52: 0.436221 | AG52: OK FINISH_DONE | AH52: 0 | AI52: 0 | AJ52: 0 | AK52: =IF(COUNTA(AJ52)=0,"",1-AJ52) -> 1 | AN52: R10 | AO52: 6 | AP52: FINISH_HOME | AQ52: PRONTO | AR52: 8.207195 | AS52: 0.458697 | AT52: OK FINISH_DONE | AU52: 0 | AV52: 0 | AW52: 0 | AX52: =IF(COUNTA(AW52)=0,"",1-AW52) -> 1
A53: R01 | B53: 7 | C53: PICK | D53: PRONTO | E53: 0.450735 | F53: - | G53: OK PICK_DONE peca_7 | H53: 0 | I53: 0 | J53: 0 | K53: =IF(COUNTA(J53)=0,"",1-J53) -> 1 | N53: R04 | O53: 7 | P53: PICK | Q53: PRONTO | R53: 0.451375 | S53: - | T53: OK PICK_DONE peca_7 | U53: 0 | V53: 0 | W53: 0 | X53: =IF(COUNTA(W53)=0,"",1-W53) -> 1 | AA53: R08 | AB53: 7 | AC53: PICK | AD53: PRONTO | AE53: 0.45104 | AF53: - | AG53: OK PICK_DONE peca_7 | AH53: 0 | AI53: 0 | AJ53: 0 | AK53: =IF(COUNTA(AJ53)=0,"",1-AJ53) -> 1 | AN53: R10 | AO53: 7 | AP53: PICK | AQ53: PRONTO | AR53: 0.451761 | AS53: - | AT53: OK PICK_DONE peca_7 | AU53: 0 | AV53: 0 | AW53: 0 | AX53: =IF(COUNTA(AW53)=0,"",1-AW53) -> 1
A54: R01 | B54: 7 | C54: TARGET_PICK | D54: PRONTO | E54: 0.001621 | F54: 0.369902 | G54: OK TARGET_DONE | H54: 0 | I54: 0 | J54: 0 | K54: =IF(COUNTA(J54)=0,"",1-J54) -> 1 | N54: R04 | O54: 7 | P54: TARGET_PICK | Q54: PRONTO | R54: 0.002286 | S54: 0.36254 | T54: OK TARGET_DONE | U54: 0 | V54: 0 | W54: 0 | X54: =IF(COUNTA(W54)=0,"",1-W54) -> 1 | AA54: R08 | AB54: 7 | AC54: TARGET_PICK | AD54: PRONTO | AE54: 0.00155 | AF54: 0.371937 | AG54: OK TARGET_DONE | AH54: 0 | AI54: 0 | AJ54: 0 | AK54: =IF(COUNTA(AJ54)=0,"",1-AJ54) -> 1 | AN54: R10 | AO54: 7 | AP54: TARGET_PICK | AQ54: PRONTO | AR54: 0.001454 | AS54: 0.405662 | AT54: OK TARGET_DONE | AU54: 0 | AV54: 0 | AW54: 0 | AX54: =IF(COUNTA(AW54)=0,"",1-AW54) -> 1
A55: R01 | B55: 7 | C55: MOVE_PICK | D55: PRONTO | E55: 15.62215 | F55: 0.426419 | G55: OK MOVE_DONE | H55: 0 | I55: 0 | J55: 0 | K55: =IF(COUNTA(J55)=0,"",1-J55) -> 1 | N55: R04 | O55: 7 | P55: MOVE_PICK | Q55: PRONTO | R55: 16.569598 | S55: 0.434297 | T55: OK MOVE_DONE | U55: 0 | V55: 0 | W55: 0 | X55: =IF(COUNTA(W55)=0,"",1-W55) -> 1 | AA55: R08 | AB55: 7 | AC55: MOVE_PICK | AD55: PRONTO | AE55: 16.683727 | AF55: 0.441357 | AG55: OK MOVE_DONE | AH55: 0 | AI55: 0 | AJ55: 0 | AK55: =IF(COUNTA(AJ55)=0,"",1-AJ55) -> 1 | AN55: R10 | AO55: 7 | AP55: MOVE_PICK | AQ55: PRONTO | AR55: 16.97542 | AS55: 0.445733 | AT55: OK MOVE_DONE | AU55: 0 | AV55: 0 | AW55: 0 | AX55: =IF(COUNTA(AW55)=0,"",1-AW55) -> 1
A56: R01 | B56: 7 | C56: CLOSE | D56: PRONTO | E56: 0.004263 | F56: 0.888547 | G56: OK CLOSE_DONE ATTACHED peca_7 | H56: 0 | I56: 0 | J56: 0 | K56: =IF(COUNTA(J56)=0,"",1-J56) -> 1 | N56: R04 | O56: 7 | P56: CLOSE | Q56: PRONTO | R56: 0.003529 | S56: 0.849006 | T56: OK CLOSE_DONE ATTACHED peca_7 | U56: 0 | V56: 0 | W56: 0 | X56: =IF(COUNTA(W56)=0,"",1-W56) -> 1 | AA56: R08 | AB56: 7 | AC56: CLOSE | AD56: PRONTO | AE56: 0.003043 | AF56: 0.876395 | AG56: OK CLOSE_DONE ATTACHED peca_7 | AH56: 0 | AI56: 0 | AJ56: 0 | AK56: =IF(COUNTA(AJ56)=0,"",1-AJ56) -> 1 | AN56: R10 | AO56: 7 | AP56: CLOSE | AQ56: PRONTO | AR56: 0.004552 | AS56: 0.892401 | AT56: OK CLOSE_DONE ATTACHED peca_7 | AU56: 0 | AV56: 0 | AW56: 0 | AX56: =IF(COUNTA(AW56)=0,"",1-AW56) -> 1
A57: R01 | B57: 7 | C57: TARGET_PLACE | D57: PRONTO | E57: 0.001943 | F57: 0.380485 | G57: OK TARGET_DONE | H57: 0 | I57: 0 | J57: 0 | K57: =IF(COUNTA(J57)=0,"",1-J57) -> 1 | N57: R04 | O57: 7 | P57: TARGET_PLACE | Q57: PRONTO | R57: 0.00136 | S57: 0.365397 | T57: OK TARGET_DONE | U57: 0 | V57: 0 | W57: 0 | X57: =IF(COUNTA(W57)=0,"",1-W57) -> 1 | AA57: R08 | AB57: 7 | AC57: TARGET_PLACE | AD57: PRONTO | AE57: 0.001548 | AF57: 0.369691 | AG57: OK TARGET_DONE | AH57: 0 | AI57: 0 | AJ57: 0 | AK57: =IF(COUNTA(AJ57)=0,"",1-AJ57) -> 1 | AN57: R10 | AO57: 7 | AP57: TARGET_PLACE | AQ57: PRONTO | AR57: 0.002301 | AS57: 0.337988 | AT57: OK TARGET_DONE | AU57: 0 | AV57: 0 | AW57: 0 | AX57: =IF(COUNTA(AW57)=0,"",1-AW57) -> 1
A58: R01 | B58: 7 | C58: MOVE_PLACE | D58: PRONTO | E58: 13.35052 | F58: 0.424387 | G58: OK MOVE_DONE | H58: 0 | I58: 0 | J58: 0 | K58: =IF(COUNTA(J58)=0,"",1-J58) -> 1 | N58: R04 | O58: 7 | P58: MOVE_PLACE | Q58: PRONTO | R58: 12.745161 | S58: 0.428066 | T58: OK MOVE_DONE | U58: 0 | V58: 0 | W58: 0 | X58: =IF(COUNTA(W58)=0,"",1-W58) -> 1 | AA58: R08 | AB58: 7 | AC58: MOVE_PLACE | AD58: PRONTO | AE58: 13.356616 | AF58: 0.425869 | AG58: OK MOVE_DONE | AH58: 0 | AI58: 0 | AJ58: 0 | AK58: =IF(COUNTA(AJ58)=0,"",1-AJ58) -> 1 | AN58: R10 | AO58: 7 | AP58: MOVE_PLACE | AQ58: PRONTO | AR58: 19.66032 | AS58: 0.459691 | AT58: OK MOVE_DONE | AU58: 0 | AV58: 0 | AW58: 0 | AX58: =IF(COUNTA(AW58)=0,"",1-AW58) -> 1
A59: R01 | B59: 7 | C59: OPEN | D59: PRONTO | E59: 0.003505 | F59: 0.312291 | G59: OK OPEN_DONE | H59: 0 | I59: 0 | J59: 0 | K59: =IF(COUNTA(J59)=0,"",1-J59) -> 1 | N59: R04 | O59: 7 | P59: OPEN | Q59: PRONTO | R59: 0.003584 | S59: 0.336215 | T59: OK OPEN_DONE | U59: 0 | V59: 0 | W59: 0 | X59: =IF(COUNTA(W59)=0,"",1-W59) -> 1 | AA59: R08 | AB59: 7 | AC59: OPEN | AD59: PRONTO | AE59: 0.004585 | AF59: 0.34315 | AG59: OK OPEN_DONE | AH59: 0 | AI59: 0 | AJ59: 0 | AK59: =IF(COUNTA(AJ59)=0,"",1-AJ59) -> 1 | AN59: R10 | AO59: 7 | AP59: OPEN | AQ59: PRONTO | AR59: 0.008953 | AS59: 0.390644 | AT59: OK OPEN_DONE | AU59: 0 | AV59: 0 | AW59: 0 | AX59: =IF(COUNTA(AW59)=0,"",1-AW59) -> 1
A60: R01 | B60: 7 | C60: FINISH_HOME | D60: PRONTO | E60: 12.810033 | F60: 0.424228 | G60: OK FINISH_DONE | H60: 0 | I60: 0 | J60: 0 | K60: =IF(COUNTA(J60)=0,"",1-J60) -> 1 | N60: R04 | O60: 7 | P60: FINISH_HOME | Q60: PRONTO | R60: 14.579142 | S60: 0.423709 | T60: OK FINISH_DONE | U60: 0 | V60: 0 | W60: 0 | X60: =IF(COUNTA(W60)=0,"",1-W60) -> 1 | AA60: R08 | AB60: 7 | AC60: FINISH_HOME | AD60: PRONTO | AE60: 14.368036 | AF60: 0.438105 | AG60: OK FINISH_DONE | AH60: 0 | AI60: 0 | AJ60: 0 | AK60: =IF(COUNTA(AJ60)=0,"",1-AJ60) -> 1 | AN60: R10 | AO60: 7 | AP60: FINISH_HOME | AQ60: PRONTO | AR60: 14.01841 | AS60: 0.432594 | AT60: OK FINISH_DONE | AU60: 0 | AV60: 0 | AW60: 0 | AX60: =IF(COUNTA(AW60)=0,"",1-AW60) -> 1
A61: R01 | B61: 8 | C61: PICK | D61: PRONTO | E61: 0.452093 | F61: - | G61: OK PICK_DONE peca_8 | H61: 0 | I61: 0 | J61: 0 | K61: =IF(COUNTA(J61)=0,"",1-J61) -> 1 | N61: R04 | O61: 8 | P61: PICK | Q61: PRONTO | R61: 0.453011 | S61: - | T61: OK PICK_DONE peca_8 | U61: 0 | V61: 0 | W61: 0 | X61: =IF(COUNTA(W61)=0,"",1-W61) -> 1 | AA61: R08 | AB61: 8 | AC61: PICK | AD61: PRONTO | AE61: 0.451403 | AF61: - | AG61: OK PICK_DONE peca_8 | AH61: 0 | AI61: 0 | AJ61: 0 | AK61: =IF(COUNTA(AJ61)=0,"",1-AJ61) -> 1 | AN61: R10 | AO61: 8 | AP61: PICK | AQ61: PRONTO | AR61: 0.452962 | AS61: - | AT61: OK PICK_DONE peca_8 | AU61: 0 | AV61: 0 | AW61: 0 | AX61: =IF(COUNTA(AW61)=0,"",1-AW61) -> 1
A62: R01 | B62: 8 | C62: TARGET_PICK | D62: PRONTO | E62: 0.001336 | F62: 0.347985 | G62: OK TARGET_DONE | H62: 0 | I62: 0 | J62: 0 | K62: =IF(COUNTA(J62)=0,"",1-J62) -> 1 | N62: R04 | O62: 8 | P62: TARGET_PICK | Q62: PRONTO | R62: 0.001474 | S62: 0.36766 | T62: OK TARGET_DONE | U62: 0 | V62: 0 | W62: 0 | X62: =IF(COUNTA(W62)=0,"",1-W62) -> 1 | AA62: R08 | AB62: 8 | AC62: TARGET_PICK | AD62: PRONTO | AE62: 0.001934 | AF62: 0.356442 | AG62: OK TARGET_DONE | AH62: 0 | AI62: 0 | AJ62: 0 | AK62: =IF(COUNTA(AJ62)=0,"",1-AJ62) -> 1 | AN62: R10 | AO62: 8 | AP62: TARGET_PICK | AQ62: PRONTO | AR62: 0.001665 | AS62: 0.373856 | AT62: OK TARGET_DONE | AU62: 0 | AV62: 0 | AW62: 0 | AX62: =IF(COUNTA(AW62)=0,"",1-AW62) -> 1
A63: R01 | B63: 8 | C63: MOVE_PICK | D63: PRONTO | E63: 18.665955 | F63: 0.42556 | G63: OK MOVE_DONE | H63: 0 | I63: 0 | J63: 0 | K63: =IF(COUNTA(J63)=0,"",1-J63) -> 1 | N63: R04 | O63: 8 | P63: MOVE_PICK | Q63: PRONTO | R63: 15.260665 | S63: 0.440821 | T63: OK MOVE_DONE | U63: 0 | V63: 0 | W63: 0 | X63: =IF(COUNTA(W63)=0,"",1-W63) -> 1 | AA63: R08 | AB63: 8 | AC63: MOVE_PICK | AD63: PRONTO | AE63: 17.825424 | AF63: 0.426948 | AG63: OK MOVE_DONE | AH63: 0 | AI63: 0 | AJ63: 0 | AK63: =IF(COUNTA(AJ63)=0,"",1-AJ63) -> 1 | AN63: R10 | AO63: 8 | AP63: MOVE_PICK | AQ63: PRONTO | AR63: 15.198626 | AS63: 0.440621 | AT63: OK MOVE_DONE | AU63: 0 | AV63: 0 | AW63: 0 | AX63: =IF(COUNTA(AW63)=0,"",1-AW63) -> 1
A64: R01 | B64: 8 | C64: CLOSE | D64: PRONTO | E64: 0.003681 | F64: 0.849929 | G64: OK CLOSE_DONE ATTACHED peca_8 | H64: 0 | I64: 0 | J64: 0 | K64: =IF(COUNTA(J64)=0,"",1-J64) -> 1 | N64: R04 | O64: 8 | P64: CLOSE | Q64: PRONTO | R64: 0.003926 | S64: 0.847857 | T64: OK CLOSE_DONE ATTACHED peca_8 | U64: 0 | V64: 0 | W64: 0 | X64: =IF(COUNTA(W64)=0,"",1-W64) -> 1 | AA64: R08 | AB64: 8 | AC64: CLOSE | AD64: PRONTO | AE64: 0.003906 | AF64: 0.867259 | AG64: OK CLOSE_DONE ATTACHED peca_8 | AH64: 0 | AI64: 0 | AJ64: 0 | AK64: =IF(COUNTA(AJ64)=0,"",1-AJ64) -> 1 | AN64: R10 | AO64: 8 | AP64: CLOSE | AQ64: PRONTO | AR64: 0.003968 | AS64: 0.861099 | AT64: OK CLOSE_DONE ATTACHED peca_8 | AU64: 0 | AV64: 0 | AW64: 0 | AX64: =IF(COUNTA(AW64)=0,"",1-AW64) -> 1
A65: R01 | B65: 8 | C65: TARGET_PLACE | D65: PRONTO | E65: 0.001349 | F65: 0.382654 | G65: OK TARGET_DONE | H65: 0 | I65: 0 | J65: 0 | K65: =IF(COUNTA(J65)=0,"",1-J65) -> 1 | N65: R04 | O65: 8 | P65: TARGET_PLACE | Q65: PRONTO | R65: 0.001559 | S65: 0.366795 | T65: OK TARGET_DONE | U65: 0 | V65: 0 | W65: 0 | X65: =IF(COUNTA(W65)=0,"",1-W65) -> 1 | AA65: R08 | AB65: 8 | AC65: TARGET_PLACE | AD65: PRONTO | AE65: 0.002399 | AF65: 0.373812 | AG65: OK TARGET_DONE | AH65: 0 | AI65: 0 | AJ65: 0 | AK65: =IF(COUNTA(AJ65)=0,"",1-AJ65) -> 1 | AN65: R10 | AO65: 8 | AP65: TARGET_PLACE | AQ65: PRONTO | AR65: 0.001729 | AS65: 0.349542 | AT65: OK TARGET_DONE | AU65: 0 | AV65: 0 | AW65: 0 | AX65: =IF(COUNTA(AW65)=0,"",1-AW65) -> 1
A66: R01 | B66: 8 | C66: MOVE_PLACE | D66: PRONTO | E66: 17.102731 | F66: 0.437724 | G66: OK MOVE_DONE | H66: 0 | I66: 0 | J66: 0 | K66: =IF(COUNTA(J66)=0,"",1-J66) -> 1 | N66: R04 | O66: 8 | P66: MOVE_PLACE | Q66: PRONTO | R66: 12.900739 | S66: 0.428073 | T66: OK MOVE_DONE | U66: 0 | V66: 0 | W66: 0 | X66: =IF(COUNTA(W66)=0,"",1-W66) -> 1 | AA66: R08 | AB66: 8 | AC66: MOVE_PLACE | AD66: PRONTO | AE66: 13.239868 | AF66: 0.422641 | AG66: OK MOVE_DONE | AH66: 0 | AI66: 0 | AJ66: 0 | AK66: =IF(COUNTA(AJ66)=0,"",1-AJ66) -> 1 | AN66: R10 | AO66: 8 | AP66: MOVE_PLACE | AQ66: PRONTO | AR66: 14.180566 | AS66: 0.443137 | AT66: OK MOVE_DONE | AU66: 0 | AV66: 0 | AW66: 0 | AX66: =IF(COUNTA(AW66)=0,"",1-AW66) -> 1
A67: R01 | B67: 8 | C67: OPEN | D67: PRONTO | E67: 0.003496 | F67: 0.3785 | G67: OK OPEN_DONE | H67: 0 | I67: 0 | J67: 0 | K67: =IF(COUNTA(J67)=0,"",1-J67) -> 1 | N67: R04 | O67: 8 | P67: OPEN | Q67: PRONTO | R67: 0.004161 | S67: 0.376921 | T67: OK OPEN_DONE | U67: 0 | V67: 0 | W67: 0 | X67: =IF(COUNTA(W67)=0,"",1-W67) -> 1 | AA67: R08 | AB67: 8 | AC67: OPEN | AD67: PRONTO | AE67: 0.00413 | AF67: 0.338751 | AG67: OK OPEN_DONE | AH67: 0 | AI67: 0 | AJ67: 0 | AK67: =IF(COUNTA(AJ67)=0,"",1-AJ67) -> 1 | AN67: R10 | AO67: 8 | AP67: OPEN | AQ67: PRONTO | AR67: 0.004777 | AS67: 0.359498 | AT67: OK OPEN_DONE | AU67: 0 | AV67: 0 | AW67: 0 | AX67: =IF(COUNTA(AW67)=0,"",1-AW67) -> 1
A68: R01 | B68: 8 | C68: FINISH_HOME | D68: PRONTO | E68: 12.742129 | F68: 0.423413 | G68: OK FINISH_DONE | H68: 0 | I68: 0 | J68: 0 | K68: =IF(COUNTA(J68)=0,"",1-J68) -> 1 | N68: R04 | O68: 8 | P68: FINISH_HOME | Q68: PRONTO | R68: 13.113426 | S68: 0.427718 | T68: OK FINISH_DONE | U68: 0 | V68: 0 | W68: 0 | X68: =IF(COUNTA(W68)=0,"",1-W68) -> 1 | AA68: R08 | AB68: 8 | AC68: FINISH_HOME | AD68: PRONTO | AE68: 12.672836 | AF68: 0.424457 | AG68: OK FINISH_DONE | AH68: 0 | AI68: 0 | AJ68: 0 | AK68: =IF(COUNTA(AJ68)=0,"",1-AJ68) -> 1 | AN68: R10 | AO68: 8 | AP68: FINISH_HOME | AQ68: PRONTO | AR68: 13.381081 | AS68: 0.435009 | AT68: OK FINISH_DONE | AU68: 0 | AV68: 0 | AW68: 0 | AX68: =IF(COUNTA(AW68)=0,"",1-AW68) -> 1
A69: R01 | B69: 9 | C69: PICK | D69: PRONTO | E69: 0.451544 | F69: - | G69: OK PICK_DONE peca_9 | H69: 0 | I69: 0 | J69: 0 | K69: =IF(COUNTA(J69)=0,"",1-J69) -> 1 | N69: R04 | O69: 9 | P69: PICK | Q69: PRONTO | R69: 0.451701 | S69: - | T69: OK PICK_DONE peca_9 | U69: 0 | V69: 0 | W69: 0 | X69: =IF(COUNTA(W69)=0,"",1-W69) -> 1 | AA69: R08 | AB69: 9 | AC69: PICK | AD69: PRONTO | AE69: 0.451943 | AF69: - | AG69: OK PICK_DONE peca_9 | AH69: 0 | AI69: 0 | AJ69: 0 | AK69: =IF(COUNTA(AJ69)=0,"",1-AJ69) -> 1 | AN69: R10 | AO69: 9 | AP69: PICK | AQ69: PRONTO | AR69: 0.452365 | AS69: - | AT69: OK PICK_DONE peca_9 | AU69: 0 | AV69: 0 | AW69: 0 | AX69: =IF(COUNTA(AW69)=0,"",1-AW69) -> 1
A70: R01 | B70: 9 | C70: TARGET_PICK | D70: PRONTO | E70: 0.001637 | F70: 0.355949 | G70: OK TARGET_DONE | H70: 0 | I70: 0 | J70: 0 | K70: =IF(COUNTA(J70)=0,"",1-J70) -> 1 | N70: R04 | O70: 9 | P70: TARGET_PICK | Q70: PRONTO | R70: 0.001848 | S70: 0.355831 | T70: OK TARGET_DONE | U70: 0 | V70: 0 | W70: 0 | X70: =IF(COUNTA(W70)=0,"",1-W70) -> 1 | AA70: R08 | AB70: 9 | AC70: TARGET_PICK | AD70: PRONTO | AE70: 0.001822 | AF70: 0.354387 | AG70: OK TARGET_DONE | AH70: 0 | AI70: 0 | AJ70: 0 | AK70: =IF(COUNTA(AJ70)=0,"",1-AJ70) -> 1 | AN70: R10 | AO70: 9 | AP70: TARGET_PICK | AQ70: PRONTO | AR70: 0.0019 | AS70: 0.370513 | AT70: OK TARGET_DONE | AU70: 0 | AV70: 0 | AW70: 0 | AX70: =IF(COUNTA(AW70)=0,"",1-AW70) -> 1
A71: R01 | B71: 9 | C71: MOVE_PICK | D71: PRONTO | E71: 16.067363 | F71: 0.364014 | G71: OK MOVE_DONE | H71: 0 | I71: 0 | J71: 0 | K71: =IF(COUNTA(J71)=0,"",1-J71) -> 1 | N71: R04 | O71: 9 | P71: MOVE_PICK | Q71: PRONTO | R71: 15.306279 | S71: 0.441647 | T71: OK MOVE_DONE | U71: 0 | V71: 0 | W71: 0 | X71: =IF(COUNTA(W71)=0,"",1-W71) -> 1 | AA71: R08 | AB71: 9 | AC71: MOVE_PICK | AD71: PRONTO | AE71: 19.59832 | AF71: 0.439094 | AG71: OK MOVE_DONE | AH71: 0 | AI71: 0 | AJ71: 0 | AK71: =IF(COUNTA(AJ71)=0,"",1-AJ71) -> 1 | AN71: R10 | AO71: 9 | AP71: MOVE_PICK | AQ71: PRONTO | AR71: 1.561839 | AS71: 0.437824 | AT71: ERROR MOVE_FAILED | AU71: 0 | AV71: 0 | AW71: 1 | AX71: =IF(COUNTA(AW71)=0,"",1-AW71) -> 0 | AY71: Não conseguiu planear uma trajetória válida a tempo
A72: R01 | B72: 9 | C72: CLOSE | D72: PRONTO | E72: 0.004756 | F72: 0.806823 | G72: OK CLOSE_DONE ATTACHED peca_9 | H72: 0 | I72: 0 | J72: 0 | K72: =IF(COUNTA(J72)=0,"",1-J72) -> 1 | N72: R04 | O72: 9 | P72: CLOSE | Q72: PRONTO | R72: 0.003072 | S72: 0.874257 | T72: OK CLOSE_DONE ATTACHED peca_9 | U72: 0 | V72: 0 | W72: 0 | X72: =IF(COUNTA(W72)=0,"",1-W72) -> 1 | AA72: R08 | AB72: 9 | AC72: CLOSE | AD72: PRONTO | AE72: 0.003653 | AF72: 0.823695 | AG72: OK CLOSE_DONE ATTACHED peca_9 | AH72: 0 | AI72: 0 | AJ72: 0 | AK72: =IF(COUNTA(AJ72)=0,"",1-AJ72) -> 1 | AN72: R10 | AO72: 9 | AP72: CLOSE | AQ72: PRONTO | AR72: 0.002819 | AS72: 0.848412 | AT72: OK CLOSE_DONE ATTACHED peca_9 | AU72: 0 | AV72: 0 | AW72: 0 | AX72: =IF(COUNTA(AW72)=0,"",1-AW72) -> 1
A73: R01 | B73: 9 | C73: TARGET_PLACE | D73: PRONTO | E73: 0.001989 | F73: 0.381902 | G73: OK TARGET_DONE | H73: 0 | I73: 0 | J73: 0 | K73: =IF(COUNTA(J73)=0,"",1-J73) -> 1 | N73: R04 | O73: 9 | P73: TARGET_PLACE | Q73: PRONTO | R73: 0.001903 | S73: 0.385041 | T73: OK TARGET_DONE | U73: 0 | V73: 0 | W73: 0 | X73: =IF(COUNTA(W73)=0,"",1-W73) -> 1 | AA73: R08 | AB73: 9 | AC73: TARGET_PLACE | AD73: PRONTO | AE73: 0.001996 | AF73: 0.368494 | AG73: OK TARGET_DONE | AH73: 0 | AI73: 0 | AJ73: 0 | AK73: =IF(COUNTA(AJ73)=0,"",1-AJ73) -> 1 | AN73: R10 | AO73: 9 | AP73: TARGET_PLACE | AQ73: PRONTO | AR73: 0.002827 | AS73: 0.396751 | AT73: OK TARGET_DONE | AU73: 0 | AV73: 0 | AW73: 0 | AX73: =IF(COUNTA(AW73)=0,"",1-AW73) -> 1
A74: R01 | B74: 9 | C74: MOVE_PLACE | D74: PRONTO | E74: 17.176944 | F74: 0.438151 | G74: OK MOVE_DONE | H74: 0 | I74: 0 | J74: 0 | K74: =IF(COUNTA(J74)=0,"",1-J74) -> 1 | N74: R04 | O74: 9 | P74: MOVE_PLACE | Q74: PRONTO | R74: 12.903247 | S74: 0.427203 | T74: OK MOVE_DONE | U74: 0 | V74: 0 | W74: 0 | X74: =IF(COUNTA(W74)=0,"",1-W74) -> 1 | AA74: R08 | AB74: 9 | AC74: MOVE_PLACE | AD74: PRONTO | AE74: 13.210693 | AF74: 0.42668 | AG74: OK MOVE_DONE | AH74: 0 | AI74: 0 | AJ74: 0 | AK74: =IF(COUNTA(AJ74)=0,"",1-AJ74) -> 1 | AN74: R10 | AO74: 9 | AP74: MOVE_PLACE | AQ74: PRONTO | AR74: 16.030037 | AS74: 0.456204 | AT74: OK MOVE_DONE | AU74: 0 | AV74: 0 | AW74: 0 | AX74: =IF(COUNTA(AW74)=0,"",1-AW74) -> 1
A75: R01 | B75: 9 | C75: OPEN | D75: PRONTO | E75: 0.003642 | F75: 0.306039 | G75: OK OPEN_DONE | H75: 0 | I75: 0 | J75: 0 | K75: =IF(COUNTA(J75)=0,"",1-J75) -> 1 | N75: R04 | O75: 9 | P75: OPEN | Q75: PRONTO | R75: 0.003361 | S75: 0.388756 | T75: OK OPEN_DONE | U75: 0 | V75: 0 | W75: 0 | X75: =IF(COUNTA(W75)=0,"",1-W75) -> 1 | AA75: R08 | AB75: 9 | AC75: OPEN | AD75: PRONTO | AE75: 0.005769 | AF75: 0.376232 | AG75: OK OPEN_DONE | AH75: 0 | AI75: 0 | AJ75: 0 | AK75: =IF(COUNTA(AJ75)=0,"",1-AJ75) -> 1 | AN75: R10 | AO75: 9 | AP75: OPEN | AQ75: PRONTO | AR75: 0.00715 | AS75: 0.392901 | AT75: OK OPEN_DONE | AU75: 0 | AV75: 0 | AW75: 0 | AX75: =IF(COUNTA(AW75)=0,"",1-AW75) -> 1
A76: R01 | B76: 9 | C76: FINISH_HOME | D76: PRONTO | E76: 12.706382 | F76: 0.424933 | G76: OK FINISH_DONE | H76: 0 | I76: 0 | J76: 0 | K76: =IF(COUNTA(J76)=0,"",1-J76) -> 1 | N76: R04 | O76: 9 | P76: FINISH_HOME | Q76: PRONTO | R76: 13.085624 | S76: 0.439601 | T76: OK FINISH_DONE | U76: 0 | V76: 0 | W76: 0 | X76: =IF(COUNTA(W76)=0,"",1-W76) -> 1 | AA76: R08 | AB76: 9 | AC76: FINISH_HOME | AD76: PRONTO | AE76: 14.298865 | AF76: 0.424435 | AG76: OK FINISH_DONE | AH76: 0 | AI76: 0 | AJ76: 0 | AK76: =IF(COUNTA(AJ76)=0,"",1-AJ76) -> 1 | AN76: R10 | AO76: 9 | AP76: FINISH_HOME | AQ76: PRONTO | AR76: 8.825186 | AS76: 0.450337 | AT76: OK FINISH_DONE | AU76: 0 | AV76: 0 | AW76: 0 | AX76: =IF(COUNTA(AW76)=0,"",1-AW76) -> 1
A77: R01 | B77: 10 | C77: PICK | D77: PRONTO | E77: 0.452849 | F77: - | G77: OK PICK_DONE peca_10 | H77: 0 | I77: 0 | J77: 0 | K77: =IF(COUNTA(J77)=0,"",1-J77) -> 1 | N77: R04 | O77: 10 | P77: PICK | Q77: PRONTO | R77: 0.451997 | S77: - | T77: OK PICK_DONE peca_10 | U77: 0 | V77: 0 | W77: 0 | X77: =IF(COUNTA(W77)=0,"",1-W77) -> 1 | AA77: R08 | AB77: 10 | AC77: PICK | AD77: PRONTO | AE77: 0.452609 | AF77: - | AG77: OK PICK_DONE peca_10 | AH77: 0 | AI77: 0 | AJ77: 0 | AK77: =IF(COUNTA(AJ77)=0,"",1-AJ77) -> 1 | AN77: R10 | AO77: 10 | AP77: PICK | AQ77: PRONTO | AR77: 0.454464 | AS77: - | AT77: OK PICK_DONE peca_10 | AU77: 0 | AV77: 0 | AW77: 0 | AX77: =IF(COUNTA(AW77)=0,"",1-AW77) -> 1
A78: R01 | B78: 10 | C78: TARGET_PICK | D78: PRONTO | E78: 0.001719 | F78: 0.352903 | G78: OK TARGET_DONE | H78: 0 | I78: 0 | J78: 0 | K78: =IF(COUNTA(J78)=0,"",1-J78) -> 1 | N78: R04 | O78: 10 | P78: TARGET_PICK | Q78: PRONTO | R78: 0.005325 | S78: 0.367025 | T78: OK TARGET_DONE | U78: 0 | V78: 0 | W78: 0 | X78: =IF(COUNTA(W78)=0,"",1-W78) -> 1 | AA78: R08 | AB78: 10 | AC78: TARGET_PICK | AD78: PRONTO | AE78: 0.002923 | AF78: 0.35464 | AG78: OK TARGET_DONE | AH78: 0 | AI78: 0 | AJ78: 0 | AK78: =IF(COUNTA(AJ78)=0,"",1-AJ78) -> 1 | AN78: R10 | AO78: 10 | AP78: TARGET_PICK | AQ78: PRONTO | AR78: 0.004796 | AS78: 0.396275 | AT78: OK TARGET_DONE | AU78: 0 | AV78: 0 | AW78: 0 | AX78: =IF(COUNTA(AW78)=0,"",1-AW78) -> 1
A79: R01 | B79: 10 | C79: MOVE_PICK | D79: PRONTO | E79: 16.064781 | F79: 0.425214 | G79: OK MOVE_DONE | H79: 0 | I79: 0 | J79: 0 | K79: =IF(COUNTA(J79)=0,"",1-J79) -> 1 | N79: R04 | O79: 10 | P79: MOVE_PICK | Q79: PRONTO | R79: 15.237774 | S79: 0.437656 | T79: OK MOVE_DONE | U79: 0 | V79: 0 | W79: 0 | X79: =IF(COUNTA(W79)=0,"",1-W79) -> 1 | AA79: R08 | AB79: 10 | AC79: MOVE_PICK | AD79: PRONTO | AE79: 16.723511 | AF79: 0.439091 | AG79: OK MOVE_DONE | AH79: 0 | AI79: 0 | AJ79: 0 | AK79: =IF(COUNTA(AJ79)=0,"",1-AJ79) -> 1 | AN79: R10 | AO79: 10 | AP79: MOVE_PICK | AQ79: PRONTO | AR79: 16.933006 | AS79: 0.45016 | AT79: OK MOVE_DONE | AU79: 0 | AV79: 0 | AW79: 0 | AX79: =IF(COUNTA(AW79)=0,"",1-AW79) -> 1
A80: R01 | B80: 10 | C80: CLOSE | D80: PRONTO | E80: 0.003707 | F80: 0.864654 | G80: OK CLOSE_DONE ATTACHED peca_10 | H80: 0 | I80: 0 | J80: 0 | K80: =IF(COUNTA(J80)=0,"",1-J80) -> 1 | N80: R04 | O80: 10 | P80: CLOSE | Q80: PRONTO | R80: 0.003643 | S80: 0.882191 | T80: OK CLOSE_DONE ATTACHED peca_10 | U80: 0 | V80: 0 | W80: 0 | X80: =IF(COUNTA(W80)=0,"",1-W80) -> 1 | AA80: R08 | AB80: 10 | AC80: CLOSE | AD80: PRONTO | AE80: 0.004676 | AF80: 0.831112 | AG80: OK CLOSE_DONE ATTACHED peca_10 | AH80: 0 | AI80: 0 | AJ80: 0 | AK80: =IF(COUNTA(AJ80)=0,"",1-AJ80) -> 1 | AN80: R10 | AO80: 10 | AP80: CLOSE | AQ80: PRONTO | AR80: 0.003386 | AS80: 0.90701 | AT80: OK CLOSE_DONE ATTACHED peca_10 | AU80: 0 | AV80: 0 | AW80: 0 | AX80: =IF(COUNTA(AW80)=0,"",1-AW80) -> 1
A81: R01 | B81: 10 | C81: TARGET_PLACE | D81: PRONTO | E81: 0.001392 | F81: 0.374823 | G81: OK TARGET_DONE | H81: 0 | I81: 0 | J81: 0 | K81: =IF(COUNTA(J81)=0,"",1-J81) -> 1 | N81: R04 | O81: 10 | P81: TARGET_PLACE | Q81: PRONTO | R81: 0.001442 | S81: 0.367838 | T81: OK TARGET_DONE | U81: 0 | V81: 0 | W81: 0 | X81: =IF(COUNTA(W81)=0,"",1-W81) -> 1 | AA81: R08 | AB81: 10 | AC81: TARGET_PLACE | AD81: PRONTO | AE81: 0.002026 | AF81: 0.378072 | AG81: OK TARGET_DONE | AH81: 0 | AI81: 0 | AJ81: 0 | AK81: =IF(COUNTA(AJ81)=0,"",1-AJ81) -> 1 | AN81: R10 | AO81: 10 | AP81: TARGET_PLACE | AQ81: PRONTO | AR81: 0.00187 | AS81: 0.359427 | AT81: OK TARGET_DONE | AU81: 0 | AV81: 0 | AW81: 0 | AX81: =IF(COUNTA(AW81)=0,"",1-AW81) -> 1
A82: R01 | B82: 10 | C82: MOVE_PLACE | D82: PRONTO | E82: 15.618057 | F82: 0.431944 | G82: OK MOVE_DONE | H82: 0 | I82: 0 | J82: 0 | K82: =IF(COUNTA(J82)=0,"",1-J82) -> 1 | N82: R04 | O82: 10 | P82: MOVE_PLACE | Q82: PRONTO | R82: 12.91487 | S82: 0.441331 | T82: OK MOVE_DONE | U82: 0 | V82: 0 | W82: 0 | X82: =IF(COUNTA(W82)=0,"",1-W82) -> 1 | AA82: R08 | AB82: 10 | AC82: MOVE_PLACE | AD82: PRONTO | AE82: 13.327403 | AF82: 0.440814 | AG82: OK MOVE_DONE | AH82: 0 | AI82: 0 | AJ82: 0 | AK82: =IF(COUNTA(AJ82)=0,"",1-AJ82) -> 1 | AN82: R10 | AO82: 10 | AP82: MOVE_PLACE | AQ82: PRONTO | AR82: 14.01471 | AS82: 0.448892 | AT82: OK MOVE_DONE | AU82: 0 | AV82: 0 | AW82: 0 | AX82: =IF(COUNTA(AW82)=0,"",1-AW82) -> 1
A83: R01 | B83: 10 | C83: OPEN | D83: PRONTO | E83: 0.006069 | F83: 0.313491 | G83: OK OPEN_DONE | H83: 0 | I83: 0 | J83: 0 | K83: =IF(COUNTA(J83)=0,"",1-J83) -> 1 | N83: R04 | O83: 10 | P83: OPEN | Q83: PRONTO | R83: 0.003914 | S83: 0.373315 | T83: OK OPEN_DONE | U83: 0 | V83: 0 | W83: 0 | X83: =IF(COUNTA(W83)=0,"",1-W83) -> 1 | AA83: R08 | AB83: 10 | AC83: OPEN | AD83: PRONTO | AE83: 0.006372 | AF83: 0.371838 | AG83: OK OPEN_DONE | AH83: 0 | AI83: 0 | AJ83: 0 | AK83: =IF(COUNTA(AJ83)=0,"",1-AJ83) -> 1 | AN83: R10 | AO83: 10 | AP83: OPEN | AQ83: PRONTO | AR83: 0.003089 | AS83: 0.39215 | AT83: OK OPEN_DONE | AU83: 0 | AV83: 0 | AW83: 0 | AX83: =IF(COUNTA(AW83)=0,"",1-AW83) -> 1
A84: R01 | B84: 10 | C84: FINISH_HOME | D84: PRONTO | E84: 12.777646 | F84: 0.433775 | G84: OK FINISH_DONE | H84: 0 | I84: 0 | J84: 0 | K84: =IF(COUNTA(J84)=0,"",1-J84) -> 1 | N84: R04 | O84: 10 | P84: FINISH_HOME | Q84: PRONTO | R84: 13.096922 | S84: 0.425778 | T84: OK FINISH_DONE | U84: 0 | V84: 0 | W84: 0 | X84: =IF(COUNTA(W84)=0,"",1-W84) -> 1 | AA84: R08 | AB84: 10 | AC84: FINISH_HOME | AD84: PRONTO | AE84: 14.385708 | AF84: 0.431971 | AG84: OK FINISH_DONE | AH84: 0 | AI84: 0 | AJ84: 0 | AK84: =IF(COUNTA(AJ84)=0,"",1-AJ84) -> 1 | AN84: R10 | AO84: 10 | AP84: FINISH_HOME | AQ84: PRONTO | AR84: 14.837787 | AS84: 0.44241 | AT84: OK FINISH_DONE | AU84: 0 | AV84: 0 | AW84: 0 | AX84: =IF(COUNTA(AW84)=0,"",1-AW84) -> 1
A85: R01 | B85: 11 | C85: PICK | D85: PRONTO | E85: 0.451638 | F85: - | G85: OK PICK_DONE peca_11 | H85: 0 | I85: 0 | J85: 0 | K85: =IF(COUNTA(J85)=0,"",1-J85) -> 1 | N85: R04 | O85: 11 | P85: PICK | Q85: PRONTO | R85: 0.451859 | S85: - | T85: OK PICK_DONE peca_11 | U85: 0 | V85: 0 | W85: 0 | X85: =IF(COUNTA(W85)=0,"",1-W85) -> 1 | AA85: R08 | AB85: 11 | AC85: PICK | AD85: PRONTO | AE85: 0.451543 | AF85: - | AG85: OK PICK_DONE peca_11 | AH85: 0 | AI85: 0 | AJ85: 0 | AK85: =IF(COUNTA(AJ85)=0,"",1-AJ85) -> 1 | AN85: R10 | AO85: 11 | AP85: PICK | AQ85: PRONTO | AR85: 0.45208 | AS85: - | AT85: OK PICK_DONE peca_11 | AU85: 0 | AV85: 0 | AW85: 0 | AX85: =IF(COUNTA(AW85)=0,"",1-AW85) -> 1
A86: R01 | B86: 11 | C86: TARGET_PICK | D86: PRONTO | E86: 0.001233 | F86: 0.356223 | G86: OK TARGET_DONE | H86: 0 | I86: 0 | J86: 0 | K86: =IF(COUNTA(J86)=0,"",1-J86) -> 1 | N86: R04 | O86: 11 | P86: TARGET_PICK | Q86: PRONTO | R86: 0.001802 | S86: 0.367162 | T86: OK TARGET_DONE | U86: 0 | V86: 0 | W86: 0 | X86: =IF(COUNTA(W86)=0,"",1-W86) -> 1 | AA86: R08 | AB86: 11 | AC86: TARGET_PICK | AD86: PRONTO | AE86: 0.001278 | AF86: 0.374346 | AG86: OK TARGET_DONE | AH86: 0 | AI86: 0 | AJ86: 0 | AK86: =IF(COUNTA(AJ86)=0,"",1-AJ86) -> 1 | AN86: R10 | AO86: 11 | AP86: TARGET_PICK | AQ86: PRONTO | AR86: 0.002161 | AS86: 0.36493 | AT86: OK TARGET_DONE | AU86: 0 | AV86: 0 | AW86: 0 | AX86: =IF(COUNTA(AW86)=0,"",1-AW86) -> 1
A87: R01 | B87: 11 | C87: MOVE_PICK | D87: PRONTO | E87: 16.100361 | F87: 0.440267 | G87: OK MOVE_DONE | H87: 0 | I87: 0 | J87: 0 | K87: =IF(COUNTA(J87)=0,"",1-J87) -> 1 | N87: R04 | O87: 11 | P87: MOVE_PICK | Q87: PRONTO | R87: 15.294787 | S87: 0.428672 | T87: OK MOVE_DONE | U87: 0 | V87: 0 | W87: 0 | X87: =IF(COUNTA(W87)=0,"",1-W87) -> 1 | AA87: R08 | AB87: 11 | AC87: MOVE_PICK | AD87: PRONTO | AE87: 16.51248 | AF87: 0.425686 | AG87: OK MOVE_DONE | AH87: 0 | AI87: 0 | AJ87: 0 | AK87: =IF(COUNTA(AJ87)=0,"",1-AJ87) -> 1 | AN87: R10 | AO87: 11 | AP87: MOVE_PICK | AQ87: PRONTO | AR87: 15.219161 | AS87: 0.468131 | AT87: OK MOVE_DONE | AU87: 0 | AV87: 0 | AW87: 0 | AX87: =IF(COUNTA(AW87)=0,"",1-AW87) -> 1
A88: R01 | B88: 11 | C88: CLOSE | D88: PRONTO | E88: 0.005832 | F88: 0.833673 | G88: OK CLOSE_DONE ATTACHED peca_11 | H88: 0 | I88: 0 | J88: 0 | K88: =IF(COUNTA(J88)=0,"",1-J88) -> 1 | N88: R04 | O88: 11 | P88: CLOSE | Q88: PRONTO | R88: 0.00428 | S88: 0.821739 | T88: OK CLOSE_DONE ATTACHED peca_11 | U88: 0 | V88: 0 | W88: 0 | X88: =IF(COUNTA(W88)=0,"",1-W88) -> 1 | AA88: R08 | AB88: 11 | AC88: CLOSE | AD88: PRONTO | AE88: 0.002952 | AF88: 0.817833 | AG88: OK CLOSE_DONE ATTACHED peca_11 | AH88: 0 | AI88: 0 | AJ88: 0 | AK88: =IF(COUNTA(AJ88)=0,"",1-AJ88) -> 1 | AN88: R10 | AO88: 11 | AP88: CLOSE | AQ88: PRONTO | AR88: 0.004767 | AS88: 0.884794 | AT88: OK CLOSE_DONE ATTACHED peca_11 | AU88: 0 | AV88: 0 | AW88: 0 | AX88: =IF(COUNTA(AW88)=0,"",1-AW88) -> 1
A89: R01 | B89: 11 | C89: TARGET_PLACE | D89: PRONTO | E89: 0.001768 | F89: 0.372772 | G89: OK TARGET_DONE | H89: 0 | I89: 0 | J89: 0 | K89: =IF(COUNTA(J89)=0,"",1-J89) -> 1 | N89: R04 | O89: 11 | P89: TARGET_PLACE | Q89: PRONTO | R89: 0.002389 | S89: 0.368914 | T89: OK TARGET_DONE | U89: 0 | V89: 0 | W89: 0 | X89: =IF(COUNTA(W89)=0,"",1-W89) -> 1 | AA89: R08 | AB89: 11 | AC89: TARGET_PLACE | AD89: PRONTO | AE89: 0.001973 | AF89: 0.38267 | AG89: OK TARGET_DONE | AH89: 0 | AI89: 0 | AJ89: 0 | AK89: =IF(COUNTA(AJ89)=0,"",1-AJ89) -> 1 | AN89: R10 | AO89: 11 | AP89: TARGET_PLACE | AQ89: PRONTO | AR89: 0.001773 | AS89: 0.411277 | AT89: OK TARGET_DONE | AU89: 0 | AV89: 0 | AW89: 0 | AX89: =IF(COUNTA(AW89)=0,"",1-AW89) -> 1
A90: R01 | B90: 11 | C90: MOVE_PLACE | D90: PRONTO | E90: 15.704662 | F90: 0.439866 | G90: OK MOVE_DONE | H90: 0 | I90: 0 | J90: 0 | K90: =IF(COUNTA(J90)=0,"",1-J90) -> 1 | N90: R04 | O90: 11 | P90: MOVE_PLACE | Q90: PRONTO | R90: 12.879999 | S90: 0.42332 | T90: OK MOVE_DONE | U90: 0 | V90: 0 | W90: 0 | X90: =IF(COUNTA(W90)=0,"",1-W90) -> 1 | AA90: R08 | AB90: 11 | AC90: MOVE_PLACE | AD90: PRONTO | AE90: 17.884387 | AF90: 0.424728 | AG90: OK MOVE_DONE | AH90: 0 | AI90: 0 | AJ90: 0 | AK90: =IF(COUNTA(AJ90)=0,"",1-AJ90) -> 1 | AN90: R10 | AO90: 11 | AP90: MOVE_PLACE | AQ90: PRONTO | AR90: 14.072332 | AS90: 0.440619 | AT90: OK MOVE_DONE | AU90: 0 | AV90: 0 | AW90: 0 | AX90: =IF(COUNTA(AW90)=0,"",1-AW90) -> 1
A91: R01 | B91: 11 | C91: OPEN | D91: PRONTO | E91: 0.003235 | F91: 0.359555 | G91: OK OPEN_DONE | H91: 0 | I91: 0 | J91: 0 | K91: =IF(COUNTA(J91)=0,"",1-J91) -> 1 | N91: R04 | O91: 11 | P91: OPEN | Q91: PRONTO | R91: 0.003282 | S91: 0.39163 | T91: OK OPEN_DONE | U91: 0 | V91: 0 | W91: 0 | X91: =IF(COUNTA(W91)=0,"",1-W91) -> 1 | AA91: R08 | AB91: 11 | AC91: OPEN | AD91: PRONTO | AE91: 0.004505 | AF91: 0.371767 | AG91: OK OPEN_DONE | AH91: 0 | AI91: 0 | AJ91: 0 | AK91: =IF(COUNTA(AJ91)=0,"",1-AJ91) -> 1 | AN91: R10 | AO91: 11 | AP91: OPEN | AQ91: PRONTO | AR91: 0.00764 | AS91: 0.37611 | AT91: OK OPEN_DONE | AU91: 0 | AV91: 0 | AW91: 0 | AX91: =IF(COUNTA(AW91)=0,"",1-AW91) -> 1
A92: R01 | B92: 11 | C92: FINISH_HOME | D92: PRONTO | E92: 12.769068 | F92: 0.425533 | G92: OK FINISH_DONE | H92: 0 | I92: 0 | J92: 0 | K92: =IF(COUNTA(J92)=0,"",1-J92) -> 1 | N92: R04 | O92: 11 | P92: FINISH_HOME | Q92: PRONTO | R92: 13.081605 | S92: 0.423625 | T92: OK FINISH_DONE | U92: 0 | V92: 0 | W92: 0 | X92: =IF(COUNTA(W92)=0,"",1-W92) -> 1 | AA92: R08 | AB92: 11 | AC92: FINISH_HOME | AD92: PRONTO | AE92: 14.260639 | AF92: 0.4245 | AG92: OK FINISH_DONE | AH92: 0 | AI92: 0 | AJ92: 0 | AK92: =IF(COUNTA(AJ92)=0,"",1-AJ92) -> 1 | AN92: R10 | AO92: 11 | AP92: FINISH_HOME | AQ92: PRONTO | AR92: 13.339582 | AS92: 0.446762 | AT92: OK FINISH_DONE | AU92: 0 | AV92: 0 | AW92: 0 | AX92: =IF(COUNTA(AW92)=0,"",1-AW92) -> 1
A93: R01 | B93: 12 | C93: PICK | D93: PRONTO | E93: 0.452679 | F93: - | G93: OK PICK_DONE peca_12 | H93: 0 | I93: 0 | J93: 0 | K93: =IF(COUNTA(J93)=0,"",1-J93) -> 1 | N93: R04 | O93: 12 | P93: PICK | Q93: PRONTO | R93: 0.451438 | S93: - | T93: OK PICK_DONE peca_12 | U93: 0 | V93: 0 | W93: 0 | X93: =IF(COUNTA(W93)=0,"",1-W93) -> 1 | AA93: R08 | AB93: 12 | AC93: PICK | AD93: PRONTO | AE93: 0.451617 | AF93: - | AG93: OK PICK_DONE peca_12 | AH93: 0 | AI93: 0 | AJ93: 0 | AK93: =IF(COUNTA(AJ93)=0,"",1-AJ93) -> 1 | AN93: R10 | AO93: 12 | AP93: PICK | AQ93: PRONTO | AR93: 0.452015 | AS93: - | AT93: OK PICK_DONE peca_12 | AU93: 0 | AV93: 0 | AW93: 0 | AX93: =IF(COUNTA(AW93)=0,"",1-AW93) -> 1
A94: R01 | B94: 12 | C94: TARGET_PICK | D94: PRONTO | E94: 0.00349 | F94: 0.366652 | G94: OK TARGET_DONE | H94: 0 | I94: 0 | J94: 0 | K94: =IF(COUNTA(J94)=0,"",1-J94) -> 1 | N94: R04 | O94: 12 | P94: TARGET_PICK | Q94: PRONTO | R94: 0.002721 | S94: 0.3555 | T94: OK TARGET_DONE | U94: 0 | V94: 0 | W94: 0 | X94: =IF(COUNTA(W94)=0,"",1-W94) -> 1 | AA94: R08 | AB94: 12 | AC94: TARGET_PICK | AD94: PRONTO | AE94: 0.002335 | AF94: 0.354745 | AG94: OK TARGET_DONE | AH94: 0 | AI94: 0 | AJ94: 0 | AK94: =IF(COUNTA(AJ94)=0,"",1-AJ94) -> 1 | AN94: R10 | AO94: 12 | AP94: TARGET_PICK | AQ94: PRONTO | AR94: 0.001919 | AS94: 0.383626 | AT94: OK TARGET_DONE | AU94: 0 | AV94: 0 | AW94: 0 | AX94: =IF(COUNTA(AW94)=0,"",1-AW94) -> 1
A95: R01 | B95: 12 | C95: MOVE_PICK | D95: PRONTO | E95: 15.650771 | F95: 0.422132 | G95: OK MOVE_DONE | H95: 0 | I95: 0 | J95: 0 | K95: =IF(COUNTA(J95)=0,"",1-J95) -> 1 | N95: R04 | O95: 12 | P95: MOVE_PICK | Q95: PRONTO | R95: 16.137993 | S95: 0.440449 | T95: OK MOVE_DONE | U95: 0 | V95: 0 | W95: 0 | X95: =IF(COUNTA(W95)=0,"",1-W95) -> 1 | AA95: R08 | AB95: 12 | AC95: MOVE_PICK | AD95: PRONTO | AE95: 19.803495 | AF95: 0.425476 | AG95: OK MOVE_DONE | AH95: 0 | AI95: 0 | AJ95: 0 | AK95: =IF(COUNTA(AJ95)=0,"",1-AJ95) -> 1 | AN95: R10 | AO95: 12 | AP95: MOVE_PICK | AQ95: PRONTO | AR95: 15.280559 | AS95: 0.439751 | AT95: OK MOVE_DONE | AU95: 0 | AV95: 0 | AW95: 0 | AX95: =IF(COUNTA(AW95)=0,"",1-AW95) -> 1
A96: R01 | B96: 12 | C96: CLOSE | D96: PRONTO | E96: 0.003246 | F96: 0.858053 | G96: OK CLOSE_DONE ATTACHED peca_12 | H96: 0 | I96: 0 | J96: 0 | K96: =IF(COUNTA(J96)=0,"",1-J96) -> 1 | N96: R04 | O96: 12 | P96: CLOSE | Q96: PRONTO | R96: 0.003291 | S96: 0.860169 | T96: OK CLOSE_DONE ATTACHED peca_12 | U96: 0 | V96: 0 | W96: 0 | X96: =IF(COUNTA(W96)=0,"",1-W96) -> 1 | AA96: R08 | AB96: 12 | AC96: CLOSE | AD96: PRONTO | AE96: 0.00359 | AF96: 0.885686 | AG96: OK CLOSE_DONE ATTACHED peca_12 | AH96: 0 | AI96: 0 | AJ96: 0 | AK96: =IF(COUNTA(AJ96)=0,"",1-AJ96) -> 1 | AN96: R10 | AO96: 12 | AP96: CLOSE | AQ96: PRONTO | AR96: 0.004021 | AS96: 0.874138 | AT96: OK CLOSE_DONE ATTACHED peca_12 | AU96: 0 | AV96: 0 | AW96: 0 | AX96: =IF(COUNTA(AW96)=0,"",1-AW96) -> 1
A97: R01 | B97: 12 | C97: TARGET_PLACE | D97: PRONTO | E97: 0.001854 | F97: 0.372513 | G97: OK TARGET_DONE | H97: 0 | I97: 0 | J97: 0 | K97: =IF(COUNTA(J97)=0,"",1-J97) -> 1 | N97: R04 | O97: 12 | P97: TARGET_PLACE | Q97: PRONTO | R97: 0.005556 | S97: 0.361174 | T97: OK TARGET_DONE | U97: 0 | V97: 0 | W97: 0 | X97: =IF(COUNTA(W97)=0,"",1-W97) -> 1 | AA97: R08 | AB97: 12 | AC97: TARGET_PLACE | AD97: PRONTO | AE97: 0.001871 | AF97: 0.367727 | AG97: OK TARGET_DONE | AH97: 0 | AI97: 0 | AJ97: 0 | AK97: =IF(COUNTA(AJ97)=0,"",1-AJ97) -> 1 | AN97: R10 | AO97: 12 | AP97: TARGET_PLACE | AQ97: PRONTO | AR97: 0.001734 | AS97: 0.350045 | AT97: OK TARGET_DONE | AU97: 0 | AV97: 0 | AW97: 0 | AX97: =IF(COUNTA(AW97)=0,"",1-AW97) -> 1
A98: R01 | B98: 12 | C98: MOVE_PLACE | D98: PRONTO | E98: 13.239301 | F98: 0.377604 | G98: OK MOVE_DONE | H98: 0 | I98: 0 | J98: 0 | K98: =IF(COUNTA(J98)=0,"",1-J98) -> 1 | N98: R04 | O98: 12 | P98: MOVE_PLACE | Q98: PRONTO | R98: 12.748624 | S98: 0.423936 | T98: OK MOVE_DONE | U98: 0 | V98: 0 | W98: 0 | X98: =IF(COUNTA(W98)=0,"",1-W98) -> 1 | AA98: R08 | AB98: 12 | AC98: MOVE_PLACE | AD98: PRONTO | AE98: 13.196452 | AF98: 0.424584 | AG98: OK MOVE_DONE | AH98: 0 | AI98: 0 | AJ98: 0 | AK98: =IF(COUNTA(AJ98)=0,"",1-AJ98) -> 1 | AN98: R10 | AO98: 12 | AP98: MOVE_PLACE | AQ98: PRONTO | AR98: 17.12394 | AS98: 0.440252 | AT98: OK MOVE_DONE | AU98: 0 | AV98: 0 | AW98: 0 | AX98: =IF(COUNTA(AW98)=0,"",1-AW98) -> 1
A99: R01 | B99: 12 | C99: OPEN | D99: PRONTO | E99: 0.004409 | F99: 0.326931 | G99: OK OPEN_DONE | H99: 0 | I99: 0 | J99: 0 | K99: =IF(COUNTA(J99)=0,"",1-J99) -> 1 | N99: R04 | O99: 12 | P99: OPEN | Q99: PRONTO | R99: 0.004485 | S99: 0.323642 | T99: OK OPEN_DONE | U99: 0 | V99: 0 | W99: 0 | X99: =IF(COUNTA(W99)=0,"",1-W99) -> 1 | AA99: R08 | AB99: 12 | AC99: OPEN | AD99: PRONTO | AE99: 0.003477 | AF99: 0.328354 | AG99: OK OPEN_DONE | AH99: 0 | AI99: 0 | AJ99: 0 | AK99: =IF(COUNTA(AJ99)=0,"",1-AJ99) -> 1 | AN99: R10 | AO99: 12 | AP99: OPEN | AQ99: PRONTO | AR99: 0.00306 | AS99: 0.34767 | AT99: OK OPEN_DONE | AU99: 0 | AV99: 0 | AW99: 0 | AX99: =IF(COUNTA(AW99)=0,"",1-AW99) -> 1
A100: R01 | B100: 12 | C100: FINISH_HOME | D100: PRONTO | E100: 12.775861 | F100: 0.441368 | G100: OK FINISH_DONE | H100: 0 | I100: 0 | J100: 0 | K100: =IF(COUNTA(J100)=0,"",1-J100) -> 1 | N100: R04 | O100: 12 | P100: FINISH_HOME | Q100: PRONTO | R100: 13.689889 | S100: 0.423074 | T100: OK FINISH_DONE | U100: 0 | V100: 0 | W100: 0 | X100: =IF(COUNTA(W100)=0,"",1-W100) -> 1 | AA100: R08 | AB100: 12 | AC100: FINISH_HOME | AD100: PRONTO | AE100: 12.637511 | AF100: 0.426108 | AG100: OK FINISH_DONE | AH100: 0 | AI100: 0 | AJ100: 0 | AK100: =IF(COUNTA(AJ100)=0,"",1-AJ100) -> 1 | AN100: R10 | AO100: 12 | AP100: FINISH_HOME | AQ100: PRONTO | AR100: 14.077619 | AS100: 0.44683 | AT100: OK FINISH_DONE | AU100: 0 | AV100: 0 | AW100: 0 | AX100: =IF(COUNTA(AW100)=0,"",1-AW100) -> 1
A101: R01 | B101: 13 | C101: PICK | D101: PRONTO | E101: 0.450981 | F101: - | G101: OK PICK_DONE peca_13 | H101: 0 | I101: 0 | J101: 0 | K101: =IF(COUNTA(J101)=0,"",1-J101) -> 1 | N101: R04 | O101: 13 | P101: PICK | Q101: PRONTO | R101: 0.451427 | S101: - | T101: OK PICK_DONE peca_13 | U101: 0 | V101: 0 | W101: 0 | X101: =IF(COUNTA(W101)=0,"",1-W101) -> 1 | AA101: R08 | AB101: 13 | AC101: PICK | AD101: PRONTO | AE101: 0.451801 | AF101: - | AG101: OK PICK_DONE peca_13 | AH101: 0 | AI101: 0 | AJ101: 0 | AK101: =IF(COUNTA(AJ101)=0,"",1-AJ101) -> 1 | AN101: R10 | AO101: 13 | AP101: PICK | AQ101: PRONTO | AR101: 0.453219 | AS101: - | AT101: OK PICK_DONE peca_13 | AU101: 0 | AV101: 0 | AW101: 0 | AX101: =IF(COUNTA(AW101)=0,"",1-AW101) -> 1
...

Sheet Obs_Ciclos
A1: Obstáculos — métricas por ciclo
A3: TEMPORAL | O3: TEMPORAL | AC3: TEMPORAL | AQ3: TEMPORAL
A4: ID | B4: Repetição | C4: Tempo total (s) | D4: Espera improdutiva (s) | E4: Nº timeouts | F4: Nº comandos prematuros | G4: Taxa sucesso ciclo (0/1) | H4: Resultado | I4: Nº falhas | J4: Tempo recuperação (s) | K4: Resultado final | L4: Outlier tempo? | M4: Observações | O4: ID | P4: Repetição | Q4: Tempo total (s) | R4: Espera improdutiva (s) | S4: Nº timeouts | T4: Nº comandos prematuros | U4: Taxa sucesso ciclo (0/1) | V4: Resultado | W4: Nº falhas | X4: Tempo recuperação (s) | Y4: Resultado final | Z4: Outlier tempo? | AA4: Observações | AC4: ID | AD4: Repetição | AE4: Tempo total (s) | AF4: Espera improdutiva (s) | AG4: Nº timeouts | AH4: Nº comandos prematuros | AI4: Taxa sucesso ciclo (0/1) | AJ4: Resultado | AK4: Nº falhas | AL4: Tempo recuperação (s) | AM4: Resultado final | AN4: Outlier tempo? | AO4: Observações | AQ4: ID | AR4: Repetição | AS4: Tempo total (s) | AT4: Espera improdutiva (s) | AU4: Nº timeouts | AV4: Nº comandos prematuros | AW4: Taxa sucesso ciclo (0/1) | AX4: Resultado | AY4: Nº falhas | AZ4: Tempo recuperação (s) | BA4: Resultado final | BB4: Outlier tempo? | BC4: Observações
A5: O07 | B5: 1 | C5: 50.121675 | D5: 3.413237 | E5: 0 | F5: 0 | G5: 1 | H5: Sucesso | I5: 0 | J5: 0 | K5: OK FINISH_DONE | L5: =IF(C5="","",IF(OR(C5<Resumo!$O$13,C5>Resumo!$P$13),"Sim","Não")) -> Não | O5: O03 | P5: 1 | Q5: 50.896533 | R5: 3.42155 | S5: 0 | T5: 0 | U5: 1 | V5: Sucesso | W5: 0 | X5: 0 | Y5: OK FINISH_DONE | Z5: =IF(Q5="","",IF(OR(Q5<Resumo!$O$15,Q5>Resumo!$P$15),"Sim","Não")) -> Não | AC5: O13 | AD5: 1 | AE5: 47.284506 | AF5: 3.246672 | AG5: 0 | AH5: 0 | AI5: 1 | AJ5: Sucesso | AK5: 0 | AL5: 0 | AM5: OK FINISH_DONE | AN5: =IF(AE5="","",IF(OR(AE5<Resumo!$O$17,AE5>Resumo!$P$17),"Sim","Não")) -> Não | AQ5: O17 | AR5: 1 | AS5: 48.814803 | AT5: 3.175706 | AU5: 0 | AV5: 0 | AW5: 1 | AX5: Sucesso | AY5: 0 | AZ5: 0 | BA5: OK FINISH_DONE | BB5: =IF(AS5="","",IF(OR(AS5<Resumo!$O$19,AS5>Resumo!$P$19),"Sim","Não")) -> Não
A6: O07 | B6: 2 | C6: 52.197501 | D6: 3.376677 | E6: 0 | F6: 0 | G6: 1 | H6: Sucesso | I6: 0 | J6: 0 | K6: OK FINISH_DONE | L6: =IF(C6="","",IF(OR(C6<Resumo!$O$13,C6>Resumo!$P$13),"Sim","Não")) -> Não | O6: O03 | P6: 2 | Q6: 51.110395 | R6: 3.408203 | S6: 0 | T6: 0 | U6: 1 | V6: Sucesso | W6: 0 | X6: 0 | Y6: OK FINISH_DONE | Z6: =IF(Q6="","",IF(OR(Q6<Resumo!$O$15,Q6>Resumo!$P$15),"Sim","Não")) -> Não | AC6: O13 | AD6: 2 | AE6: 47.464249 | AF6: 3.262131 | AG6: 0 | AH6: 0 | AI6: 1 | AJ6: Sucesso | AK6: 0 | AL6: 0 | AM6: OK FINISH_DONE | AN6: =IF(AE6="","",IF(OR(AE6<Resumo!$O$17,AE6>Resumo!$P$17),"Sim","Não")) -> Sim | AQ6: O17 | AR6: 2 | AS6: 47.24907 | AT6: 3.156449 | AU6: 0 | AV6: 0 | AW6: 1 | AX6: Sucesso | AY6: 0 | AZ6: 0 | BA6: OK FINISH_DONE | BB6: =IF(AS6="","",IF(OR(AS6<Resumo!$O$19,AS6>Resumo!$P$19),"Sim","Não")) -> Não
A7: O07 | B7: 3 | C7: 49.917945 | D7: 3.341919 | E7: 0 | F7: 0 | G7: 1 | H7: Sucesso | I7: 0 | J7: 0 | K7: OK FINISH_DONE | L7: =IF(C7="","",IF(OR(C7<Resumo!$O$13,C7>Resumo!$P$13),"Sim","Não")) -> Não | O7: O03 | P7: 3 | Q7: 51.416005 | R7: 3.353226 | S7: 0 | T7: 0 | U7: 1 | V7: Sucesso | W7: 0 | X7: 0 | Y7: OK FINISH_DONE | Z7: =IF(Q7="","",IF(OR(Q7<Resumo!$O$15,Q7>Resumo!$P$15),"Sim","Não")) -> Não | AC7: O13 | AD7: 3 | AE7: 47.14364 | AF7: 3.277906 | AG7: 0 | AH7: 0 | AI7: 1 | AJ7: Sucesso | AK7: 0 | AL7: 0 | AM7: OK FINISH_DONE | AN7: =IF(AE7="","",IF(OR(AE7<Resumo!$O$17,AE7>Resumo!$P$17),"Sim","Não")) -> Não | AQ7: O17 | AR7: 3 | AS7: 48.948526 | AT7: 3.193452 | AU7: 0 | AV7: 0 | AW7: 1 | AX7: Sucesso | AY7: 0 | AZ7: 0 | BA7: OK FINISH_DONE | BB7: =IF(AS7="","",IF(OR(AS7<Resumo!$O$19,AS7>Resumo!$P$19),"Sim","Não")) -> Não
A8: O07 | B8: 4 | C8: 51.596654 | D8: 3.406868 | E8: 0 | F8: 0 | G8: 1 | H8: Sucesso | I8: 0 | J8: 0 | K8: OK FINISH_DONE | L8: =IF(C8="","",IF(OR(C8<Resumo!$O$13,C8>Resumo!$P$13),"Sim","Não")) -> Não | O8: O03 | P8: 4 | Q8: 51.59837 | R8: 3.418619 | S8: 0 | T8: 0 | U8: 1 | V8: Sucesso | W8: 0 | X8: 0 | Y8: OK FINISH_DONE | Z8: =IF(Q8="","",IF(OR(Q8<Resumo!$O$15,Q8>Resumo!$P$15),"Sim","Não")) -> Sim | AC8: O13 | AD8: 4 | AE8: 47.254777 | AF8: 3.255163 | AG8: 0 | AH8: 0 | AI8: 1 | AJ8: Sucesso | AK8: 0 | AL8: 0 | AM8: OK FINISH_DONE | AN8: =IF(AE8="","",IF(OR(AE8<Resumo!$O$17,AE8>Resumo!$P$17),"Sim","Não")) -> Não | AQ8: O17 | AR8: 4 | AS8: 47.285637 | AT8: 3.186394 | AU8: 0 | AV8: 0 | AW8: 1 | AX8: Sucesso | AY8: 0 | AZ8: 0 | BA8: OK FINISH_DONE | BB8: =IF(AS8="","",IF(OR(AS8<Resumo!$O$19,AS8>Resumo!$P$19),"Sim","Não")) -> Não
A9: O07 | B9: 5 | C9: 50.034723 | D9: 3.33339 | E9: 0 | F9: 0 | G9: 1 | H9: Sucesso | I9: 0 | J9: 0 | K9: OK FINISH_DONE | L9: =IF(C9="","",IF(OR(C9<Resumo!$O$13,C9>Resumo!$P$13),"Sim","Não")) -> Não | O9: O03 | P9: 5 | Q9: 50.952795 | R9: 3.340784 | S9: 0 | T9: 0 | U9: 1 | V9: Sucesso | W9: 0 | X9: 0 | Y9: OK FINISH_DONE | Z9: =IF(Q9="","",IF(OR(Q9<Resumo!$O$15,Q9>Resumo!$P$15),"Sim","Não")) -> Não | AC9: O13 | AD9: 5 | AE9: 58.322647 | AF9: 3.269401 | AG9: 0 | AH9: 0 | AI9: 1 | AJ9: Sucesso | AK9: 0 | AL9: 0 | AM9: OK FINISH_DONE | AN9: =IF(AE9="","",IF(OR(AE9<Resumo!$O$17,AE9>Resumo!$P$17),"Sim","Não")) -> Sim | AQ9: O17 | AR9: 5 | AS9: 48.892393 | AT9: 3.123333 | AU9: 0 | AV9: 0 | AW9: 1 | AX9: Sucesso | AY9: 0 | AZ9: 0 | BA9: OK FINISH_DONE | BB9: =IF(AS9="","",IF(OR(AS9<Resumo!$O$19,AS9>Resumo!$P$19),"Sim","Não")) -> Não
A10: O07 | B10: 6 | C10: 51.439114 | D10: 3.346166 | E10: 0 | F10: 0 | G10: 1 | H10: Sucesso | I10: 0 | J10: 0 | K10: OK FINISH_DONE | L10: =IF(C10="","",IF(OR(C10<Resumo!$O$13,C10>Resumo!$P$13),"Sim","Não")) -> Não | O10: O03 | P10: 6 | Q10: 50.841357 | R10: 3.348361 | S10: 0 | T10: 0 | U10: 1 | V10: Sucesso | W10: 0 | X10: 0 | Y10: OK FINISH_DONE | Z10: =IF(Q10="","",IF(OR(Q10<Resumo!$O$15,Q10>Resumo!$P$15),"Sim","Não")) -> Não | AC10: O13 | AD10: 6 | AE10: 47.047639 | AF10: 3.211777 | AG10: 0 | AH10: 0 | AI10: 1 | AJ10: Sucesso | AK10: 0 | AL10: 0 | AM10: OK FINISH_DONE | AN10: =IF(AE10="","",IF(OR(AE10<Resumo!$O$17,AE10>Resumo!$P$17),"Sim","Não")) -> Não | AQ10: O17 | AR10: 6 | AS10: 55.422225 | AT10: 3.146053 | AU10: 0 | AV10: 0 | AW10: 1 | AX10: Sucesso | AY10: 0 | AZ10: 0 | BA10: OK FINISH_DONE | BB10: =IF(AS10="","",IF(OR(AS10<Resumo!$O$19,AS10>Resumo!$P$19),"Sim","Não")) -> Não
A11: O07 | B11: 7 | C11: 51.54152 | D11: 3.350681 | E11: 0 | F11: 0 | G11: 1 | H11: Sucesso | I11: 0 | J11: 0 | K11: OK FINISH_DONE | L11: =IF(C11="","",IF(OR(C11<Resumo!$O$13,C11>Resumo!$P$13),"Sim","Não")) -> Não | O11: O03 | P11: 7 | Q11: 50.731535 | R11: 3.411404 | S11: 0 | T11: 0 | U11: 1 | V11: Sucesso | W11: 0 | X11: 0 | Y11: OK FINISH_DONE | Z11: =IF(Q11="","",IF(OR(Q11<Resumo!$O$15,Q11>Resumo!$P$15),"Sim","Não")) -> Não | AC11: O13 | AD11: 7 | AE11: 47.174492 | AF11: 3.251041 | AG11: 0 | AH11: 0 | AI11: 1 | AJ11: Sucesso | AK11: 0 | AL11: 0 | AM11: OK FINISH_DONE | AN11: =IF(AE11="","",IF(OR(AE11<Resumo!$O$17,AE11>Resumo!$P$17),"Sim","Não")) -> Não | AQ11: O17 | AR11: 7 | AS11: 57.80388 | AT11: 3.192924 | AU11: 0 | AV11: 0 | AW11: 1 | AX11: Sucesso | AY11: 0 | AZ11: 0 | BA11: OK FINISH_DONE | BB11: =IF(AS11="","",IF(OR(AS11<Resumo!$O$19,AS11>Resumo!$P$19),"Sim","Não")) -> Não
A12: O07 | B12: 8 | C12: 50.181543 | D12: 3.501051 | E12: 0 | F12: 0 | G12: 1 | H12: Sucesso | I12: 0 | J12: 0 | K12: OK FINISH_DONE | L12: =IF(C12="","",IF(OR(C12<Resumo!$O$13,C12>Resumo!$P$13),"Sim","Não")) -> Não | O12: O03 | P12: 8 | Q12: 50.651345 | R12: 3.344854 | S12: 0 | T12: 0 | U12: 1 | V12: Sucesso | W12: 0 | X12: 0 | Y12: OK FINISH_DONE | Z12: =IF(Q12="","",IF(OR(Q12<Resumo!$O$15,Q12>Resumo!$P$15),"Sim","Não")) -> Não | AC12: O13 | AD12: 8 | AE12: 47.062906 | AF12: 3.224265 | AG12: 0 | AH12: 0 | AI12: 1 | AJ12: Sucesso | AK12: 0 | AL12: 0 | AM12: OK FINISH_DONE | AN12: =IF(AE12="","",IF(OR(AE12<Resumo!$O$17,AE12>Resumo!$P$17),"Sim","Não")) -> Não | AQ12: O17 | AR12: 8 | AS12: 60.471985 | AT12: 3.087039 | AU12: 0 | AV12: 0 | AW12: 1 | AX12: Sucesso | AY12: 0 | AZ12: 0 | BA12: OK FINISH_DONE | BB12: =IF(AS12="","",IF(OR(AS12<Resumo!$O$19,AS12>Resumo!$P$19),"Sim","Não")) -> Sim
A13: O07 | B13: 9 | C13: 50.088624 | D13: 3.34234 | E13: 0 | F13: 0 | G13: 1 | H13: Sucesso | I13: 0 | J13: 0 | K13: OK FINISH_DONE | L13: =IF(C13="","",IF(OR(C13<Resumo!$O$13,C13>Resumo!$P$13),"Sim","Não")) -> Não | O13: O03 | P13: 9 | Q13: 51.048262 | R13: 3.428104 | S13: 0 | T13: 0 | U13: 1 | V13: Sucesso | W13: 0 | X13: 0 | Y13: OK FINISH_DONE | Z13: =IF(Q13="","",IF(OR(Q13<Resumo!$O$15,Q13>Resumo!$P$15),"Sim","Não")) -> Não | AC13: O13 | AD13: 9 | AE13: 47.159914 | AF13: 3.207963 | AG13: 0 | AH13: 0 | AI13: 1 | AJ13: Sucesso | AK13: 0 | AL13: 0 | AM13: OK FINISH_DONE | AN13: =IF(AE13="","",IF(OR(AE13<Resumo!$O$17,AE13>Resumo!$P$17),"Sim","Não")) -> Não | AQ13: O17 | AR13: 9 | AS13: 48.943417 | AT13: 3.107863 | AU13: 0 | AV13: 0 | AW13: 1 | AX13: Sucesso | AY13: 0 | AZ13: 0 | BA13: OK FINISH_DONE | BB13: =IF(AS13="","",IF(OR(AS13<Resumo!$O$19,AS13>Resumo!$P$19),"Sim","Não")) -> Não
A14: O07 | B14: 10 | C14: 51.600292 | D14: 3.381849 | E14: 0 | F14: 0 | G14: 1 | H14: Sucesso | I14: 0 | J14: 0 | K14: OK FINISH_DONE | L14: =IF(C14="","",IF(OR(C14<Resumo!$O$13,C14>Resumo!$P$13),"Sim","Não")) -> Não | O14: O03 | P14: 10 | Q14: 51.245235 | R14: 3.313921 | S14: 0 | T14: 0 | U14: 1 | V14: Sucesso | W14: 0 | X14: 0 | Y14: OK FINISH_DONE | Z14: =IF(Q14="","",IF(OR(Q14<Resumo!$O$15,Q14>Resumo!$P$15),"Sim","Não")) -> Não | AC14: O13 | AD14: 10 | AE14: 47.174853 | AF14: 3.261437 | AG14: 0 | AH14: 0 | AI14: 1 | AJ14: Sucesso | AK14: 0 | AL14: 0 | AM14: OK FINISH_DONE | AN14: =IF(AE14="","",IF(OR(AE14<Resumo!$O$17,AE14>Resumo!$P$17),"Sim","Não")) -> Não | AQ14: O17 | AR14: 10 | AS14: 48.842803 | AT14: 3.117789 | AU14: 0 | AV14: 0 | AW14: 1 | AX14: Sucesso | AY14: 0 | AZ14: 0 | BA14: OK FINISH_DONE | BB14: =IF(AS14="","",IF(OR(AS14<Resumo!$O$19,AS14>Resumo!$P$19),"Sim","Não")) -> Não
A15: O07 | B15: 11 | C15: 51.535997 | D15: 3.356893 | E15: 0 | F15: 0 | G15: 1 | H15: Sucesso | I15: 0 | J15: 0 | K15: OK FINISH_DONE | L15: =IF(C15="","",IF(OR(C15<Resumo!$O$13,C15>Resumo!$P$13),"Sim","Não")) -> Não | O15: O03 | P15: 11 | Q15: 50.818126 | R15: 3.340704 | S15: 0 | T15: 0 | U15: 1 | V15: Sucesso | W15: 0 | X15: 0 | Y15: OK FINISH_DONE | Z15: =IF(Q15="","",IF(OR(Q15<Resumo!$O$15,Q15>Resumo!$P$15),"Sim","Não")) -> Não | AC15: O13 | AD15: 11 | AE15: 47.172134 | AF15: 3.216688 | AG15: 0 | AH15: 0 | AI15: 1 | AJ15: Sucesso | AK15: 0 | AL15: 0 | AM15: OK FINISH_DONE | AN15: =IF(AE15="","",IF(OR(AE15<Resumo!$O$17,AE15>Resumo!$P$17),"Sim","Não")) -> Não | AQ15: O17 | AR15: 11 | AS15: 53.423732 | AT15: 3.112875 | AU15: 0 | AV15: 0 | AW15: 1 | AX15: Sucesso | AY15: 0 | AZ15: 0 | BA15: OK FINISH_DONE | BB15: =IF(AS15="","",IF(OR(AS15<Resumo!$O$19,AS15>Resumo!$P$19),"Sim","Não")) -> Não
A16: O07 | B16: 12 | C16: 50.155717 | D16: 3.405012 | E16: 0 | F16: 0 | G16: 1 | H16: Sucesso | I16: 0 | J16: 0 | K16: OK FINISH_DONE | L16: =IF(C16="","",IF(OR(C16<Resumo!$O$13,C16>Resumo!$P$13),"Sim","Não")) -> Não | O16: O03 | P16: 12 | Q16: 50.808666 | R16: 3.320572 | S16: 0 | T16: 0 | U16: 1 | V16: Sucesso | W16: 0 | X16: 0 | Y16: OK FINISH_DONE | Z16: =IF(Q16="","",IF(OR(Q16<Resumo!$O$15,Q16>Resumo!$P$15),"Sim","Não")) -> Não | AC16: O13 | AD16: 12 | AE16: 47.21696 | AF16: 3.270948 | AG16: 0 | AH16: 0 | AI16: 1 | AJ16: Sucesso | AK16: 0 | AL16: 0 | AM16: OK FINISH_DONE | AN16: =IF(AE16="","",IF(OR(AE16<Resumo!$O$17,AE16>Resumo!$P$17),"Sim","Não")) -> Não | AQ16: O17 | AR16: 12 | AS16: 49.103395 | AT16: 3.266889 | AU16: 0 | AV16: 0 | AW16: 1 | AX16: Sucesso | AY16: 0 | AZ16: 0 | BA16: OK FINISH_DONE | BB16: =IF(AS16="","",IF(OR(AS16<Resumo!$O$19,AS16>Resumo!$P$19),"Sim","Não")) -> Não
... A24: O07 | B24: 20 | C24: 56.114478 | D24: 3.459762 | E24: 0 | F24: 0 | G24: 1 | H24: Sucesso | I24: 0 | J24: 0 | K24: OK FINISH_DONE | L24: =IF(C24="","",IF(OR(C24<Resumo!$O$13,C24>Resumo!$P$13),"Sim","Não")) -> Sim | O24: O03 | P24: 20 | Q24: 50.915214 | R24: 3.3902678 | S24: 0 | T24: 0 | U24: 1 | V24: Sucesso | W24: 0 | X24: 0 | Y24: OK FINISH_DONE | Z24: =IF(Q24="","",IF(OR(Q24<Resumo!$O$15,Q24>Resumo!$P$15),"Sim","Não")) -> Não | AC24: O13 | AD24: 20 | AE24: 47.144198 | AF24: 3.25202 | AG24: 0 | AH24: 0 | AI24: 1 | AJ24: Sucesso | AK24: 0 | AL24: 0 | AM24: OK FINISH_DONE | AN24: =IF(AE24="","",IF(OR(AE24<Resumo!$O$17,AE24>Resumo!$P$17),"Sim","Não")) -> Não | AQ24: O17 | AR24: 20 | AS24: 52.490319 | AT24: 3.138061 | AU24: 0 | AV24: 0 | AW24: 1 | AX24: Sucesso | AY24: 0 | AZ24: 0 | BA24: OK FINISH_DONE | BB24: =IF(AS24="","",IF(OR(AS24<Resumo!$O$19,AS24>Resumo!$P$19),"Sim","Não")) -> Não
A25: ESTADOS | O25: ESTADOS | AC25: ESTADOS | AQ25: ESTADOS
A26: ID | B26: Repetição | C26: Tempo total (s) | D26: Espera improdutiva (s) | E26: Nº timeouts | F26: Nº comandos prematuros | G26: Taxa sucesso ciclo (0/1) | H26: Resultado | I26: Nº falhas | J26: Tempo recuperação (s) | K26: Resultado final | L26: Outlier tempo? | M26: Observações | O26: ID | P26: Repetição | Q26: Tempo total (s) | R26: Espera improdutiva (s) | S26: Nº timeouts | T26: Nº comandos prematuros | U26: Taxa sucesso ciclo (0/1) | V26: Resultado | W26: Nº falhas | X26: Tempo recuperação (s) | Y26: Resultado final | Z26: Outlier tempo? | AA26: Observações | AC26: ID | AD26: Repetição | AE26: Tempo total (s) | AF26: Espera improdutiva (s) | AG26: Nº timeouts | AH26: Nº comandos prematuros | AI26: Taxa sucesso ciclo (0/1) | AJ26: Resultado | AK26: Nº falhas | AL26: Tempo recuperação (s) | AM26: Resultado final | AN26: Outlier tempo? | AO26: Observações | AQ26: ID | AR26: Repetição | AS26: Tempo total (s) | AT26: Espera improdutiva (s) | AU26: Nº timeouts | AV26: Nº comandos prematuros | AW26: Taxa sucesso ciclo (0/1) | AX26: Resultado | AY26: Nº falhas | AZ26: Tempo recuperação (s) | BA26: Resultado final | BB26: Outlier tempo? | BC26: Observações
A27: O07E | B27: 1 | C27: 54.762555 | D27: 1.092466 | E27: 0 | F27: 0 | G27: 1 | H27: Sucesso | I27: 0 | K27: OK FINISH_DONE | L27: =IF(C27="","",IF(OR(C27<Resumo!$O$14,C27>Resumo!$P$14),"Sim","Não")) -> Sim | O27: O03E | P27: 1 | Q27: 47.567258 | R27: 1.094358 | S27: 0 | T27: 0 | U27: 1 | V27: Sucesso | W27: 0 | Y27: OK FINISH_DONE | Z27: =IF(Q27="","",IF(OR(Q27<Resumo!$O$16,Q27>Resumo!$P$16),"Sim","Não")) -> Não | AC27: O13E | AD27: 1 | AE27: 44.969555 | AF27: 0.968319 | AG27: 0 | AH27: 0 | AI27: 1 | AJ27: Sucesso | AK27: 0 | AM27: OK FINISH_DONE | AN27: =IF(AE27="","",IF(OR(AE27<Resumo!$O$18,AE27>Resumo!$P$18),"Sim","Não")) -> Não | AQ27: O17E | AR27: 1 | AS27: 45.18413 | AT27: 1.104412 | AU27: 0 | AV27: 0 | AW27: 1 | AX27: Sucesso | AY27: 0 | BA27: OK FINISH_DONE | BB27: =IF(AS27="","",IF(OR(AS27<Resumo!$O$20,AS27>Resumo!$P$20),"Sim","Não")) -> Não
A28: O07E | B28: 2 | C28: 45.638987 | D28: 1.090705 | E28: 0 | F28: 0 | G28: 1 | H28: Sucesso | I28: 0 | K28: OK FINISH_DONE | L28: =IF(C28="","",IF(OR(C28<Resumo!$O$14,C28>Resumo!$P$14),"Sim","Não")) -> Não | O28: O03E | P28: 2 | Q28: 47.088113 | R28: 1.099077 | S28: 0 | T28: 0 | U28: 1 | V28: Sucesso | W28: 0 | Y28: OK FINISH_DONE | Z28: =IF(Q28="","",IF(OR(Q28<Resumo!$O$16,Q28>Resumo!$P$16),"Sim","Não")) -> Não | AC28: O13E | AD28: 2 | AE28: 52.13564 | AF28: 1.069346 | AG28: 0 | AH28: 0 | AI28: 1 | AJ28: Sucesso | AK28: 0 | AM28: OK FINISH_DONE | AN28: =IF(AE28="","",IF(OR(AE28<Resumo!$O$18,AE28>Resumo!$P$18),"Sim","Não")) -> Sim | AQ28: O17E | AR28: 2 | AS28: 55.756136 | AT28: 1.055581 | AU28: 0 | AV28: 0 | AW28: 1 | AX28: Sucesso | AY28: 0 | BA28: OK FINISH_DONE | BB28: =IF(AS28="","",IF(OR(AS28<Resumo!$O$20,AS28>Resumo!$P$20),"Sim","Não")) -> Sim
A29: O07E | B29: 3 | C29: 47.50638 | D29: 1.020599 | E29: 0 | F29: 0 | G29: 1 | H29: Sucesso | I29: 0 | K29: OK FINISH_DONE | L29: =IF(C29="","",IF(OR(C29<Resumo!$O$14,C29>Resumo!$P$14),"Sim","Não")) -> Não | O29: O03E | P29: 3 | Q29: 46.984219 | R29: 1.077852 | S29: 0 | T29: 0 | U29: 1 | V29: Sucesso | W29: 0 | Y29: OK FINISH_DONE | Z29: =IF(Q29="","",IF(OR(Q29<Resumo!$O$16,Q29>Resumo!$P$16),"Sim","Não")) -> Não | AC29: O13E | AD29: 3 | AE29: 44.96976 | AF29: 1.028398 | AG29: 0 | AH29: 0 | AI29: 1 | AJ29: Sucesso | AK29: 0 | AM29: OK FINISH_DONE | AN29: =IF(AE29="","",IF(OR(AE29<Resumo!$O$18,AE29>Resumo!$P$18),"Sim","Não")) -> Não | AQ29: O17E | AR29: 3 | AS29: 47.664049 | AT29: 1.113322 | AU29: 0 | AV29: 0 | AW29: 1 | AX29: Sucesso | AY29: 0 | BA29: OK FINISH_DONE | BB29: =IF(AS29="","",IF(OR(AS29<Resumo!$O$20,AS29>Resumo!$P$20),"Sim","Não")) -> Não
A30: O07E | B30: 4 | C30: 47.818452 | D30: 1.077687 | E30: 0 | F30: 0 | G30: 1 | H30: Sucesso | I30: 0 | K30: OK FINISH_DONE | L30: =IF(C30="","",IF(OR(C30<Resumo!$O$14,C30>Resumo!$P$14),"Sim","Não")) -> Não | O30: O03E | P30: 4 | Q30: 51.5289 | R30: 1.106221 | S30: 0 | T30: 0 | U30: 1 | V30: Sucesso | W30: 0 | Y30: OK FINISH_DONE | Z30: =IF(Q30="","",IF(OR(Q30<Resumo!$O$16,Q30>Resumo!$P$16),"Sim","Não")) -> Sim | AC30: O13E | AD30: 4 | AE30: 45.008383 | AF30: 1.067644 | AG30: 0 | AH30: 0 | AI30: 1 | AJ30: Sucesso | AK30: 0 | AM30: OK FINISH_DONE | AN30: =IF(AE30="","",IF(OR(AE30<Resumo!$O$18,AE30>Resumo!$P$18),"Sim","Não")) -> Não | AQ30: O17E | AR30: 4 | AS30: 48.317775 | AT30: 1.041886 | AU30: 0 | AV30: 0 | AW30: 1 | AX30: Sucesso | AY30: 0 | BA30: OK FINISH_DONE | BB30: =IF(AS30="","",IF(OR(AS30<Resumo!$O$20,AS30>Resumo!$P$20),"Sim","Não")) -> Não
A31: O07E | B31: 5 | C31: 46.212965 | D31: 1.06483 | E31: 0 | F31: 0 | G31: 1 | H31: Sucesso | I31: 0 | K31: OK FINISH_DONE | L31: =IF(C31="","",IF(OR(C31<Resumo!$O$14,C31>Resumo!$P$14),"Sim","Não")) -> Não | O31: O03E | P31: 5 | Q31: 47.071739 | R31: 1.0753 | S31: 0 | T31: 0 | U31: 1 | V31: Sucesso | W31: 0 | Y31: OK FINISH_DONE | Z31: =IF(Q31="","",IF(OR(Q31<Resumo!$O$16,Q31>Resumo!$P$16),"Sim","Não")) -> Não | AC31: O13E | AD31: 5 | AE31: 44.981974 | AF31: 1.04629 | AG31: 0 | AH31: 0 | AI31: 1 | AJ31: Sucesso | AK31: 0 | AM31: OK FINISH_DONE | AN31: =IF(AE31="","",IF(OR(AE31<Resumo!$O$18,AE31>Resumo!$P$18),"Sim","Não")) -> Não | AQ31: O17E | AR31: 5 | AS31: 45.117579 | AT31: 1.028799 | AU31: 0 | AV31: 0 | AW31: 1 | AX31: Sucesso | AY31: 0 | BA31: OK FINISH_DONE | BB31: =IF(AS31="","",IF(OR(AS31<Resumo!$O$20,AS31>Resumo!$P$20),"Sim","Não")) -> Não
A32: O07E | B32: 6 | C32: 55.880272 | D32: 1.102231 | E32: 0 | F32: 0 | G32: 1 | H32: Sucesso | I32: 0 | K32: OK FINISH_DONE | L32: =IF(C32="","",IF(OR(C32<Resumo!$O$14,C32>Resumo!$P$14),"Sim","Não")) -> Sim | O32: O03E | P32: 6 | Q32: 47.048275 | R32: 1.101941 | S32: 0 | T32: 0 | U32: 1 | V32: Sucesso | W32: 0 | Y32: OK FINISH_DONE | Z32: =IF(Q32="","",IF(OR(Q32<Resumo!$O$16,Q32>Resumo!$P$16),"Sim","Não")) -> Não | AC32: O13E | AD32: 6 | AE32: 45.068627 | AF32: 1.121195 | AG32: 0 | AH32: 0 | AI32: 1 | AJ32: Sucesso | AK32: 0 | AM32: OK FINISH_DONE | AN32: =IF(AE32="","",IF(OR(AE32<Resumo!$O$18,AE32>Resumo!$P$18),"Sim","Não")) -> Não | AQ32: O17E | AR32: 6 | AS32: 47.535028 | AT32: 1.062591 | AU32: 0 | AV32: 0 | AW32: 1 | AX32: Sucesso | AY32: 0 | BA32: OK FINISH_DONE | BB32: =IF(AS32="","",IF(OR(AS32<Resumo!$O$20,AS32>Resumo!$P$20),"Sim","Não")) -> Não
A33: O07E | B33: 7 | C33: 45.459499 | D33: 1.059861 | E33: 0 | F33: 0 | G33: 1 | H33: Sucesso | I33: 0 | K33: OK FINISH_DONE | L33: =IF(C33="","",IF(OR(C33<Resumo!$O$14,C33>Resumo!$P$14),"Sim","Não")) -> Não | O33: O03E | P33: 7 | Q33: 47.404554 | R33: 1.050396 | S33: 0 | T33: 0 | U33: 1 | V33: Sucesso | W33: 0 | Y33: OK FINISH_DONE | Z33: =IF(Q33="","",IF(OR(Q33<Resumo!$O$16,Q33>Resumo!$P$16),"Sim","Não")) -> Não | AC33: O13E | AD33: 7 | AE33: 56.05236 | AF33: 1.060374 | AG33: 0 | AH33: 0 | AI33: 1 | AJ33: Sucesso | AK33: 0 | AM33: OK FINISH_DONE | AN33: =IF(AE33="","",IF(OR(AE33<Resumo!$O$18,AE33>Resumo!$P$18),"Sim","Não")) -> Sim | AQ33: O17E | AR33: 7 | AS33: 49.234504 | AT33: 1.020018 | AU33: 0 | AV33: 0 | AW33: 1 | AX33: Sucesso | AY33: 0 | BA33: OK FINISH_DONE | BB33: =IF(AS33="","",IF(OR(AS33<Resumo!$O$20,AS33>Resumo!$P$20),"Sim","Não")) -> Não
A34: O07E | B34: 8 | C34: 47.62004 | D34: 0.923276 | E34: 0 | F34: 0 | G34: 1 | H34: Sucesso | I34: 0 | K34: OK FINISH_DONE | L34: =IF(C34="","",IF(OR(C34<Resumo!$O$14,C34>Resumo!$P$14),"Sim","Não")) -> Não | O34: O03E | P34: 8 | Q34: 47.439016 | R34: 1.062225 | S34: 0 | T34: 0 | U34: 1 | V34: Sucesso | W34: 0 | Y34: OK FINISH_DONE | Z34: =IF(Q34="","",IF(OR(Q34<Resumo!$O$16,Q34>Resumo!$P$16),"Sim","Não")) -> Não | AC34: O13E | AD34: 8 | AE34: 45.02766 | AF34: 1.074263 | AG34: 0 | AH34: 0 | AI34: 1 | AJ34: Sucesso | AK34: 0 | AM34: OK FINISH_DONE | AN34: =IF(AE34="","",IF(OR(AE34<Resumo!$O$18,AE34>Resumo!$P$18),"Sim","Não")) -> Não | AQ34: O17E | AR34: 8 | AS34: 45.055029 | AT34: 1.013675 | AU34: 0 | AV34: 0 | AW34: 1 | AX34: Sucesso | AY34: 0 | BA34: OK FINISH_DONE | BB34: =IF(AS34="","",IF(OR(AS34<Resumo!$O$20,AS34>Resumo!$P$20),"Sim","Não")) -> Não
A35: O07E | B35: 9 | C35: 47.630566 | D35: 1.033186 | E35: 0 | F35: 0 | G35: 1 | H35: Sucesso | I35: 0 | K35: OK FINISH_DONE | L35: =IF(C35="","",IF(OR(C35<Resumo!$O$14,C35>Resumo!$P$14),"Sim","Não")) -> Não | O35: O03E | P35: 9 | Q35: 46.966281 | R35: 1.02453 | S35: 0 | T35: 0 | U35: 1 | V35: Sucesso | W35: 0 | Y35: OK FINISH_DONE | Z35: =IF(Q35="","",IF(OR(Q35<Resumo!$O$16,Q35>Resumo!$P$16),"Sim","Não")) -> Não | AC35: O13E | AD35: 9 | AE35: 44.921168 | AF35: 0.974087 | AG35: 0 | AH35: 0 | AI35: 1 | AJ35: Sucesso | AK35: 0 | AM35: OK FINISH_DONE | AN35: =IF(AE35="","",IF(OR(AE35<Resumo!$O$18,AE35>Resumo!$P$18),"Sim","Não")) -> Não | AQ35: O17E | AR35: 9 | AS35: 45.050001 | AT35: 1.040904 | AU35: 0 | AV35: 0 | AW35: 1 | AX35: Sucesso | AY35: 0 | BA35: OK FINISH_DONE | BB35: =IF(AS35="","",IF(OR(AS35<Resumo!$O$20,AS35>Resumo!$P$20),"Sim","Não")) -> Não
A36: O07E | B36: 10 | C36: 45.528201 | D36: 1.028961 | E36: 0 | F36: 0 | G36: 1 | H36: Sucesso | I36: 0 | K36: OK FINISH_DONE | L36: =IF(C36="","",IF(OR(C36<Resumo!$O$14,C36>Resumo!$P$14),"Sim","Não")) -> Não | O36: O03E | P36: 10 | Q36: 46.964322 | R36: 1.000345 | S36: 0 | T36: 0 | U36: 1 | V36: Sucesso | W36: 0 | Y36: OK FINISH_DONE | Z36: =IF(Q36="","",IF(OR(Q36<Resumo!$O$16,Q36>Resumo!$P$16),"Sim","Não")) -> Não | AC36: O13E | AD36: 10 | AE36: 45.029062 | AF36: 1.064232 | AG36: 0 | AH36: 0 | AI36: 1 | AJ36: Sucesso | AK36: 0 | AM36: OK FINISH_DONE | AN36: =IF(AE36="","",IF(OR(AE36<Resumo!$O$18,AE36>Resumo!$P$18),"Sim","Não")) -> Não | AQ36: O17E | AR36: 10 | AS36: 45.125133 | AT36: 1.093999 | AU36: 0 | AV36: 0 | AW36: 1 | AX36: Sucesso | AY36: 0 | BA36: OK FINISH_DONE | BB36: =IF(AS36="","",IF(OR(AS36<Resumo!$O$20,AS36>Resumo!$P$20),"Sim","Não")) -> Não
A37: O07E | B37: 11 | C37: 45.363616 | D37: 0.977091 | E37: 0 | F37: 0 | G37: 1 | H37: Sucesso | I37: 0 | K37: OK FINISH_DONE | L37: =IF(C37="","",IF(OR(C37<Resumo!$O$14,C37>Resumo!$P$14),"Sim","Não")) -> Não | O37: O03E | P37: 11 | Q37: 47.583066 | R37: 1.115785 | S37: 0 | T37: 0 | U37: 1 | V37: Sucesso | W37: 0 | Y37: OK FINISH_DONE | Z37: =IF(Q37="","",IF(OR(Q37<Resumo!$O$16,Q37>Resumo!$P$16),"Sim","Não")) -> Não | AC37: O13E | AD37: 11 | AE37: 45.043548 | AF37: 0.984631 | AG37: 0 | AH37: 0 | AI37: 1 | AJ37: Sucesso | AK37: 0 | AM37: OK FINISH_DONE | AN37: =IF(AE37="","",IF(OR(AE37<Resumo!$O$18,AE37>Resumo!$P$18),"Sim","Não")) -> Não | AQ37: O17E | AR37: 11 | AS37: 46.732589 | AT37: 1.076494 | AU37: 0 | AV37: 0 | AW37: 1 | AX37: Sucesso | AY37: 0 | BA37: OK FINISH_DONE | BB37: =IF(AS37="","",IF(OR(AS37<Resumo!$O$20,AS37>Resumo!$P$20),"Sim","Não")) -> Não
A38: O07E | B38: 12 | C38: 48.138917 | D38: 0.946679 | E38: 0 | F38: 0 | G38: 1 | H38: Sucesso | I38: 0 | K38: OK FINISH_DONE | L38: =IF(C38="","",IF(OR(C38<Resumo!$O$14,C38>Resumo!$P$14),"Sim","Não")) -> Não | O38: O03E | P38: 12 | Q38: 47.462276 | R38: 0.968326 | S38: 0 | T38: 0 | U38: 1 | V38: Sucesso | W38: 0 | Y38: OK FINISH_DONE | Z38: =IF(Q38="","",IF(OR(Q38<Resumo!$O$16,Q38>Resumo!$P$16),"Sim","Não")) -> Não | AC38: O13E | AD38: 12 | AE38: 45.13451 | AF38: 1.078039 | AG38: 0 | AH38: 0 | AI38: 1 | AJ38: Sucesso | AK38: 0 | AM38: OK FINISH_DONE | AN38: =IF(AE38="","",IF(OR(AE38<Resumo!$O$18,AE38>Resumo!$P$18),"Sim","Não")) -> Não | AQ38: O17E | AR38: 12 | AS38: 46.790127 | AT38: 1.05405 | AU38: 0 | AV38: 0 | AW38: 1 | AX38: Sucesso | AY38: 0 | BA38: OK FINISH_DONE | BB38: =IF(AS38="","",IF(OR(AS38<Resumo!$O$20,AS38>Resumo!$P$20),"Sim","Não")) -> Não
... A41: O07E | B41: 15 | C41: 51.566037 | D41: 1.042382 | E41: 0 | F41: 0 | G41: 1 | H41: Sucesso | I41: 0 | K41: OK FINISH_DONE | L41: =IF(C41="","",IF(OR(C41<Resumo!$O$14,C41>Resumo!$P$14),"Sim","Não")) -> Sim | O41: O03E | P41: 15 | Q41: 47.074399 | R41: 1.07025 | S41: 0 | T41: 0 | U41: 1 | V41: Sucesso | W41: 0 | Y41: OK FINISH_DONE | Z41: =IF(Q41="","",IF(OR(Q41<Resumo!$O$16,Q41>Resumo!$P$16),"Sim","Não")) -> Não | AC41: O13E | AD41: 15 | AE41: 51.221007 | AF41: 1.047259 | AG41: 0 | AH41: 0 | AI41: 1 | AJ41: Sucesso | AK41: 0 | AM41: OK FINISH_DONE | AN41: =IF(AE41="","",IF(OR(AE41<Resumo!$O$18,AE41>Resumo!$P$18),"Sim","Não")) -> Sim | AQ41: O17E | AR41: 15 | AS41: 45.083338 | AT41: 1.062372 | AU41: 0 | AV41: 0 | AW41: 1 | AX41: Sucesso | AY41: 0 | BA41: OK FINISH_DONE | BB41: =IF(AS41="","",IF(OR(AS41<Resumo!$O$20,AS41>Resumo!$P$20),"Sim","Não")) -> Não
A42: O07E | B42: 16 | C42: 46.236493 | D42: 1.025775 | E42: 0 | F42: 0 | G42: 1 | H42: Sucesso | I42: 0 | K42: OK FINISH_DONE | L42: =IF(C42="","",IF(OR(C42<Resumo!$O$14,C42>Resumo!$P$14),"Sim","Não")) -> Não | O42: O03E | P42: 16 | Q42: 35.404106 | R42: 1.490104 | S42: 0 | T42: 0 | U42: 0 | V42: Falha | W42: 1 | X42: 14.342824 | Y42: OK CANCEL_DONE | Z42: =IF(Q42="","",IF(OR(Q42<Resumo!$O$16,Q42>Resumo!$P$16),"Sim","Não")) -> Sim | AA42: Ciclo terminado por CANCEL. Falha na fase MOVE_PLACE; recuperação confirmada por OK CANCEL_DONE. | AC42: O13E | AD42: 16 | AE42: 45.597249 | AF42: 1.052765 | AG42: 0 | AH42: 0 | AI42: 1 | AJ42: Sucesso | AK42: 0 | AM42: OK FINISH_DONE | AN42: =IF(AE42="","",IF(OR(AE42<Resumo!$O$18,AE42>Resumo!$P$18),"Sim","Não")) -> Não | AQ42: O17E | AR42: 16 | AS42: 46.794337 | AT42: 1.089847 | AU42: 0 | AV42: 0 | AW42: 1 | AX42: Sucesso | AY42: 0 | BA42: OK FINISH_DONE | BB42: =IF(AS42="","",IF(OR(AS42<Resumo!$O$20,AS42>Resumo!$P$20),"Sim","Não")) -> Não
A43: O07E | B43: 17 | C43: 46.286451 | D43: 1.045543 | E43: 0 | F43: 0 | G43: 1 | H43: Sucesso | I43: 0 | K43: OK FINISH_DONE | L43: =IF(C43="","",IF(OR(C43<Resumo!$O$14,C43>Resumo!$P$14),"Sim","Não")) -> Não | O43: O03E | P43: 17 | Q43: 47.093256 | R43: 1.044633 | S43: 0 | T43: 0 | U43: 1 | V43: Sucesso | W43: 0 | Y43: OK FINISH_DONE | Z43: =IF(Q43="","",IF(OR(Q43<Resumo!$O$16,Q43>Resumo!$P$16),"Sim","Não")) -> Não | AC43: O13E | AD43: 17 | AE43: 45.910182 | AF43: 1.066393 | AG43: 0 | AH43: 0 | AI43: 1 | AJ43: Sucesso | AK43: 0 | AM43: OK FINISH_DONE | AN43: =IF(AE43="","",IF(OR(AE43<Resumo!$O$18,AE43>Resumo!$P$18),"Sim","Não")) -> Não | AQ43: O17E | AR43: 17 | AS43: 45.101753 | AT43: 1.10021 | AU43: 0 | AV43: 0 | AW43: 1 | AX43: Sucesso | AY43: 0 | BA43: OK FINISH_DONE | BB43: =IF(AS43="","",IF(OR(AS43<Resumo!$O$20,AS43>Resumo!$P$20),"Sim","Não")) -> Não
A44: O07E | B44: 18 | C44: 47.530086 | D44: 1.055352 | E44: 0 | F44: 0 | G44: 1 | H44: Sucesso | I44: 0 | K44: OK FINISH_DONE | L44: =IF(C44="","",IF(OR(C44<Resumo!$O$14,C44>Resumo!$P$14),"Sim","Não")) -> Não | O44: O03E | P44: 18 | Q44: 47.420276 | R44: 0.98167 | S44: 0 | T44: 0 | U44: 1 | V44: Sucesso | W44: 0 | Y44: OK FINISH_DONE | Z44: =IF(Q44="","",IF(OR(Q44<Resumo!$O$16,Q44>Resumo!$P$16),"Sim","Não")) -> Não | AC44: O13E | AD44: 18 | AE44: 46.93103 | AF44: 1.040127 | AG44: 0 | AH44: 0 | AI44: 1 | AJ44: Sucesso | AK44: 0 | AM44: OK FINISH_DONE | AN44: =IF(AE44="","",IF(OR(AE44<Resumo!$O$18,AE44>Resumo!$P$18),"Sim","Não")) -> Não | AQ44: O17E | AR44: 18 | AS44: 46.743991 | AT44: 1.065575 | AU44: 0 | AV44: 0 | AW44: 1 | AX44: Sucesso | AY44: 0 | BA44: OK FINISH_DONE | BB44: =IF(AS44="","",IF(OR(AS44<Resumo!$O$20,AS44>Resumo!$P$20),"Sim","Não")) -> Não
A45: O07E | B45: 19 | C45: 46.338632 | D45: 1.099964 | E45: 0 | F45: 0 | G45: 1 | H45: Sucesso | I45: 0 | K45: OK FINISH_DONE | L45: =IF(C45="","",IF(OR(C45<Resumo!$O$14,C45>Resumo!$P$14),"Sim","Não")) -> Não | O45: O03E | P45: 19 | Q45: 46.991601 | R45: 1.074875 | S45: 0 | T45: 0 | U45: 1 | V45: Sucesso | W45: 0 | Y45: OK FINISH_DONE | Z45: =IF(Q45="","",IF(OR(Q45<Resumo!$O$16,Q45>Resumo!$P$16),"Sim","Não")) -> Não | AC45: O13E | AD45: 19 | AE45: 47.554396 | AF45: 1.071646 | AG45: 0 | AH45: 0 | AI45: 1 | AJ45: Sucesso | AK45: 0 | AM45: OK FINISH_DONE | AN45: =IF(AE45="","",IF(OR(AE45<Resumo!$O$18,AE45>Resumo!$P$18),"Sim","Não")) -> Não | AQ45: O17E | AR45: 19 | AS45: 44.953144 | AT45: 1.060038 | AU45: 0 | AV45: 0 | AW45: 1 | AX45: Sucesso | AY45: 0 | BA45: OK FINISH_DONE | BB45: =IF(AS45="","",IF(OR(AS45<Resumo!$O$20,AS45>Resumo!$P$20),"Sim","Não")) -> Não
A46: O07E | B46: 20 | C46: 47.708157 | D46: 1.111166 | E46: 0 | F46: 0 | G46: 1 | H46: Sucesso | I46: 0 | K46: OK FINISH_DONE | L46: =IF(C46="","",IF(OR(C46<Resumo!$O$14,C46>Resumo!$P$14),"Sim","Não")) -> Não | O46: O03E | P46: 20 | Q46: 47.476031 | R46: 1.052111 | S46: 0 | T46: 0 | U46: 1 | V46: Sucesso | W46: 0 | Y46: OK FINISH_DONE | Z46: =IF(Q46="","",IF(OR(Q46<Resumo!$O$16,Q46>Resumo!$P$16),"Sim","Não")) -> Não | AC46: O13E | AD46: 20 | AE46: 46.414477 | AF46: 1.024368 | AG46: 0 | AH46: 0 | AI46: 1 | AJ46: Sucesso | AK46: 0 | AM46: OK FINISH_DONE | AN46: =IF(AE46="","",IF(OR(AE46<Resumo!$O$18,AE46>Resumo!$P$18),"Sim","Não")) -> Não | AQ46: O17E | AR46: 20 | AS46: 47.515903 | AT46: 0.997518 | AU46: 0 | AV46: 0 | AW46: 1 | AX46: Sucesso | AY46: 0 | BA46: OK FINISH_DONE | BB46: =IF(AS46="","",IF(OR(AS46<Resumo!$O$20,AS46>Resumo!$P$20),"Sim","Não")) -> Não

Sheet Obs_Fases
A1: Obstáculos — métricas por fase
A3: TEMPORAL | N3: TEMPORAL | AA3: TEMPORAL | AN3: TEMPORAL
A4: ID | B4: Repetição | C4: Fase | D4: Estado no envio | E4: Tempo até resposta (s) | F4: Espera desde resposta anterior (s) | G4: Resposta | H4: Timeout | I4: Comando prematuro | J4: Falha | K4: Sucesso fase (0/1) | L4: Observações | N4: ID | O4: Repetição | P4: Fase | Q4: Estado no envio | R4: Tempo até resposta (s) | S4: Espera desde resposta anterior (s) | T4: Resposta | U4: Timeout | V4: Comando prematuro | W4: Falha | X4: Sucesso fase (0/1) | Y4: Observações | AA4: ID | AB4: Repetição | AC4: Fase | AD4: Estado no envio | AE4: Tempo até resposta (s) | AF4: Espera desde resposta anterior (s) | AG4: Resposta | AH4: Timeout | AI4: Comando prematuro | AJ4: Falha | AK4: Sucesso fase (0/1) | AL4: Observações | AN4: ID | AO4: Repetição | AP4: Fase | AQ4: Estado no envio | AR4: Tempo até resposta (s) | AS4: Espera desde resposta anterior (s) | AT4: Resposta | AU4: Timeout | AV4: Comando prematuro | AW4: Falha | AX4: Sucesso fase (0/1) | AY4: Observações
A5: O07 | B5: 1 | C5: PICK | D5: PRONTO | E5: 0.454723 | F5: - | G5: OK PICK_DONE peca_1 | H5: 0 | I5: 0 | J5: 0 | K5: =IF(COUNTA(J5)=0,"",1-J5) -> 1 | N5: O03 | O5: 1 | P5: PICK | Q5: PRONTO | R5: 0.452834 | S5: - | T5: OK PICK_DONE peca_1 | U5: 0 | V5: 0 | W5: 0 | X5: =IF(COUNTA(W5)=0,"",1-W5) -> 1 | AA5: O13 | AB5: 1 | AC5: PICK | AD5: PRONTO | AE5: 0.454723 | AF5: - | AG5: OK PICK_DONE peca_1 | AH5: 0 | AI5: 0 | AJ5: 0 | AK5: =IF(COUNTA(AJ5)=0,"",1-AJ5) -> 1 | AN5: O17 | AO5: 1 | AP5: PICK | AQ5: PRONTO | AR5: 0.453226 | AS5: - | AT5: OK PICK_DONE peca_1 | AU5: 0 | AV5: 0 | AW5: 0 | AX5: =IF(COUNTA(AW5)=0,"",1-AW5) -> 1
A6: O07 | B6: 1 | C6: TARGET_PICK | D6: PRONTO | E6: 0.001903 | F6: 0.367246 | G6: OK TARGET_DONE | H6: 0 | I6: 0 | J6: 0 | K6: =IF(COUNTA(J6)=0,"",1-J6) -> 1 | N6: O03 | O6: 1 | P6: TARGET_PICK | Q6: PRONTO | R6: 0.006609 | S6: 0.415561 | T6: OK TARGET_DONE | U6: 0 | V6: 0 | W6: 0 | X6: =IF(COUNTA(W6)=0,"",1-W6) -> 1 | AA6: O13 | AB6: 1 | AC6: TARGET_PICK | AD6: PRONTO | AE6: 0.001903 | AF6: 0.367246 | AG6: OK TARGET_DONE | AH6: 0 | AI6: 0 | AJ6: 0 | AK6: =IF(COUNTA(AJ6)=0,"",1-AJ6) -> 1 | AN6: O17 | AO6: 1 | AP6: TARGET_PICK | AQ6: PRONTO | AR6: 0.004812 | AS6: 0.340035 | AT6: OK TARGET_DONE | AU6: 0 | AV6: 0 | AW6: 0 | AX6: =IF(COUNTA(AW6)=0,"",1-AW6) -> 1
A7: O07 | B7: 1 | C7: MOVE_PICK | D7: PRONTO | E7: 17.0476 | F7: 0.463203 | G7: OK MOVE_DONE | H7: 0 | I7: 0 | J7: 0 | K7: =IF(COUNTA(J7)=0,"",1-J7) -> 1 | N7: O03 | O7: 1 | P7: MOVE_PICK | Q7: PRONTO | R7: 16.96887 | S7: 0.455099 | T7: OK MOVE_DONE | U7: 0 | V7: 0 | W7: 0 | X7: =IF(COUNTA(W7)=0,"",1-W7) -> 1 | AA7: O13 | AB7: 1 | AC7: MOVE_PICK | AD7: PRONTO | AE7: 17.0476 | AF7: 0.463203 | AG7: OK MOVE_DONE | AH7: 0 | AI7: 0 | AJ7: 0 | AK7: =IF(COUNTA(AJ7)=0,"",1-AJ7) -> 1 | AN7: O17 | AO7: 1 | AP7: MOVE_PICK | AQ7: PRONTO | AR7: 17.474249 | AS7: 0.406292 | AT7: OK MOVE_DONE | AU7: 0 | AV7: 0 | AW7: 0 | AX7: =IF(COUNTA(AW7)=0,"",1-AW7) -> 1
A8: O07 | B8: 1 | C8: CLOSE | D8: PRONTO | E8: 0.003996 | F8: 0.896631 | G8: OK CLOSE_DONE ATTACHED peca_1 | H8: 0 | I8: 0 | J8: 0 | K8: =IF(COUNTA(J8)=0,"",1-J8) -> 1 | N8: O03 | O8: 1 | P8: CLOSE | Q8: PRONTO | R8: 0.00438 | S8: 0.856057 | T8: OK CLOSE_DONE ATTACHED peca_1 | U8: 0 | V8: 0 | W8: 0 | X8: =IF(COUNTA(W8)=0,"",1-W8) -> 1 | AA8: O13 | AB8: 1 | AC8: CLOSE | AD8: PRONTO | AE8: 0.003996 | AF8: 0.896631 | AG8: OK CLOSE_DONE ATTACHED peca_1 | AH8: 0 | AI8: 0 | AJ8: 0 | AK8: =IF(COUNTA(AJ8)=0,"",1-AJ8) -> 1 | AN8: O17 | AO8: 1 | AP8: CLOSE | AQ8: PRONTO | AR8: 0.003679 | AS8: 0.859656 | AT8: OK CLOSE_DONE ATTACHED peca_1 | AU8: 0 | AV8: 0 | AW8: 0 | AX8: =IF(COUNTA(AW8)=0,"",1-AW8) -> 1
A9: O07 | B9: 1 | C9: TARGET_PLACE | D9: PRONTO | E9: 0.003239 | F9: 0.370233 | G9: OK TARGET_DONE | H9: 0 | I9: 0 | J9: 0 | K9: =IF(COUNTA(J9)=0,"",1-J9) -> 1 | N9: O03 | O9: 1 | P9: TARGET_PLACE | Q9: PRONTO | R9: 0.002032 | S9: 0.381924 | T9: OK TARGET_DONE | U9: 0 | V9: 0 | W9: 0 | X9: =IF(COUNTA(W9)=0,"",1-W9) -> 1 | AA9: O13 | AB9: 1 | AC9: TARGET_PLACE | AD9: PRONTO | AE9: 0.003239 | AF9: 0.370233 | AG9: OK TARGET_DONE | AH9: 0 | AI9: 0 | AJ9: 0 | AK9: =IF(COUNTA(AJ9)=0,"",1-AJ9) -> 1 | AN9: O17 | AO9: 1 | AP9: TARGET_PLACE | AQ9: PRONTO | AR9: 0.001778 | AS9: 0.35488 | AT9: OK TARGET_DONE | AU9: 0 | AV9: 0 | AW9: 0 | AX9: =IF(COUNTA(AW9)=0,"",1-AW9) -> 1
A10: O07 | B10: 1 | C10: MOVE_PLACE | D10: PRONTO | E10: 15.516834 | F10: 0.475047 | G10: OK MOVE_DONE | H10: 0 | I10: 0 | J10: 0 | K10: =IF(COUNTA(J10)=0,"",1-J10) -> 1 | N10: O03 | O10: 1 | P10: MOVE_PLACE | Q10: PRONTO | R10: 16.321599 | S10: 0.468434 | T10: OK MOVE_DONE | U10: 0 | V10: 0 | W10: 0 | X10: =IF(COUNTA(W10)=0,"",1-W10) -> 1 | AA10: O13 | AB10: 1 | AC10: MOVE_PLACE | AD10: PRONTO | AE10: 15.516834 | AF10: 0.475047 | AG10: OK MOVE_DONE | AH10: 0 | AI10: 0 | AJ10: 0 | AK10: =IF(COUNTA(AJ10)=0,"",1-AJ10) -> 1 | AN10: O17 | AO10: 1 | AP10: MOVE_PLACE | AQ10: PRONTO | AR10: 14.829521 | AS10: 0.419525 | AT10: OK MOVE_DONE | AU10: 0 | AV10: 0 | AW10: 0 | AX10: =IF(COUNTA(AW10)=0,"",1-AW10) -> 1
A11: O07 | B11: 1 | C11: OPEN | D11: PRONTO | E11: 0.005389 | F11: 0.366618 | G11: OK OPEN_DONE | H11: 0 | I11: 0 | J11: 0 | K11: =IF(COUNTA(J11)=0,"",1-J11) -> 1 | N11: O03 | O11: 1 | P11: OPEN | Q11: PRONTO | R11: 0.003534 | S11: 0.371265 | T11: OK OPEN_DONE | U11: 0 | V11: 0 | W11: 0 | X11: =IF(COUNTA(W11)=0,"",1-W11) -> 1 | AA11: O13 | AB11: 1 | AC11: OPEN | AD11: PRONTO | AE11: 0.005389 | AF11: 0.366618 | AG11: OK OPEN_DONE | AH11: 0 | AI11: 0 | AJ11: 0 | AK11: =IF(COUNTA(AJ11)=0,"",1-AJ11) -> 1 | AN11: O17 | AO11: 1 | AP11: OPEN | AQ11: PRONTO | AR11: 0.003474 | AS11: 0.374508 | AT11: OK OPEN_DONE | AU11: 0 | AV11: 0 | AW11: 0 | AX11: =IF(COUNTA(AW11)=0,"",1-AW11) -> 1
A12: O07 | B12: 1 | C12: FINISH_HOME | D12: PRONTO | E12: 13.673701 | F12: 0.47426 | G12: OK FINISH_DONE | H12: 0 | I12: 0 | J12: 0 | K12: =IF(COUNTA(J12)=0,"",1-J12) -> 1 | N12: O03 | O12: 1 | P12: FINISH_HOME | Q12: PRONTO | R12: 13.713731 | S12: 0.473209 | T12: OK FINISH_DONE | U12: 0 | V12: 0 | W12: 0 | X12: =IF(COUNTA(W12)=0,"",1-W12) -> 1 | AA12: O13 | AB12: 1 | AC12: FINISH_HOME | AD12: PRONTO | AE12: 13.673701 | AF12: 0.47426 | AG12: OK FINISH_DONE | AH12: 0 | AI12: 0 | AJ12: 0 | AK12: =IF(COUNTA(AJ12)=0,"",1-AJ12) -> 1 | AN12: O17 | AO12: 1 | AP12: FINISH_HOME | AQ12: PRONTO | AR12: 12.867663 | AS12: 0.420811 | AT12: OK FINISH_DONE | AU12: 0 | AV12: 0 | AW12: 0 | AX12: =IF(COUNTA(AW12)=0,"",1-AW12) -> 1
A13: O07 | B13: 2 | C13: PICK | D13: PRONTO | E13: 0.451503 | F13: - | G13: OK PICK_DONE peca_2 | H13: 0 | I13: 0 | J13: 0 | K13: =IF(COUNTA(J13)=0,"",1-J13) -> 1 | N13: O03 | O13: 2 | P13: PICK | Q13: PRONTO | R13: 0.447056 | S13: - | T13: OK PICK_DONE peca_2 | U13: 0 | V13: 0 | W13: 0 | X13: =IF(COUNTA(W13)=0,"",1-W13) -> 1 | AA13: O13 | AB13: 2 | AC13: PICK | AD13: PRONTO | AE13: 0.451503 | AF13: - | AG13: OK PICK_DONE peca_2 | AH13: 0 | AI13: 0 | AJ13: 0 | AK13: =IF(COUNTA(AJ13)=0,"",1-AJ13) -> 1 | AN13: O17 | AO13: 2 | AP13: PICK | AQ13: PRONTO | AR13: 0.451189 | AS13: - | AT13: OK PICK_DONE peca_2 | AU13: 0 | AV13: 0 | AW13: 0 | AX13: =IF(COUNTA(AW13)=0,"",1-AW13) -> 1
A14: O07 | B14: 2 | C14: TARGET_PICK | D14: PRONTO | E14: 0.000512 | F14: 0.353763 | G14: OK TARGET_DONE | H14: 0 | I14: 0 | J14: 0 | K14: =IF(COUNTA(J14)=0,"",1-J14) -> 1 | N14: O03 | O14: 2 | P14: TARGET_PICK | Q14: PRONTO | R14: 0.003103 | S14: 0.417404 | T14: OK TARGET_DONE | U14: 0 | V14: 0 | W14: 0 | X14: =IF(COUNTA(W14)=0,"",1-W14) -> 1 | AA14: O13 | AB14: 2 | AC14: TARGET_PICK | AD14: PRONTO | AE14: 0.000512 | AF14: 0.353763 | AG14: OK TARGET_DONE | AH14: 0 | AI14: 0 | AJ14: 0 | AK14: =IF(COUNTA(AJ14)=0,"",1-AJ14) -> 1 | AN14: O17 | AO14: 2 | AP14: TARGET_PICK | AQ14: PRONTO | AR14: 0.001201 | AS14: 0.339431 | AT14: OK TARGET_DONE | AU14: 0 | AV14: 0 | AW14: 0 | AX14: =IF(COUNTA(AW14)=0,"",1-AW14) -> 1
A15: O07 | B15: 2 | C15: MOVE_PICK | D15: PRONTO | E15: 18.448658 | F15: 0.480555 | G15: OK MOVE_DONE | H15: 0 | I15: 0 | J15: 0 | K15: =IF(COUNTA(J15)=0,"",1-J15) -> 1 | N15: O03 | O15: 2 | P15: MOVE_PICK | Q15: PRONTO | R15: 17.023722 | S15: 0.461379 | T15: OK MOVE_DONE | U15: 0 | V15: 0 | W15: 0 | X15: =IF(COUNTA(W15)=0,"",1-W15) -> 1 | AA15: O13 | AB15: 2 | AC15: MOVE_PICK | AD15: PRONTO | AE15: 18.448658 | AF15: 0.480555 | AG15: OK MOVE_DONE | AH15: 0 | AI15: 0 | AJ15: 0 | AK15: =IF(COUNTA(AJ15)=0,"",1-AJ15) -> 1 | AN15: O17 | AO15: 2 | AP15: MOVE_PICK | AQ15: PRONTO | AR15: 16.272718 | AS15: 0.432286 | AT15: OK MOVE_DONE | AU15: 0 | AV15: 0 | AW15: 0 | AX15: =IF(COUNTA(AW15)=0,"",1-AW15) -> 1
A16: O07 | B16: 2 | C16: CLOSE | D16: PRONTO | E16: 0.00427 | F16: 0.889976 | G16: OK CLOSE_DONE ATTACHED peca_2 | H16: 0 | I16: 0 | J16: 0 | K16: =IF(COUNTA(J16)=0,"",1-J16) -> 1 | N16: O03 | O16: 2 | P16: CLOSE | Q16: PRONTO | R16: 0.005322 | S16: 0.847202 | T16: OK CLOSE_DONE ATTACHED peca_2 | U16: 0 | V16: 0 | W16: 0 | X16: =IF(COUNTA(W16)=0,"",1-W16) -> 1 | AA16: O13 | AB16: 2 | AC16: CLOSE | AD16: PRONTO | AE16: 0.00427 | AF16: 0.889976 | AG16: OK CLOSE_DONE ATTACHED peca_2 | AH16: 0 | AI16: 0 | AJ16: 0 | AK16: =IF(COUNTA(AJ16)=0,"",1-AJ16) -> 1 | AN16: O17 | AO16: 2 | AP16: CLOSE | AQ16: PRONTO | AR16: 0.003425 | AS16: 0.835527 | AT16: OK CLOSE_DONE ATTACHED peca_2 | AU16: 0 | AV16: 0 | AW16: 0 | AX16: =IF(COUNTA(AW16)=0,"",1-AW16) -> 1
A17: O07 | B17: 2 | C17: TARGET_PLACE | D17: PRONTO | E17: 0.001914 | F17: 0.384741 | G17: OK TARGET_DONE | H17: 0 | I17: 0 | J17: 0 | K17: =IF(COUNTA(J17)=0,"",1-J17) -> 1 | N17: O03 | O17: 2 | P17: TARGET_PLACE | Q17: PRONTO | R17: 0.001763 | S17: 0.383241 | T17: OK TARGET_DONE | U17: 0 | V17: 0 | W17: 0 | X17: =IF(COUNTA(W17)=0,"",1-W17) -> 1 | AA17: O13 | AB17: 2 | AC17: TARGET_PLACE | AD17: PRONTO | AE17: 0.001914 | AF17: 0.384741 | AG17: OK TARGET_DONE | AH17: 0 | AI17: 0 | AJ17: 0 | AK17: =IF(COUNTA(AJ17)=0,"",1-AJ17) -> 1 | AN17: O17 | AO17: 2 | AP17: TARGET_PLACE | AQ17: PRONTO | AR17: 0.002073 | AS17: 0.389362 | AT17: OK TARGET_DONE | AU17: 0 | AV17: 0 | AW17: 0 | AX17: =IF(COUNTA(AW17)=0,"",1-AW17) -> 1
A18: O07 | B18: 2 | C18: MOVE_PLACE | D18: PRONTO | E18: 15.716439 | F18: 0.462758 | G18: OK MOVE_DONE | H18: 0 | I18: 0 | J18: 0 | K18: =IF(COUNTA(J18)=0,"",1-J18) -> 1 | N18: O03 | O18: 2 | P18: MOVE_PLACE | Q18: PRONTO | R18: 16.496591 | S18: 0.462456 | T18: OK MOVE_DONE | U18: 0 | V18: 0 | W18: 0 | X18: =IF(COUNTA(W18)=0,"",1-W18) -> 1 | AA18: O13 | AB18: 2 | AC18: MOVE_PLACE | AD18: PRONTO | AE18: 15.716439 | AF18: 0.462758 | AG18: OK MOVE_DONE | AH18: 0 | AI18: 0 | AJ18: 0 | AK18: =IF(COUNTA(AJ18)=0,"",1-AJ18) -> 1 | AN18: O17 | AO18: 2 | AP18: MOVE_PLACE | AQ18: PRONTO | AR18: 14.980569 | AS18: 0.438789 | AT18: OK MOVE_DONE | AU18: 0 | AV18: 0 | AW18: 0 | AX18: =IF(COUNTA(AW18)=0,"",1-AW18) -> 1
A19: O07 | B19: 2 | C19: OPEN | D19: PRONTO | E19: 0.003881 | F19: 0.349242 | G19: OK OPEN_DONE | H19: 0 | I19: 0 | J19: 0 | K19: =IF(COUNTA(J19)=0,"",1-J19) -> 1 | N19: O03 | O19: 2 | P19: OPEN | Q19: PRONTO | R19: 0.004176 | S19: 0.381921 | T19: OK OPEN_DONE | U19: 0 | V19: 0 | W19: 0 | X19: =IF(COUNTA(W19)=0,"",1-W19) -> 1 | AA19: O13 | AB19: 2 | AC19: OPEN | AD19: PRONTO | AE19: 0.003881 | AF19: 0.349242 | AG19: OK OPEN_DONE | AH19: 0 | AI19: 0 | AJ19: 0 | AK19: =IF(COUNTA(AJ19)=0,"",1-AJ19) -> 1 | AN19: O17 | AO19: 2 | AP19: OPEN | AQ19: PRONTO | AR19: 0.005362 | AS19: 0.354215 | AT19: OK OPEN_DONE | AU19: 0 | AV19: 0 | AW19: 0 | AX19: =IF(COUNTA(AW19)=0,"",1-AW19) -> 1
A20: O07 | B20: 2 | C20: FINISH_HOME | D20: PRONTO | E20: 14.192908 | F20: 0.455642 | G20: OK FINISH_DONE | H20: 0 | I20: 0 | J20: 0 | K20: =IF(COUNTA(J20)=0,"",1-J20) -> 1 | N20: O03 | O20: 2 | P20: FINISH_HOME | Q20: PRONTO | R20: 13.714342 | S20: 0.454599 | T20: OK FINISH_DONE | U20: 0 | V20: 0 | W20: 0 | X20: =IF(COUNTA(W20)=0,"",1-W20) -> 1 | AA20: O13 | AB20: 2 | AC20: FINISH_HOME | AD20: PRONTO | AE20: 14.192908 | AF20: 0.455642 | AG20: OK FINISH_DONE | AH20: 0 | AI20: 0 | AJ20: 0 | AK20: =IF(COUNTA(AJ20)=0,"",1-AJ20) -> 1 | AN20: O17 | AO20: 2 | AP20: FINISH_HOME | AQ20: PRONTO | AR20: 12.374837 | AS20: 0.366838 | AT20: OK FINISH_DONE | AU20: 0 | AV20: 0 | AW20: 0 | AX20: =IF(COUNTA(AW20)=0,"",1-AW20) -> 1
A21: O07 | B21: 3 | C21: PICK | D21: PRONTO | E21: 0.451643 | F21: - | G21: OK PICK_DONE peca_3 | H21: 0 | I21: 0 | J21: 0 | K21: =IF(COUNTA(J21)=0,"",1-J21) -> 1 | N21: O03 | O21: 3 | P21: PICK | Q21: PRONTO | R21: 0.45185 | S21: - | T21: OK PICK_DONE peca_3 | U21: 0 | V21: 0 | W21: 0 | X21: =IF(COUNTA(W21)=0,"",1-W21) -> 1 | AA21: O13 | AB21: 3 | AC21: PICK | AD21: PRONTO | AE21: 0.451643 | AF21: - | AG21: OK PICK_DONE peca_3 | AH21: 0 | AI21: 0 | AJ21: 0 | AK21: =IF(COUNTA(AJ21)=0,"",1-AJ21) -> 1 | AN21: O17 | AO21: 3 | AP21: PICK | AQ21: PRONTO | AR21: 0.451805 | AS21: - | AT21: OK PICK_DONE peca_3 | AU21: 0 | AV21: 0 | AW21: 0 | AX21: =IF(COUNTA(AW21)=0,"",1-AW21) -> 1
A22: O07 | B22: 3 | C22: TARGET_PICK | D22: PRONTO | E22: 0.002962 | F22: 0.352598 | G22: OK TARGET_DONE | H22: 0 | I22: 0 | J22: 0 | K22: =IF(COUNTA(J22)=0,"",1-J22) -> 1 | N22: O03 | O22: 3 | P22: TARGET_PICK | Q22: PRONTO | R22: 0.001679 | S22: 0.365546 | T22: OK TARGET_DONE | U22: 0 | V22: 0 | W22: 0 | X22: =IF(COUNTA(W22)=0,"",1-W22) -> 1 | AA22: O13 | AB22: 3 | AC22: TARGET_PICK | AD22: PRONTO | AE22: 0.002962 | AF22: 0.352598 | AG22: OK TARGET_DONE | AH22: 0 | AI22: 0 | AJ22: 0 | AK22: =IF(COUNTA(AJ22)=0,"",1-AJ22) -> 1 | AN22: O17 | AO22: 3 | AP22: TARGET_PICK | AQ22: PRONTO | AR22: 0.001828 | AS22: 0.327699 | AT22: OK TARGET_DONE | AU22: 0 | AV22: 0 | AW22: 0 | AX22: =IF(COUNTA(AW22)=0,"",1-AW22) -> 1
A23: O07 | B23: 3 | C23: MOVE_PICK | D23: PRONTO | E23: 17.036865 | F23: 0.473771 | G23: OK MOVE_DONE | H23: 0 | I23: 0 | J23: 0 | K23: =IF(COUNTA(J23)=0,"",1-J23) -> 1 | N23: O03 | O23: 3 | P23: MOVE_PICK | Q23: PRONTO | R23: 16.969618 | S23: 0.4585 | T23: OK MOVE_DONE | U23: 0 | V23: 0 | W23: 0 | X23: =IF(COUNTA(W23)=0,"",1-W23) -> 1 | AA23: O13 | AB23: 3 | AC23: MOVE_PICK | AD23: PRONTO | AE23: 17.036865 | AF23: 0.473771 | AG23: OK MOVE_DONE | AH23: 0 | AI23: 0 | AJ23: 0 | AK23: =IF(COUNTA(AJ23)=0,"",1-AJ23) -> 1 | AN23: O17 | AO23: 3 | AP23: MOVE_PICK | AQ23: PRONTO | AR23: 17.405381 | AS23: 0.429468 | AT23: OK MOVE_DONE | AU23: 0 | AV23: 0 | AW23: 0 | AX23: =IF(COUNTA(AW23)=0,"",1-AW23) -> 1
A24: O07 | B24: 3 | C24: CLOSE | D24: PRONTO | E24: 0.005113 | F24: 0.835024 | G24: OK CLOSE_DONE ATTACHED peca_3 | H24: 0 | I24: 0 | J24: 0 | K24: =IF(COUNTA(J24)=0,"",1-J24) -> 1 | N24: O03 | O24: 3 | P24: CLOSE | Q24: PRONTO | R24: 0.004731 | S24: 0.887052 | T24: OK CLOSE_DONE ATTACHED peca_3 | U24: 0 | V24: 0 | W24: 0 | X24: =IF(COUNTA(W24)=0,"",1-W24) -> 1 | AA24: O13 | AB24: 3 | AC24: CLOSE | AD24: PRONTO | AE24: 0.005113 | AF24: 0.835024 | AG24: OK CLOSE_DONE ATTACHED peca_3 | AH24: 0 | AI24: 0 | AJ24: 0 | AK24: =IF(COUNTA(AJ24)=0,"",1-AJ24) -> 1 | AN24: O17 | AO24: 3 | AP24: CLOSE | AQ24: PRONTO | AR24: 0.006244 | AS24: 0.871322 | AT24: OK CLOSE_DONE ATTACHED peca_3 | AU24: 0 | AV24: 0 | AW24: 0 | AX24: =IF(COUNTA(AW24)=0,"",1-AW24) -> 1
A25: O07 | B25: 3 | C25: TARGET_PLACE | D25: PRONTO | E25: 0.001623 | F25: 0.381623 | G25: OK TARGET_DONE | H25: 0 | I25: 0 | J25: 0 | K25: =IF(COUNTA(J25)=0,"",1-J25) -> 1 | N25: O03 | O25: 3 | P25: TARGET_PLACE | Q25: PRONTO | R25: 0.002104 | S25: 0.369371 | T25: OK TARGET_DONE | U25: 0 | V25: 0 | W25: 0 | X25: =IF(COUNTA(W25)=0,"",1-W25) -> 1 | AA25: O13 | AB25: 3 | AC25: TARGET_PLACE | AD25: PRONTO | AE25: 0.001623 | AF25: 0.381623 | AG25: OK TARGET_DONE | AH25: 0 | AI25: 0 | AJ25: 0 | AK25: =IF(COUNTA(AJ25)=0,"",1-AJ25) -> 1 | AN25: O17 | AO25: 3 | AP25: TARGET_PLACE | AQ25: PRONTO | AR25: 0.004916 | AS25: 0.357135 | AT25: OK TARGET_DONE | AU25: 0 | AV25: 0 | AW25: 0 | AX25: =IF(COUNTA(AW25)=0,"",1-AW25) -> 1
A26: O07 | B26: 3 | C26: MOVE_PLACE | D26: PRONTO | E26: 15.3948 | F26: 0.462914 | G26: OK MOVE_DONE | H26: 0 | I26: 0 | J26: 0 | K26: =IF(COUNTA(J26)=0,"",1-J26) -> 1 | N26: O03 | O26: 3 | P26: MOVE_PLACE | Q26: PRONTO | R26: 16.384517 | S26: 0.475954 | T26: OK MOVE_DONE | U26: 0 | V26: 0 | W26: 0 | X26: =IF(COUNTA(W26)=0,"",1-W26) -> 1 | AA26: O13 | AB26: 3 | AC26: MOVE_PLACE | AD26: PRONTO | AE26: 15.3948 | AF26: 0.462914 | AG26: OK MOVE_DONE | AH26: 0 | AI26: 0 | AJ26: 0 | AK26: =IF(COUNTA(AJ26)=0,"",1-AJ26) -> 1 | AN26: O17 | AO26: 3 | AP26: MOVE_PLACE | AQ26: PRONTO | AR26: 14.837406 | AS26: 0.423091 | AT26: OK MOVE_DONE | AU26: 0 | AV26: 0 | AW26: 0 | AX26: =IF(COUNTA(AW26)=0,"",1-AW26) -> 1
A27: O07 | B27: 3 | C27: OPEN | D27: PRONTO | E27: 0.005525 | F27: 0.354525 | G27: OK OPEN_DONE | H27: 0 | I27: 0 | J27: 0 | K27: =IF(COUNTA(J27)=0,"",1-J27) -> 1 | N27: O03 | O27: 3 | P27: OPEN | Q27: PRONTO | R27: 0.004485 | S27: 0.321867 | T27: OK OPEN_DONE | U27: 0 | V27: 0 | W27: 0 | X27: =IF(COUNTA(W27)=0,"",1-W27) -> 1 | AA27: O13 | AB27: 3 | AC27: OPEN | AD27: PRONTO | AE27: 0.005525 | AF27: 0.354525 | AG27: OK OPEN_DONE | AH27: 0 | AI27: 0 | AJ27: 0 | AK27: =IF(COUNTA(AJ27)=0,"",1-AJ27) -> 1 | AN27: O17 | AO27: 3 | AP27: OPEN | AQ27: PRONTO | AR27: 0.002918 | AS27: 0.349848 | AT27: OK OPEN_DONE | AU27: 0 | AV27: 0 | AW27: 0 | AX27: =IF(COUNTA(AW27)=0,"",1-AW27) -> 1
A28: O07 | B28: 3 | C28: FINISH_HOME | D28: PRONTO | E28: 13.67624 | F28: 0.481464 | G28: OK FINISH_DONE | H28: 0 | I28: 0 | J28: 0 | K28: =IF(COUNTA(J28)=0,"",1-J28) -> 1 | N28: O03 | O28: 3 | P28: FINISH_HOME | Q28: PRONTO | R28: 14.242853 | S28: 0.474935 | T28: OK FINISH_DONE | U28: 0 | V28: 0 | W28: 0 | X28: =IF(COUNTA(W28)=0,"",1-W28) -> 1 | AA28: O13 | AB28: 3 | AC28: FINISH_HOME | AD28: PRONTO | AE28: 13.67624 | AF28: 0.481464 | AG28: OK FINISH_DONE | AH28: 0 | AI28: 0 | AJ28: 0 | AK28: =IF(COUNTA(AJ28)=0,"",1-AJ28) -> 1 | AN28: O17 | AO28: 3 | AP28: FINISH_HOME | AQ28: PRONTO | AR28: 13.043766 | AS28: 0.434888 | AT28: OK FINISH_DONE | AU28: 0 | AV28: 0 | AW28: 0 | AX28: =IF(COUNTA(AW28)=0,"",1-AW28) -> 1
A29: O07 | B29: 4 | C29: PICK | D29: PRONTO | E29: 0.4517 | F29: - | G29: OK PICK_DONE peca_4 | H29: 0 | I29: 0 | J29: 0 | K29: =IF(COUNTA(J29)=0,"",1-J29) -> 1 | N29: O03 | O29: 4 | P29: PICK | Q29: PRONTO | R29: 0.45189 | S29: - | T29: OK PICK_DONE peca_4 | U29: 0 | V29: 0 | W29: 0 | X29: =IF(COUNTA(W29)=0,"",1-W29) -> 1 | AA29: O13 | AB29: 4 | AC29: PICK | AD29: PRONTO | AE29: 0.4517 | AF29: - | AG29: OK PICK_DONE peca_4 | AH29: 0 | AI29: 0 | AJ29: 0 | AK29: =IF(COUNTA(AJ29)=0,"",1-AJ29) -> 1 | AN29: O17 | AO29: 4 | AP29: PICK | AQ29: PRONTO | AR29: 0.451616 | AS29: - | AT29: OK PICK_DONE peca_4 | AU29: 0 | AV29: 0 | AW29: 0 | AX29: =IF(COUNTA(AW29)=0,"",1-AW29) -> 1
A30: O07 | B30: 4 | C30: TARGET_PICK | D30: PRONTO | E30: 0.001953 | F30: 0.367575 | G30: OK TARGET_DONE | H30: 0 | I30: 0 | J30: 0 | K30: =IF(COUNTA(J30)=0,"",1-J30) -> 1 | N30: O03 | O30: 4 | P30: TARGET_PICK | Q30: PRONTO | R30: 0.00162 | S30: 0.368317 | T30: OK TARGET_DONE | U30: 0 | V30: 0 | W30: 0 | X30: =IF(COUNTA(W30)=0,"",1-W30) -> 1 | AA30: O13 | AB30: 4 | AC30: TARGET_PICK | AD30: PRONTO | AE30: 0.001953 | AF30: 0.367575 | AG30: OK TARGET_DONE | AH30: 0 | AI30: 0 | AJ30: 0 | AK30: =IF(COUNTA(AJ30)=0,"",1-AJ30) -> 1 | AN30: O17 | AO30: 4 | AP30: TARGET_PICK | AQ30: PRONTO | AR30: 0.00154 | AS30: 0.355292 | AT30: OK TARGET_DONE | AU30: 0 | AV30: 0 | AW30: 0 | AX30: =IF(COUNTA(AW30)=0,"",1-AW30) -> 1
A31: O07 | B31: 4 | C31: MOVE_PICK | D31: PRONTO | E31: 18.529327 | F31: 0.459983 | G31: OK MOVE_DONE | H31: 0 | I31: 0 | J31: 0 | K31: =IF(COUNTA(J31)=0,"",1-J31) -> 1 | N31: O03 | O31: 4 | P31: MOVE_PICK | Q31: PRONTO | R31: 17.001747 | S31: 0.457062 | T31: OK MOVE_DONE | U31: 0 | V31: 0 | W31: 0 | X31: =IF(COUNTA(W31)=0,"",1-W31) -> 1 | AA31: O13 | AB31: 4 | AC31: MOVE_PICK | AD31: PRONTO | AE31: 18.529327 | AF31: 0.459983 | AG31: OK MOVE_DONE | AH31: 0 | AI31: 0 | AJ31: 0 | AK31: =IF(COUNTA(AJ31)=0,"",1-AJ31) -> 1 | AN31: O17 | AO31: 4 | AP31: MOVE_PICK | AQ31: PRONTO | AR31: 16.278464 | AS31: 0.428759 | AT31: OK MOVE_DONE | AU31: 0 | AV31: 0 | AW31: 0 | AX31: =IF(COUNTA(AW31)=0,"",1-AW31) -> 1
A32: O07 | B32: 4 | C32: CLOSE | D32: PRONTO | E32: 0.004572 | F32: 0.903103 | G32: OK CLOSE_DONE ATTACHED peca_4 | H32: 0 | I32: 0 | J32: 0 | K32: =IF(COUNTA(J32)=0,"",1-J32) -> 1 | N32: O03 | O32: 4 | P32: CLOSE | Q32: PRONTO | R32: 0.003992 | S32: 0.897078 | T32: OK CLOSE_DONE ATTACHED peca_4 | U32: 0 | V32: 0 | W32: 0 | X32: =IF(COUNTA(W32)=0,"",1-W32) -> 1 | AA32: O13 | AB32: 4 | AC32: CLOSE | AD32: PRONTO | AE32: 0.004572 | AF32: 0.903103 | AG32: OK CLOSE_DONE ATTACHED peca_4 | AH32: 0 | AI32: 0 | AJ32: 0 | AK32: =IF(COUNTA(AJ32)=0,"",1-AJ32) -> 1 | AN32: O17 | AO32: 4 | AP32: CLOSE | AQ32: PRONTO | AR32: 0.003273 | AS32: 0.861246 | AT32: OK CLOSE_DONE ATTACHED peca_4 | AU32: 0 | AV32: 0 | AW32: 0 | AX32: =IF(COUNTA(AW32)=0,"",1-AW32) -> 1
A33: O07 | B33: 4 | C33: TARGET_PLACE | D33: PRONTO | E33: 0.001882 | F33: 0.379779 | G33: OK TARGET_DONE | H33: 0 | I33: 0 | J33: 0 | K33: =IF(COUNTA(J33)=0,"",1-J33) -> 1 | N33: O03 | O33: 4 | P33: TARGET_PLACE | Q33: PRONTO | R33: 0.001789 | S33: 0.348831 | T33: OK TARGET_DONE | U33: 0 | V33: 0 | W33: 0 | X33: =IF(COUNTA(W33)=0,"",1-W33) -> 1 | AA33: O13 | AB33: 4 | AC33: TARGET_PLACE | AD33: PRONTO | AE33: 0.001882 | AF33: 0.379779 | AG33: OK TARGET_DONE | AH33: 0 | AI33: 0 | AJ33: 0 | AK33: =IF(COUNTA(AJ33)=0,"",1-AJ33) -> 1 | AN33: O17 | AO33: 4 | AP33: TARGET_PLACE | AQ33: PRONTO | AR33: 0.001466 | AS33: 0.356548 | AT33: OK TARGET_DONE | AU33: 0 | AV33: 0 | AW33: 0 | AX33: =IF(COUNTA(AW33)=0,"",1-AW33) -> 1
A34: O07 | B34: 4 | C34: MOVE_PLACE | D34: PRONTO | E34: 15.573747 | F34: 0.476575 | G34: OK MOVE_DONE | H34: 0 | I34: 0 | J34: 0 | K34: =IF(COUNTA(J34)=0,"",1-J34) -> 1 | N34: O03 | O34: 4 | P34: MOVE_PLACE | Q34: PRONTO | R34: 16.436484 | S34: 0.477009 | T34: OK MOVE_DONE | U34: 0 | V34: 0 | W34: 0 | X34: =IF(COUNTA(W34)=0,"",1-W34) -> 1 | AA34: O13 | AB34: 4 | AC34: MOVE_PLACE | AD34: PRONTO | AE34: 15.573747 | AF34: 0.476575 | AG34: OK MOVE_DONE | AH34: 0 | AI34: 0 | AJ34: 0 | AK34: =IF(COUNTA(AJ34)=0,"",1-AJ34) -> 1 | AN34: O17 | AO34: 4 | AP34: MOVE_PLACE | AQ34: PRONTO | AR34: 14.885554 | AS34: 0.439387 | AT34: OK MOVE_DONE | AU34: 0 | AV34: 0 | AW34: 0 | AX34: =IF(COUNTA(AW34)=0,"",1-AW34) -> 1
A35: O07 | B35: 4 | C35: OPEN | D35: PRONTO | E35: 0.004154 | F35: 0.344982 | G35: OK OPEN_DONE | H35: 0 | I35: 0 | J35: 0 | K35: =IF(COUNTA(J35)=0,"",1-J35) -> 1 | N35: O03 | O35: 4 | P35: OPEN | Q35: PRONTO | R35: 0.003608 | S35: 0.396309 | T35: OK OPEN_DONE | U35: 0 | V35: 0 | W35: 0 | X35: =IF(COUNTA(W35)=0,"",1-W35) -> 1 | AA35: O13 | AB35: 4 | AC35: OPEN | AD35: PRONTO | AE35: 0.004154 | AF35: 0.344982 | AG35: OK OPEN_DONE | AH35: 0 | AI35: 0 | AJ35: 0 | AK35: =IF(COUNTA(AJ35)=0,"",1-AJ35) -> 1 | AN35: O17 | AO35: 4 | AP35: OPEN | AQ35: PRONTO | AR35: 0.00346 | AS35: 0.325911 | AT35: OK OPEN_DONE | AU35: 0 | AV35: 0 | AW35: 0 | AX35: =IF(COUNTA(AW35)=0,"",1-AW35) -> 1
A36: O07 | B36: 4 | C36: FINISH_HOME | D36: PRONTO | E36: 13.621559 | F36: 0.474871 | G36: OK FINISH_DONE | H36: 0 | I36: 0 | J36: 0 | K36: =IF(COUNTA(J36)=0,"",1-J36) -> 1 | N36: O03 | O36: 4 | P36: FINISH_HOME | Q36: PRONTO | R36: 14.277536 | S36: 0.474014 | T36: OK FINISH_DONE | U36: 0 | V36: 0 | W36: 0 | X36: =IF(COUNTA(W36)=0,"",1-W36) -> 1 | AA36: O13 | AB36: 4 | AC36: FINISH_HOME | AD36: PRONTO | AE36: 13.621559 | AF36: 0.474871 | AG36: OK FINISH_DONE | AH36: 0 | AI36: 0 | AJ36: 0 | AK36: =IF(COUNTA(AJ36)=0,"",1-AJ36) -> 1 | AN36: O17 | AO36: 4 | AP36: FINISH_HOME | AQ36: PRONTO | AR36: 12.4731 | AS36: 0.419251 | AT36: OK FINISH_DONE | AU36: 0 | AV36: 0 | AW36: 0 | AX36: =IF(COUNTA(AW36)=0,"",1-AW36) -> 1
A37: O07 | B37: 5 | C37: PICK | D37: PRONTO | E37: 0.455471 | F37: - | G37: OK PICK_DONE peca_5 | H37: 0 | I37: 0 | J37: 0 | K37: =IF(COUNTA(J37)=0,"",1-J37) -> 1 | N37: O03 | O37: 5 | P37: PICK | Q37: PRONTO | R37: 0.453172 | S37: - | T37: OK PICK_DONE peca_5 | U37: 0 | V37: 0 | W37: 0 | X37: =IF(COUNTA(W37)=0,"",1-W37) -> 1 | AA37: O13 | AB37: 5 | AC37: PICK | AD37: PRONTO | AE37: 0.455471 | AF37: - | AG37: OK PICK_DONE peca_5 | AH37: 0 | AI37: 0 | AJ37: 0 | AK37: =IF(COUNTA(AJ37)=0,"",1-AJ37) -> 1 | AN37: O17 | AO37: 5 | AP37: PICK | AQ37: PRONTO | AR37: 0.452511 | AS37: - | AT37: OK PICK_DONE peca_5 | AU37: 0 | AV37: 0 | AW37: 0 | AX37: =IF(COUNTA(AW37)=0,"",1-AW37) -> 1
A38: O07 | B38: 5 | C38: TARGET_PICK | D38: PRONTO | E38: 0.00246 | F38: 0.349371 | G38: OK TARGET_DONE | H38: 0 | I38: 0 | J38: 0 | K38: =IF(COUNTA(J38)=0,"",1-J38) -> 1 | N38: O03 | O38: 5 | P38: TARGET_PICK | Q38: PRONTO | R38: 0.001976 | S38: 0.367106 | T38: OK TARGET_DONE | U38: 0 | V38: 0 | W38: 0 | X38: =IF(COUNTA(W38)=0,"",1-W38) -> 1 | AA38: O13 | AB38: 5 | AC38: TARGET_PICK | AD38: PRONTO | AE38: 0.00246 | AF38: 0.349371 | AG38: OK TARGET_DONE | AH38: 0 | AI38: 0 | AJ38: 0 | AK38: =IF(COUNTA(AJ38)=0,"",1-AJ38) -> 1 | AN38: O17 | AO38: 5 | AP38: TARGET_PICK | AQ38: PRONTO | AR38: 0.001829 | AS38: 0.342534 | AT38: OK TARGET_DONE | AU38: 0 | AV38: 0 | AW38: 0 | AX38: =IF(COUNTA(AW38)=0,"",1-AW38) -> 1
A39: O07 | B39: 5 | C39: MOVE_PICK | D39: PRONTO | E39: 17.042987 | F39: 0.474662 | G39: OK MOVE_DONE | H39: 0 | I39: 0 | J39: 0 | K39: =IF(COUNTA(J39)=0,"",1-J39) -> 1 | N39: O03 | O39: 5 | P39: MOVE_PICK | Q39: PRONTO | R39: 16.950292 | S39: 0.458175 | T39: OK MOVE_DONE | U39: 0 | V39: 0 | W39: 0 | X39: =IF(COUNTA(W39)=0,"",1-W39) -> 1 | AA39: O13 | AB39: 5 | AC39: MOVE_PICK | AD39: PRONTO | AE39: 17.042987 | AF39: 0.474662 | AG39: OK MOVE_DONE | AH39: 0 | AI39: 0 | AJ39: 0 | AK39: =IF(COUNTA(AJ39)=0,"",1-AJ39) -> 1 | AN39: O17 | AO39: 5 | AP39: MOVE_PICK | AQ39: PRONTO | AR39: 17.458629 | AS39: 0.415338 | AT39: OK MOVE_DONE | AU39: 0 | AV39: 0 | AW39: 0 | AX39: =IF(COUNTA(AW39)=0,"",1-AW39) -> 1
A40: O07 | B40: 5 | C40: CLOSE | D40: PRONTO | E40: 0.004267 | F40: 0.838212 | G40: OK CLOSE_DONE ATTACHED peca_5 | H40: 0 | I40: 0 | J40: 0 | K40: =IF(COUNTA(J40)=0,"",1-J40) -> 1 | N40: O03 | O40: 5 | P40: CLOSE | Q40: PRONTO | R40: 0.003824 | S40: 0.902671 | T40: OK CLOSE_DONE ATTACHED peca_5 | U40: 0 | V40: 0 | W40: 0 | X40: =IF(COUNTA(W40)=0,"",1-W40) -> 1 | AA40: O13 | AB40: 5 | AC40: CLOSE | AD40: PRONTO | AE40: 0.004267 | AF40: 0.838212 | AG40: OK CLOSE_DONE ATTACHED peca_5 | AH40: 0 | AI40: 0 | AJ40: 0 | AK40: =IF(COUNTA(AJ40)=0,"",1-AJ40) -> 1 | AN40: O17 | AO40: 5 | AP40: CLOSE | AQ40: PRONTO | AR40: 0.003367 | AS40: 0.830229 | AT40: OK CLOSE_DONE ATTACHED peca_5 | AU40: 0 | AV40: 0 | AW40: 0 | AX40: =IF(COUNTA(AW40)=0,"",1-AW40) -> 1
A41: O07 | B41: 5 | C41: TARGET_PLACE | D41: PRONTO | E41: 0.002042 | F41: 0.388026 | G41: OK TARGET_DONE | H41: 0 | I41: 0 | J41: 0 | K41: =IF(COUNTA(J41)=0,"",1-J41) -> 1 | N41: O03 | O41: 5 | P41: TARGET_PLACE | Q41: PRONTO | R41: 0.001725 | S41: 0.383538 | T41: OK TARGET_DONE | U41: 0 | V41: 0 | W41: 0 | X41: =IF(COUNTA(W41)=0,"",1-W41) -> 1 | AA41: O13 | AB41: 5 | AC41: TARGET_PLACE | AD41: PRONTO | AE41: 0.002042 | AF41: 0.388026 | AG41: OK TARGET_DONE | AH41: 0 | AI41: 0 | AJ41: 0 | AK41: =IF(COUNTA(AJ41)=0,"",1-AJ41) -> 1 | AN41: O17 | AO41: 5 | AP41: TARGET_PLACE | AQ41: PRONTO | AR41: 0.001501 | AS41: 0.356245 | AT41: OK TARGET_DONE | AU41: 0 | AV41: 0 | AW41: 0 | AX41: =IF(COUNTA(AW41)=0,"",1-AW41) -> 1
A42: O07 | B42: 5 | C42: MOVE_PLACE | D42: PRONTO | E42: 15.46286 | F42: 0.459752 | G42: OK MOVE_DONE | H42: 0 | I42: 0 | J42: 0 | K42: =IF(COUNTA(J42)=0,"",1-J42) -> 1 | N42: O03 | O42: 5 | P42: MOVE_PLACE | Q42: PRONTO | R42: 16.400644 | S42: 0.45985 | T42: OK MOVE_DONE | U42: 0 | V42: 0 | W42: 0 | X42: =IF(COUNTA(W42)=0,"",1-W42) -> 1 | AA42: O13 | AB42: 5 | AC42: MOVE_PLACE | AD42: PRONTO | AE42: 15.46286 | AF42: 0.459752 | AG42: OK MOVE_DONE | AH42: 0 | AI42: 0 | AJ42: 0 | AK42: =IF(COUNTA(AJ42)=0,"",1-AJ42) -> 1 | AN42: O17 | AO42: 5 | AP42: MOVE_PLACE | AQ42: PRONTO | AR42: 14.784844 | AS42: 0.423609 | AT42: OK MOVE_DONE | AU42: 0 | AV42: 0 | AW42: 0 | AX42: =IF(COUNTA(AW42)=0,"",1-AW42) -> 1
A43: O07 | B43: 5 | C43: OPEN | D43: PRONTO | E43: 0.003998 | F43: 0.364249 | G43: OK OPEN_DONE | H43: 0 | I43: 0 | J43: 0 | K43: =IF(COUNTA(J43)=0,"",1-J43) -> 1 | N43: O03 | O43: 5 | P43: OPEN | Q43: PRONTO | R43: 0.003982 | S43: 0.377714 | T43: OK OPEN_DONE | U43: 0 | V43: 0 | W43: 0 | X43: =IF(COUNTA(W43)=0,"",1-W43) -> 1 | AA43: O13 | AB43: 5 | AC43: OPEN | AD43: PRONTO | AE43: 0.003998 | AF43: 0.364249 | AG43: OK OPEN_DONE | AH43: 0 | AI43: 0 | AJ43: 0 | AK43: =IF(COUNTA(AJ43)=0,"",1-AJ43) -> 1 | AN43: O17 | AO43: 5 | AP43: OPEN | AQ43: PRONTO | AR43: 0.006495 | AS43: 0.347128 | AT43: OK OPEN_DONE | AU43: 0 | AV43: 0 | AW43: 0 | AX43: =IF(COUNTA(AW43)=0,"",1-AW43) -> 1
A44: O07 | B44: 5 | C44: FINISH_HOME | D44: PRONTO | E44: 13.726291 | F44: 0.459118 | G44: OK FINISH_DONE | H44: 0 | I44: 0 | J44: 0 | K44: =IF(COUNTA(J44)=0,"",1-J44) -> 1 | N44: O03 | O44: 5 | P44: FINISH_HOME | Q44: PRONTO | R44: 13.795137 | S44: 0.391731 | T44: OK FINISH_DONE | U44: 0 | V44: 0 | W44: 0 | X44: =IF(COUNTA(W44)=0,"",1-W44) -> 1 | AA44: O13 | AB44: 5 | AC44: FINISH_HOME | AD44: PRONTO | AE44: 13.726291 | AF44: 0.459118 | AG44: OK FINISH_DONE | AH44: 0 | AI44: 0 | AJ44: 0 | AK44: =IF(COUNTA(AJ44)=0,"",1-AJ44) -> 1 | AN44: O17 | AO44: 5 | AP44: FINISH_HOME | AQ44: PRONTO | AR44: 13.059123 | AS44: 0.40825 | AT44: OK FINISH_DONE | AU44: 0 | AV44: 0 | AW44: 0 | AX44: =IF(COUNTA(AW44)=0,"",1-AW44) -> 1
