Workbook

Sheet Definição obstáculos
A1: Definição dos obstáculos físicos e respetiva posição de colocação
A2: ID | B2: Objeto físico | C2: Comprimento (m) | D2: Largura (m) | E2: Altura (m) | F2: Centro X (m) | G2: Centro Y (m) | H2: Centro Z (m) | I2: Referencial | J2: Onde colocar fisicamente | K2: Comando para aparecer no RViz/Planning Scene
A3: OBS_H_P1 | B3: Caixa de sapatos horizontal | C3: 0.355 | D3: 0.255 | E3: 0.12 | F3: 0.932 | G3: 0.239 | H3: -0.18 | I3: base (45° rotação) | J3: Em cima da mesa — posição 1 | K3: ros2 topic pub --once /obstaculo_cmd std_msgs/msg/String "{data: 'ADD A OBS_H 0.9320 0.2390 -0.1800'}"
A4: OBS_H_P2 | B4: Caixa de sapatos horizontal | C4: 0.355 | D4: 0.255 | E4: 0.12 | F4: 0.577 | G4: 0.757 | H4: -0.18 | I4: base (45° rotação) | J4: Em cima da mesa no limite esquerdo da mesa — posição 2,5cm de extermidade | K4: ros2 topic pub --once /obstaculo_cmd std_msgs/msg/String "{data: 'ADD B OBS_H 0.5770 0.7570 -0.1800'}"
A5: OBS_H_P3 | B5: Caixa de sapatos horizontal | C5: 0.355 | D5: 0.255 | E5: 0.12 | F5: 1.45 | G5: -0.12 | H5: -0.18 | I5: base (45° rotação) | J5: Em cima da mesa encostado à parede direita -posição 3 | K5: ros2 topic pub --once /obstaculo_cmd std_msgs/msg/String "{data: 'ADD C OBS_H 1.4500 -0.1200 -0.1800'}"
A6: OBS_V_P1 | B6: Caixa de sapatos vertical | C6: 0.255 | D6: 0.12 | E6: 0.355 | F6: 1.017 | G6: 0.322 | H6: -0.0625 | I6: base (45° rotação) | J6: Em cima da mesa centrada— posição vertical 1 Medidas:centro nos 90cm riscas do meio a bater | K6: ros2 topic pub --once /obstaculo_cmd std_msgs/msg/String "{data: 'ADD D OBS_V 1.0170 0.3220 -0.0625'}"
A7: OBS_V_P2 | B7: Caixa de sapatos vertical | C7: 0.255 | D7: 0.12 | E7: 0.355 | F7: 0.495 | G7: 0.845 | H7: -0.0625 | I7: base (45° rotação) | J7: Em cima da mesa na extermidade esquerda da mesa — posição vertical 2 EXTERMIDADE ESQUERDA A 8,5CM | K7: ros2 topic pub --once /obstaculo_cmd std_msgs/msg/String "{data: 'ADD E OBS_V 0.4950 0.8450 -0.0625'}"
A8: OBS_H_P4 | B8: Caixa de sapatos horizontal | C8: 0.355 | D8: 0.255 | E8: 0.12 | F8: 1.02 | G8: 0.32 | H8: -0.18 | I8: base (45° rotação) | J8: Em cima da mesa centrada— posição horizontal 4 | K8: ros2 topic pub --once /obstaculo_cmd std_msgs/msg/String "{data: 'ADD F OBS_H 1.0200 0.3200 -0.1800'}"
A9: OBS_H_P5 | B9: Caixa de sapatos horizontal | C9: 0.355 | D9: 0.255 | E9: 0.12 | F9: 0.577 | G9: 0.757 | H9: -0.059 | I9: base (45° rotação) | J9: Em cima da mesa no limite esquerdo da mesa — posição 5 | K9: ros2 topic pub --once /obstaculo_cmd std_msgs/msg/String "{data: 'ADD G OBS_H 0.5770 0.7570 -0.0590'}"

Sheet Testes obstáculos
A1: Plano de testes com obstáculos — TM12 real + RViz/MoveIt — Caixa horizontal e vertical
A2: ID TESTE | B2: Tipo de teste | C2: Objetivo do teste | D2: ID obstáculo | E2: Onde colocar o objeto | F2: Comandos da sequência | G2: Resultado esperado | H2: Resultado obtido comando | I2: Resultado | J2: Observações | K2: Colisão evitada? | L2: Trajetória alterada? | M2: Distância tcp- obstáculo na sua pose final— IR_POSE 1 (mm) | N2: Distância tcp- obstáculo na sua pose final — IR_POSE 2 (mm) | O2: Distância tcp- obstáculo na sua pose final — IR_POSE 3 (mm) | P2: Nº de tentativas
A3: O01 | B3: Visualização | C3: Criar OBS_H na posição 1 e confirmar coincidência com a caixa física horizontal. | D3: OBS_H_P1 | E3: Em cima da mesa, caixa horizontal, posição 1. | F3: ros2 topic pub --once /obstaculo_cmd std_msgs/msg/String "{data: 'ADD A OBS_H 0.9320 0.2390 -0.1800'}" | G3: Obstáculo visível no RViz e coincidente com a caixa real. | H3: Obstáculo visível no RViz | I3: ✓ Sucesso visual | J3: Trajetória feita com sucesso sem colisão; desvia-se em vez de seguir em linha reta. | K3: - | L3: - | P3: 1
A4: O02 | B4: Bloqueio | C4: Validar que o robô não atravessa a caixa horizontal na posição 1. | D4: OBS_H_P1 | E4: Mesmo posicionamento do O01. | F4: ros2 topic pub --once /target_pose geometry_msgs/msg/PoseStamped "{header: {frame_id: 'base'}, pose: {position: {x: 0.932, y: 0.239, z: -0.180}, orientation: {x: 0.0, y: 1.0, z: 0.0, w: 0.0}}}" ros2 topic pub --once /tm12_step std_msgs/msg/String "{data: 'IR_POSE'}" | G4: ERROR MOVE_FAILED ou planeamento rejeitado de forma segura. | H4: ERRO MOVE_FAILED falha na descida | I4: ✓ Bloqueio seguro | J4: Erro esperado na descida por colisão com o objeto. TESTE DE SEGURANÇA APROVADO | K4: SIM | L4: NÃO | M4: 549.4247 | P4: 1
A5: O03 | B5: Contorno | C5: Executar movimento de um lado para o outro da caixa horizontal na posição 1. | D5: OBS_H_P1 | E5: Mesmo posicionamento do O01. | F5: ros2 topic pub --once /target_pose geometry_msgs/msg/PoseStamped "{header: {frame_id: 'base'}, pose: {position: {x: 1.050, y: -0.050, z: -0.140}, orientation: {x: 0.0, y: 1.0, z: 0.0, w: 0.0}}}" ros2 topic pub --once /tm12_step std_msgs/msg/String "{data: 'IR_POSE'}" ros2 topic pub --once /target_pose geometry_msgs/msg/PoseStamped "{header: {frame_id: 'base'}, pose: {position: {x: 0.700, y: 0.320, z: -0.140}, orientation: {x: 0.0, y: 1.0, z: 0.0, w: 0.0}}}" ros2 topic pub --once /tm12_step std_msgs/msg/String "{data: 'IR_POSE'}" | G5: OK MOVE_DONE com trajetória desviada e sem tocar no obstáculo. | H5: OK MOVE_DONE | I5: ✓ Sucesso execução | J5: Trajetória feita com sucesso sem colisão; desvia-se em vez de seguir em linha reta. | K5: SIM | L5: SIM | M5: 110.0773 | N5: 42.0562 | P5: 1
A6: O04 | B6: Repetição contorno | C6: Repetir O03 para confirmar consistência do planeamento com OBS_H_P1. | D6: OBS_H_P1 | E6: Mesmo posicionamento do O01. | F6: Repetir sequência do O03. | G6: OK MOVE_DONE. | H6: OK MOVE_DONE | I6: ✓ Sucesso execução | J6: ---- | K6: SIM | L6: SIM | P6: 1
A7: O05 | B7: Visualização | C7: Criar OBS_H numa segunda posição da mesa e confirmar coincidência RViz/real. | D7: OBS_H_P2 | E7: Em cima da mesa, posição 2 lateral. | F7: ros2 topic pub --once /obstaculo_cmd std_msgs/msg/String "{data: 'CLEAR'}" ros2 topic pub --once /obstaculo_cmd std_msgs/msg/String "{data: 'ADD B OBS_H 0.5770 0.7570 -0.1800'}" | G7: Obstáculo visível e coincidente na nova posição. | H7: Obstáculo visível no RViz | I7: ✓ Sucesso visual | J7: ---- | K7: - | L7: - | P7: 1
A8: O06 | B8: Bloqueio | C8: Validar bloqueio na posição 2. | D8: OBS_H_P2 | E8: Mesmo posicionamento do O05. | F8: ros2 topic pub --once /target_pose geometry_msgs/msg/PoseStamped "{header: {frame_id: 'base'}, pose: {position: {x: 0.577, y: 0.757, z: -0.180}, orientation: {x: 0.0, y: 1.0, z: 0.0, w: 0.0}}}" ros2 topic pub --once /tm12_step std_msgs/msg/String "{data: 'IR_POSE'}" | G8: ERROR MOVE_FAILED ou falha segura na descida. | H8: ERRO MOVE_FAILED falha na descida | I8: ✓ Bloqueio seguro | J8: Erro esperado na descida por colisão com o objeto. TESTE DE SEGURANÇA APROVADO | K8: SIM | L8: NÃO | M8: 570.3572 | P8: 1
A9: O07 | B9: Contorno | C9: Executar contorno da caixa na posição 2. | D9: OBS_H_P2 | E9: Mesmo posicionamento do O05. | F9: ros2 topic pub --once /target_pose geometry_msgs/msg/PoseStamped "{header: {frame_id: 'base'}, pose: {position: {x: 0.88, y: 0.45, z: -0.10}, orientation: {x: 0.0, y: 1.0, z: 0.0, w: 0.0}}}" ros2 topic pub --once /tm12_step std_msgs/msg/String "{data: 'IR_POSE'}" ros2 topic pub --once /target_pose geometry_msgs/msg/PoseStamped "{header: {frame_id: 'base'}, pose: {position: {x: 0.390, y: 0.930, z: -0.140}, orientation: {x: 0.0, y: 1.0, z: 0.0, w: 0.0}}}" ros2 topic pub --once /tm12_step std_msgs/msg/String "{data: 'IR_POSE'}" | G9: OK MOVE_DONE com desvio e sem colisão. | H9: OK MOVE_DONE | I9: ✓ Sucesso execução | J9: Trajetória feita com sucesso sem colisão; desvia-se em vez de seguir em linha reta. | K9: SIM | L9: SIM | M9: 253.9262 | N9: 76.1514 | P9: 1
A10: O08 | B10: Repetição contorno | C10: Repetir O07 para verificar consistência noutra posição. | D10: OBS_H_P2 | E10: Mesmo posicionamento do O05. | F10: Repetir sequência do O07. | G10: OK MOVE_DONE. | H10: OK MOVE_DONE | I10: ✓ Sucesso execução | J10: ---- | K10: SIM | L10: SIM | P10: 1
A11: O09 | B11: Visualização | C11: Criar OBS_H numa terceira posição da mesa. | D11: OBS_H_P3 | E11: Em cima da mesa, posição 3 mais avançada/lateral. | F11: ros2 topic pub --once /obstaculo_cmd std_msgs/msg/String "{data: 'CLEAR'}" ros2 topic pub --once /obstaculo_cmd std_msgs/msg/String "{data: 'ADD C OBS_H 1.4500 -0.1200 -0.1800'}" | G11: Obstáculo visível e coincidente na terceira posição. | H11: Obstáculo visível no RViz | I11: ✓ Sucesso visual | J11: ---- | K11: - | L11: - | P11: 1
A12: O10 | B12: Bloqueio | C12: Validar bloqueio na posição 3. | D12: OBS_H_P3 | E12: Mesmo posicionamento do O09. | F12: ros2 topic pub --once /target_pose geometry_msgs/msg/PoseStamped "{header: {frame_id: 'base'}, pose: {position: {x: 1.250, y: -0.12, z: -0.180}, orientation: {x: 0.0, y: 1.0, z: 0.0, w: 0.0}}}" ros2 topic pub --once /tm12_step std_msgs/msg/String "{data: 'IR_POSE'}" | G12: ERROR MOVE_FAILED ou falha segura na descida. | H12: ERRO MOVE_FAILED | I12: ✓ Bloqueio seguro | J12: Erro esperado na descida por colisão com o objeto. TESTE DE SEGURANÇA APROVADO | K12: SIM | L12: NÃO | M12: 2017.57 | P12: 1
A13: O11 | B13: Visualização | C13: Criar OBS_V na posição vertical 1 e confirmar coincidência RViz/real. | D13: OBS_V_P1 | E13: Em cima da mesa, caixa em pé, posição 1. | F13: ros2 topic pub --once /obstaculo_cmd std_msgs/msg/String "{data: 'CLEAR'}" ros2 topic pub --once /obstaculo_cmd std_msgs/msg/String "{data: 'ADD D OBS_V 1.0170 0.3220 -0.0625'}" | G13: Obstáculo vertical visível no RViz e coincidente com a caixa real. | H13: Obstáculo visível no RViz | I13: ✓ Sucesso visual | J13: ---- | K13: - | L13: - | P13: 1
A14: O12 | B14: Bloqueio | C14: Validar que o robô não atravessa a caixa vertical na posição 1. | D14: OBS_V_P1 | E14: Mesmo posicionamento do O11. | F14: ros2 topic pub --once /target_pose geometry_msgs/msg/PoseStamped "{header: {frame_id: 'base'}, pose: {position: {x: 1.017, y: 0.322, z: -0.0625}, orientation: {x: 0.0, y: 1.0, z: 0.0, w: 0.0}}}" ros2 topic pub --once /tm12_step std_msgs/msg/String "{data: 'IR_POSE'}" | G14: ERROR MOVE_FAILED ou planeamento rejeitado de forma segura. | H14: ERRO MOVE_FAILED | I14: ✓ Bloqueio seguro | J14: Erro esperado na descida por colisão com o objeto. TESTE DE SEGURANÇA APROVADO | K14: SIM | L14: NÃO | M14: 334.9116 | P14: 1
A15: O13 | B15: Contorno | C15: Executar movimento de um lado para o outro da caixa vertical na posição 1. | D15: OBS_V_P1 | E15: Mesmo posicionamento do O11. | F15: ros2 topic pub --once /target_pose geometry_msgs/msg/PoseStamped "{header: {frame_id: 'base'}, pose: {position: {x: 1.21, y: 0.11, z: -0.02}, orientation: {x: 0.0, y: 1.0, z: 0.0, w: 0.0}}}" ros2 topic pub --once /tm12_step std_msgs/msg/String "{data: 'IR_POSE'}" ros2 topic pub --once /target_pose geometry_msgs/msg/PoseStamped "{header: {frame_id: 'base'}, pose: {position: {x: 0.88, y: 0.48, z: -0.03}, orientation: {x: 0.0, y: 1.0, z: 0.0, w: 0.0}}}" ros2 topic pub --once /tm12_step std_msgs/msg/String "{data: 'IR_POSE'}" | G15: OK MOVE_DONE com trajetória desviada e sem tocar no obstáculo. | H15: OK MOVE_DONE | I15: ✓ Sucesso execução | J15: Trajetória feita com sucesso sem colisão; desvia-se em vez de seguir em linha reta. | K15: SIM | L15: SIM | M15: 226.3392 | N15: 145.3764 | P15: 1
A16: O14 | B16: Repetição contorno | C16: Repetir O13 para confirmar consistência do planeamento com OBS_V_P1. | D16: OBS_V_P1 | E16: Mesmo posicionamento do O11. | F16: Repetir sequência do O13. | G16: OK MOVE_DONE. | H16: OK MOVE_DONE | I16: ✓ Sucesso execução | J16: ---- | K16: SIM | L16: SIM | P16: 1
A17: O15 | B17: Visualização | C17: Criar OBS_V numa segunda posição vertical da mesa e confirmar coincidência RViz/real. | D17: OBS_V_P2 | E17: Em cima da mesa, caixa em pé, posição 2. | F17: ros2 topic pub --once /obstaculo_cmd std_msgs/msg/String "{data: 'CLEAR'}" ros2 topic pub --once /obstaculo_cmd std_msgs/msg/String "{data: 'ADD E OBS_V 0.4950 0.8450 -0.0625'}" | G17: Obstáculo vertical visível no RViz e coincidente com a caixa real. | H17: Obstáculo visível no RViz | I17: ✓ Sucesso visual | J17: ---- | K17: - | L17: - | P17: 1
A18: O16 | B18: Bloqueio | C18: Validar bloqueio da caixa vertical na posição 2. | D18: OBS_V_P2 | E18: Mesmo posicionamento do O15. | F18: ros2 topic pub --once /target_pose geometry_msgs/msg/PoseStamped "{header: {frame_id: 'base'}, pose: {position: {x: 0.495, y: 0.845, z: -0.0625}, orientation: {x: 0.0, y: 1.0, z: 0.0, w: 0.0}}}" ros2 topic pub --once /tm12_step std_msgs/msg/String "{data: 'IR_POSE'}" | G18: ERROR MOVE_FAILED ou falha segura na descida. | H18: ERRO MOVE_FAILED | I18: ✓ Bloqueio seguro | J18: Erro esperado na descida por colisão com o objeto. TESTE DE SEGURANÇA APROVADO | K18: SIM | L18: NÃO | M18: 335.1222 | P18: 1
A19: O17 | B19: Contorno | C19: Executar contorno da caixa vertical na posição 2. | D19: OBS_V_P2 | E19: Mesmo posicionamento do O15. | F19: ros2 topic pub --once /target_pose geometry_msgs/msg/PoseStamped "{header: {frame_id: 'base'}, pose: {position: {x: 0.72, y: 0.63, z: -0.03}, orientation: {x: 0.0, y: 1.0, z: 0.0, w: 0.0}}}" ros2 topic pub --once /tm12_step std_msgs/msg/String "{data: 'IR_POSE'}" ros2 topic pub --once /target_pose geometry_msgs/msg/PoseStamped "{header: {frame_id: 'base'}, pose: {position: {x: 0.25, y: 0.97, z: -0.05}, orientation: {x: 0.0, y: 1.0, z: 0.0, w: 0.0}}}" ros2 topic pub --once /tm12_step std_msgs/msg/String "{data: 'IR_POSE'}" | G19: OK MOVE_DONE com trajetória desviada. | H19: OK MOVE_DONE | I19: ✓ Sucesso execução | J19: Trajetória feita com sucesso sem colisão; desvia-se em vez de seguir em linha reta. | K19: SIM | L19: SIM | M19: 250.2779 | N19: 202.2882 | P19: 1
A20: O18 | B20: Repetição contorno | C20: Repetir O17 para confirmar consistência do planeamento com OBS_V_P2. | D20: OBS_V_P2 | E20: Mesmo posicionamento do O15. | F20: Repetir sequência do O17. | G20: OK MOVE_DONE. | H20: OK MOVE_DONE | I20: ✓ Sucesso execução | J20: ---- | K20: SIM | L20: SIM | P20: 1
A21: Dois obstáculos na mesma cena
A22: O19 | B22: Desvio de trajetória sem colisão | C22: Mostrar contorno pelos 2 objetos | D22: OBS_V_P1 + OBS_V_P2 | E22: Posição 1 e 2 das caixas verticais | F22: ros2 topic pub --once /obstaculo_cmd std_msgs/msg/String "{data: 'ADD D OBS_V 1.0170 0.3220 -0.0625'}" ros2 topic pub --once /obstaculo_cmd std_msgs/msg/String "{data: 'ADD E OBS_V 0.4950 0.8450 -0.0625'}" ros2 topic pub --once /target_pose geometry_msgs/msg/PoseStamped "{header: {frame_id: 'base'}, pose: {position: {x: 0.223, y: 1.140, z: 0.037}, orientation: {x: -0.12164731150558128, y: 0.7417252259015115, z: -0.1309097106398482, w: 0.6464582496379847}}}" ros2 topic pub --once /tm12_step std_msgs/msg/String "{data: 'IR_POSE'}" ros2 topic pub --once /target_pose geometry_msgs/msg/PoseStamped "{header: {frame_id: 'base'}, pose: {position: {x: 0.883, y: 0.587, z: 0.051}, orientation: {x: 0.47930059157978466, y: 0.8494841402145467, z: 0.2205587952337683, w: -0.0012067643720697907}}}" ros2 topic pub --once /tm12_step std_msgs/msg/String "{data: 'IR_POSE'}" ros2 topic pub --once /target_pose geometry_msgs/msg/PoseStamped "{header: {frame_id: 'base'}, pose: {position: {x: 1.15, y: -0.05, z: 0.05}, orientation: {x: -0.7730392009226255, y: -0.6182865791650175, z: 0.11703008521554474, w: 0.08022505229522497}}}" ros2 topic pub --once /tm12_step std_msgs/msg/String "{data: 'IR_POSE'}" | G22: OK MOVE_DONE | H22: OK MOVE_DONE | I22: ✓ Sucesso execução | J22: Trajetória feita com sucesso sem colisão; desvia-se em vez de seguir em linha reta. | K22: SIM | L22: SIM | M22: 341.1691 | N22: 216.982 | O22: 300.1122 | P22: 1
A23: O20 (CORREDOR ESTREITO) | B23: Desvio de trajetória sem colisão | C23: Mostrar contorno pelos 2 objetos | D23: OBS_H_P4 + OBS_H_P2 | E23: Posição 2 e 4 da caixa horizontal | F23: ros2 topic pub --once /obstaculo_cmd std_msgs/msg/String "{data: 'ADD F OBS_H 1.0200 0.3200 -0.1800'}" ros2 topic pub --once /obstaculo_cmd std_msgs/msg/String "{data: 'ADD B OBS_H 0.5770 0.7570 -0.1800'}" ros2 topic pub --once /target_pose geometry_msgs/msg/PoseStamped "{header: {frame_id: 'base'}, pose: {position: {x: 0.339, y: 0.954, z: -0.049}, orientation: {x: -0.19048426829942827, y: -0.9724934308561571, z: 0.1332808507788149, w: -0.01443901962488419}}}" ros2 topic pub --once /tm12_step std_msgs/msg/String "{data: 'IR_POSE'}" ros2 topic pub --once /target_pose geometry_msgs/msg/PoseStamped "{header: {frame_id: 'base'}, pose: {position: {x: 0.828, y: 0.631, z: -0.080}, orientation: {x: -0.46234949028963895, y: -0.8776495638375028, z: 0.12437648489733448, w: 0.022241446206014523}}}" ros2 topic pub --once /tm12_step std_msgs/msg/String "{data: 'IR_POSE'}" ros2 topic pub --once /target_pose geometry_msgs/msg/PoseStamped "{header: {frame_id: 'base'}, pose: {position: {x: 1.201, y: 0.005, z: -0.086}, orientation: {x: -0.7315420258177688, y: -0.6816260642905323, z: 0.014026416482747238, w: -0.0059525274368440045}}}" ros2 topic pub --once /tm12_step std_msgs/msg/String "{data: 'IR_POSE'}" | G23: OK MOVE_DONE | H23: OK MOVE_DONE | I23: ✓ Sucesso execução | J23: Trajetória feita com sucesso sem colisão; desvia-se em vez de seguir em linha reta. | K23: SIM | L23: SIM | M23: 147.4497 | N23: 98.0725 | O23: 177.0927 | P23: 1
A24: O21 | B24: Contorno | C24: Mostrar contorno pelos 2 objetos(um em cima do outro para dar mais altura) | D24: OBS_H_P2 + OBS_H_P5 | E24: Posição 2 e 5 horizontal | F24: ros2 topic pub --once /obstaculo_cmd std_msgs/msg/String "{data: 'ADD G OBS_H 0.5770 0.7570 -0.0590'}" ros2 topic pub --once /obstaculo_cmd std_msgs/msg/String "{data: 'ADD B OBS_H 0.5770 0.7570 -0.1800'}" ros2 topic pub --once /target_pose geometry_msgs/msg/PoseStamped "{header: {frame_id: 'base'}, pose: {position: {x: 0.792, y: 0.964, z: 0.058}, orientation: {x: 0.3684941753801578, y: 0.9048163675734938, z: 0.2074448309317149, w: 0.04986006219127582}}}" ros2 topic pub --once /tm12_step std_msgs/msg/String "{data: 'IR_POSE'}" | G24: OK MOVE_DONE | H24: OK MOVE_DONE | I24: ✓ Sucesso execução | J24: Trajetória feita com sucesso sem colisão; desvia-se em vez de seguir em linha reta. | K24: SIM | L24: SIM | M24: 180.7128 | P24: 1
A25: O22 | B25: Controlo sem obstáculos | C25: Executar a mesma trajetória de O03 sem qualquer obstáculo, criando a referência para comparar métricas | D25: SEM_OBSTACULOS | E25: Retirar fisicamente as caixas da zona de trabalho e confirmar que a planning scene está vazia. | F25: ros2 topic pub --once /obstaculo_cmd std_msgs/msg/String "{data: 'CLEAR'}" ros2 topic pub --once /target_pose geometry_msgs/msg/PoseStamped "{header: {frame_id: 'base'}, pose: {position: {x: 1.050, y: -0.050, z: -0.140}, orientation: {x: 0.0, y: 1.0, z: 0.0, w: 0.0}}}" ros2 topic pub --once /tm12_step std_msgs/msg/String "{data: 'IR_POSE'}" ros2 topic pub --once /target_pose geometry_msgs/msg/PoseStamped "{header: {frame_id: 'base'}, pose: {position: {x: 0.700, y: 0.320, z: -0.140}, orientation: {x: 0.0, y: 1.0, z: 0.0, w: 0.0}}}" ros2 topic pub --once /tm12_step std_msgs/msg/String "{data: 'IR_POSE'}" | G25: OK MOVE_DONE | H25: OK MOVE_DONE | I25: ✓ Sucesso execução | J25: Usar exatamente as mesmas poses, planeador, tolerâncias e fatores de velocidade/aceleração usados no cenário com obstáculo. | K25: - | L25: Não | P25: 1

Sheet Métricas Quantitativas
A1: Métricas
A2: ID TESTE | B2: O02 | E2: O03 | K2: O06 | N2: O07 | T2: O12 | W2: O13 | AC2: O16 | AF2: O17 | AL2: O19 | AU2: O20 | BD2: O21 | BG2: O22 (IGUAL A O03 MAS S/OBSTÁCULO)
A3: MÉTRICAS | B3: IR_POSE1 | E3: IR_POSE1 | H3: IR_POSE2 | K3: IR_POSE1 | N3: IR_POSE1 | Q3: IR_POSE2 | T3: IR_POSE1 | W3: IR_POSE1 | Z3: IR_POSE2 | AC3: IR_POSE1 | AF3: IR_POSE1 | AI3: IR_POSE2 | AL3: IR_POSE1 | AO3: IR_POSE2 | AR3: IR_POSE3 | AU3: IR_POSE1 | AX3: IR_POSE2 | BA3: IR_POSE3 | BD3: IR_POSE1 | BG3: IR_POSE1 | BJ3: IR_POSE2
B4: Diferença entre físico e simulado | C4: Simulação | D4: Físico | E4: Diferença entre físico e simulado | F4: Simulação | G4: Físico | H4: Diferença entre físico e simulado | I4: Simulação | J4: Físico | K4: Diferença entre físico e simulado | L4: Simulação | M4: Físico | N4: Diferença entre físico e simulado | O4: Simulação | P4: Físico | Q4: Diferença entre físico e simulado | R4: Simulação | S4: Físico | T4: Diferença entre físico e simulado | U4: Simulação | V4: Físico | W4: Diferença entre físico e simulado | X4: Simulação | Y4: Físico | Z4: Diferença entre físico e simulado | AA4: Simulação | AB4: Físico | AC4: Diferença entre físico e simulado | AD4: Simulação | AE4: Físico | AF4: Diferença entre físico e simulado | AG4: Simulação | AH4: Físico | AI4: Diferença entre físico e simulado | AJ4: Simulação | AK4: Físico | AL4: Diferença entre físico e simulado | AM4: Simulação | AN4: Físico | AO4: Diferença entre físico e simulado | AP4: Simulação | AQ4: Físico | AR4: Diferença entre físico e simulado | AS4: Simulação | AT4: Físico | AU4: Diferença entre físico e simulado | AV4: Simulação | AW4: Físico | AX4: Diferença entre físico e simulado | AY4: Simulação | AZ4: Físico | BA4: Diferença entre físico e simulado | BB4: Simulação | BC4: Físico | BD4: Diferença entre físico e simulado | BE4: Simulação | BF4: Físico | BG4: Diferença entre físico e simulado | BH4: Simulação | BI4: Físico | BJ4: Diferença entre físico e simulado | BK4: Simulação | BL4: Físico
A5: Tempo de Planeamento (s) | B5: =D5-C5 -> 1.2883 | C5: 0.2657 | D5: 1.554 | E5: =G5-F5 -> 1.0272 | F5: 0.5309 | G5: 1.5581 | H5: =J5-I5 -> 0.9862 | I5: 0.5539 | J5: 1.5401 | K5: =M5-L5 -> 1.0001 | L5: 0.5496 | M5: 1.5497 | N5: =P5-O5 -> 1.0285 | O5: 0.5222 | P5: 1.5507 | Q5: =S5-R5 -> 1.035 | R5: 0.5161 | S5: 1.5511 | T5: =V5-U5 -> 1.0096 | U5: 0.5377 | V5: 1.5473 | W5: =Y5-X5 -> 0.9944 | X5: 0.5367 | Y5: 1.5311 | Z5: =AB5-AA5 -> 1.0101 | AA5: 0.5375 | AB5: 1.5476 | AC5: =AE5-AD5 -> 1.0547 | AD5: 0.5459 | AE5: 1.6006 | AF5: =AH5-AG5 -> 1.04 | AG5: 0.527 | AH5: 1.567 | AI5: =AK5-AJ5 -> 1.037 | AJ5: 0.5253 | AK5: 1.5623 | AL5: =AN5-AM5 -> 1.0243 | AM5: 0.5419 | AN5: 1.5662 | AO5: =AQ5-AP5 -> 1.0221 | AP5: =0.5323 -> 0.5323 | AQ5: 1.5544 | AR5: =AT5-AS5 -> 1.028 | AS5: 0.542 | AT5: 1.57 | AU5: =AW5-AV5 -> 1.1166 | AV5: 0.5409 | AW5: 1.6575 | AX5: =AZ5-AY5 -> 1.0138 | AY5: 0.5226 | AZ5: 1.5364 | BA5: =BC5-BB5 -> 1.1287 | BB5: 0.4346 | BC5: 1.5633 | BD5: =BF5-BE5 -> 0.8248 | BE5: 0.5439 | BF5: 1.3687 | BG5: =BI5-BH5 -> 0.8378 | BH5: 0.5309 | BI5: 1.3687 | BJ5: =BL5-BK5 -> 0.9029 | BK5: 0.5539 | BL5: 1.4568
A6: Tempo de Execução (s) | B6: =D6-C6 -> 17.8968 | C6: 15.5215 | D6: 33.4183 | E6: =G6-F6 -> 3.0238 | F6: 5.9262 | G6: 8.95 | H6: =J6-I6 -> 4.1568 | I6: 7.0375 | J6: 11.1943 | K6: =M6-L6 -> 18.4228 | L6: 15.5098 | M6: 33.9326 | N6: =P6-O6 -> 4.4421 | O6: 7.0386 | P6: 11.4807 | Q6: =S6-R6 -> 4.9676 | R6: 5.8838 | S6: 10.8514 | T6: =V6-U6 -> 16.1364 | U6: 15.5428 | V6: 31.6792 | W6: =Y6-X6 -> 4.4226 | X6: 7.0585 | Y6: 11.4811 | Z6: =AB6-AA6 -> 3.6153 | AA6: 7.049 | AB6: 10.6643 | AC6: =AE6-AD6 -> 16.9542 | AD6: 15.5202 | AE6: 32.4744 | AF6: =AH6-AG6 -> 4.8864 | AG6: 7.0578 | AH6: 11.9442 | AI6: =AK6-AJ6 -> 3.7398 | AJ6: 7.0509 | AK6: 10.7907 | AL6: =AN6-AM6 -> 6.0639 | AM6: 5.879 | AN6: 11.9429 | AO6: =AQ6-AP6 -> 4.6499 | AP6: 7.0558 | AQ6: 11.7057 | AR6: =AT6-AS6 -> 5.355 | AS6: 7.0347 | AT6: 12.3897 | AU6: =AW6-AV6 -> 2.6579 | AV6: 7.0434 | AW6: 9.7013 | AX6: =AZ6-AY6 -> 3.5867 | AY6: 7.0445 | AZ6: 10.6312 | BA6: =BC6-BB6 -> 3.077 | BB6: 7.0434 | BC6: 10.1204 | BD6: =BF6-BE6 -> 5.5495 | BE6: 7.0467 | BF6: 12.5962 | BG6: =BI6-BH6 -> 2.5238 | BH6: 5.9262 | BI6: 8.45 | BJ6: =BL6-BK6 -> 3.8754 | BK6: 7.0375 | BL6: 10.9129
A7: Tempo Total de ciclo (s) | B7: =D7-C7 -> 19.1851 | C7: 15.7872 | D7: =D6+D5 -> 34.9723 | E7: =G7-F7 -> 4.051 | F7: =F6+F5 -> 6.4571 | G7: =G6+G5 -> 10.5081 | H7: =J7-I7 -> 5.143 | I7: 7.5914 | J7: =J6+J5 -> 12.7344 | K7: =M7-L7 -> 19.4229 | L7: =L6+L5 -> 16.0594 | M7: =M6+M5 -> 35.4823 | N7: =P7-O7 -> 5.4706 | O7: =O6+O5 -> 7.5608 | P7: =P6+P5 -> 13.0314 | Q7: =S7-R7 -> 6.0026 | R7: =R6+R5 -> 6.3999 | S7: =S6+S5 -> 12.4025 | T7: =V7-U7 -> 17.146 | U7: 16.0805 | V7: =V6+V5 -> 33.2265 | W7: =Y7-X7 -> 5.417 | X7: 7.5952 | Y7: =Y6+Y5 -> 13.0122 | Z7: =AB7-AA7 -> 4.6254 | AA7: 7.5865 | AB7: =AB6+AB5 -> 12.2119 | AC7: =AE7-AD7 -> 18.009 | AD7: 16.066 | AE7: =AE6+AE5 -> 34.075 | AF7: =AH7-AG7 -> 5.9265 | AG7: 7.5847 | AH7: =AH6+AH5 -> 13.5112 | AI7: =AK7-AJ7 -> 4.7768 | AJ7: =AJ6+AJ5 -> 7.5762 | AK7: =AK6+AK5 -> 12.353 | AL7: =AN7-AM7 -> 7.0882 | AM7: =AM6+AM5 -> 6.4209 | AN7: =AN6+AN5 -> 13.5091 | AO7: =AQ7-AP7 -> 5.672 | AP7: =AP6+AP5 -> 7.5881 | AQ7: =AQ6+AQ5 -> 13.2601 | AR7: =AT7-AS7 -> 6.383 | AS7: 7.5767 | AT7: =AT6+AT5 -> 13.9597 | AU7: =AW7-AV7 -> 3.7745 | AV7: 7.5843 | AW7: =AW6+AW5 -> 11.3588 | AX7: =AZ7-AY7 -> 4.6005 | AY7: =AY6+AY5 -> 7.5671 | AZ7: =AZ6+AZ5 -> 12.1676 | BA7: =BC7-BB7 -> 4.2057 | BB7: =BB6+BB5 -> 7.478 | BC7: =BC6+BC5 -> 11.6837 | BD7: =BF7-BE7 -> 6.3743 | BE7: =BE6+BE5 -> 7.5906 | BF7: =BF6+BF5 -> 13.9649 | BG7: =BI7-BH7 -> 3.3616 | BH7: =BH6+BH5 -> 6.4571 | BI7: =BI6+BI5 -> 9.8187 | BJ7: =BL7-BK7 -> 4.7783 | BK7: 7.5914 | BL7: =BL6+BL5 -> 12.3697
A8: Pose X alvo (m) | B8: =D8-C8 -> 0 | C8: 0.932 | D8: 0.932 | E8: =G8-F8 -> 0 | F8: 1.05 | G8: 1.05 | H8: =J8-I8 -> 0 | I8: 0.7 | J8: 0.7 | K8: =M8-L8 -> 0 | L8: 0.577 | M8: 0.577 | N8: =P8-O8 -> 0 | O8: 0.88 | P8: 0.88 | Q8: =S8-R8 -> 0 | R8: 0.39 | S8: 0.39 | T8: =V8-U8 -> 0 | U8: 1.017 | V8: 1.017 | W8: =Y8-X8 -> 0 | X8: 1.21 | Y8: 1.21 | Z8: =AB8-AA8 -> 0 | AA8: 0.88 | AB8: 0.88 | AC8: =AE8-AD8 -> 0 | AD8: 0.495 | AE8: 0.495 | AF8: =AH8-AG8 -> 0 | AG8: 0.72 | AH8: 0.72 | AI8: =AK8-AJ8 -> 0 | AJ8: 0.25 | AK8: 0.25 | AL8: =AN8-AM8 -> 0 | AM8: 0.223 | AN8: 0.223 | AO8: =AQ8-AP8 -> 0 | AP8: 0.883 | AQ8: 0.883 | AR8: =AT8-AS8 -> 0 | AS8: 1.15 | AT8: 1.15 | AU8: =AW8-AV8 -> 0 | AV8: 0.339 | AW8: 0.339 | AX8: =AZ8-AY8 -> 0 | AY8: 0.828 | AZ8: 0.828 | BA8: =BC8-BB8 -> 0 | BB8: 1.201 | BC8: 1.201 | BD8: =BF8-BE8 -> 0 | BE8: 0.792 | BF8: 0.792 | BG8: =BI8-BH8 -> 0 | BH8: 1.05 | BI8: 1.05 | BJ8: =BL8-BK8 -> 0 | BK8: 0.7 | BL8: 0.7
A9: Pose Y alvo (m) | B9: =D9-C9 -> 0 | C9: 0.239 | D9: 0.239 | E9: =G9-F9 -> 0 | F9: -0.05 | G9: -0.05 | H9: =J9-I9 -> 0 | I9: 0.32 | J9: 0.32 | K9: =M9-L9 -> 0 | L9: 0.757 | M9: 0.757 | N9: =P9-O9 -> 0 | O9: 0.45 | P9: 0.45 | Q9: =S9-R9 -> 0 | R9: 0.93 | S9: 0.93 | T9: =V9-U9 -> 0 | U9: 0.322 | V9: 0.322 | W9: =Y9-X9 -> 0 | X9: 0.11 | Y9: 0.11 | Z9: =AB9-AA9 -> 0 | AA9: 0.48 | AB9: 0.48 | AC9: =AE9-AD9 -> 0 | AD9: 0.845 | AE9: 0.845 | AF9: =AH9-AG9 -> 0 | AG9: 0.63 | AH9: 0.63 | AI9: =AK9-AJ9 -> 0 | AJ9: 0.97 | AK9: 0.97 | AL9: =AN9-AM9 -> 0 | AM9: 1.14 | AN9: 1.14 | AO9: =AQ9-AP9 -> 0 | AP9: 0.587 | AQ9: 0.587 | AR9: =AT9-AS9 -> 0 | AS9: -0.05 | AT9: -0.05 | AU9: =AW9-AV9 -> 0 | AV9: 0.954 | AW9: 0.954 | AX9: =AZ9-AY9 -> 0 | AY9: 0.631 | AZ9: 0.631 | BA9: =BC9-BB9 -> 0 | BB9: 0.005 | BC9: 0.005 | BD9: =BF9-BE9 -> 0 | BE9: 0.964 | BF9: 0.964 | BG9: =BI9-BH9 -> 0 | BH9: -0.05 | BI9: -0.05 | BJ9: =BL9-BK9 -> 0 | BK9: 0.32 | BL9: 0.32
A10: Pose Z alvo (m) | B10: =D10-C10 -> 0 | C10: -0.18 | D10: -0.18 | E10: =G10-F10 -> 0 | F10: -0.14 | G10: -0.14 | H10: =J10-I10 -> 0 | I10: -0.14 | J10: -0.14 | K10: =M10-L10 -> 0 | L10: -0.18 | M10: -0.18 | N10: =P10-O10 -> 0 | O10: -0.1 | P10: -0.1 | Q10: =S10-R10 -> 0 | R10: -0.14 | S10: -0.14 | T10: =V10-U10 -> 0 | U10: -0.0625 | V10: -0.0625 | W10: =Y10-X10 -> 0 | X10: -0.02 | Y10: -0.02 | Z10: =AB10-AA10 -> 0 | AA10: -0.03 | AB10: -0.03 | AC10: =AE10-AD10 -> 0 | AD10: -0.0625 | AE10: -0.0625 | AF10: =AH10-AG10 -> 0 | AG10: -0.03 | AH10: -0.03 | AI10: =AK10-AJ10 -> 0 | AJ10: -0.05 | AK10: -0.05 | AL10: =AN10-AM10 -> 0 | AM10: 0.037 | AN10: 0.037 | AO10: =AQ10-AP10 -> 0 | AP10: 0.051 | AQ10: 0.051 | AR10: =AT10-AS10 -> 0 | AS10: 0.05 | AT10: 0.05 | AU10: =AW10-AV10 -> 0 | AV10: -0.049 | AW10: -0.049 | AX10: =AZ10-AY10 -> 0 | AY10: -0.08 | AZ10: -0.08 | BA10: =BC10-BB10 -> 0 | BB10: -0.086 | BC10: -0.086 | BD10: =BF10-BE10 -> 0 | BE10: 0.058 | BF10: 0.058 | BG10: =BI10-BH10 -> 0 | BH10: -0.14 | BI10: -0.14 | BJ10: =BL10-BK10 -> 0 | BK10: -0.14 | BL10: -0.14
A11: Pose X real (m) | B11: =D11-C11 -> 0.0011 | C11: 0.9317 | D11: 0.9328 | E11: =G11-F11 -> 0.0005 | F11: 1.0494 | G11: 1.0499 | H11: =J11-I11 -> -0.0001 | I11: 0.7008 | J11: 0.7007 | K11: =M11-L11 -> 0 | L11: 0.5763 | M11: 0.5763 | N11: =P11-O11 -> -0.0008 | O11: 0.8802 | P11: 0.8794 | Q11: =S11-R11 -> 0.0002 | R11: 0.3907 | S11: =0.3909 -> 0.3909 | T11: =V11-U11 -> 0.0002 | U11: 1.0168 | V11: 1.017 | W11: =Y11-X11 -> 0.0003 | X11: 1.2098 | Y11: 1.2101 | Z11: =AB11-AA11 -> 0.0011 | AA11: 0.8795 | AB11: 0.8806 | AC11: =AE11-AD11 -> -0.0001 | AD11: 0.4954 | AE11: 0.4953 | AF11: =AH11-AG11 -> 0 | AG11: 0.7198 | AH11: 0.7198 | AI11: =AK11-AJ11 -> -0.0003 | AJ11: 0.2502 | AK11: 0.2499 | AL11: =AN11-AM11 -> -0.0498 | AM11: 0.2233 | AN11: 0.1735 | AO11: =AQ11-AP11 -> -0.0096 | AP11: 0.8827 | AQ11: 0.8731 | AR11: =AT11-AS11 -> 0.0131 | AS11: 1.1506 | AT11: 1.1637 | AU11: =AW11-AV11 -> 0.0016 | AV11: 0.3389 | AW11: 0.3405 | AX11: =AZ11-AY11 -> 0.0079 | AY11: 0.8283 | AZ11: 0.8362 | BA11: =BC11-BB11 -> 0.0004 | BB11: 1.2015 | BC11: 1.2019 | BD11: =BF11-BE11 -> -0.013 | BE11: 0.7928 | BF11: 0.7798 | BG11: =BI11-BH11 -> 0.0005 | BH11: 1.0494 | BI11: 1.0499 | BJ11: =BL11-BK11 -> -0.0009 | BK11: 0.7008 | BL11: 0.6999
A12: Pose Y real (m) | B12: =D12-C12 -> 0.0007 | C12: 0.2387 | D12: 0.2394 | E12: =G12-F12 -> 0.0003 | F12: -0.0499 | G12: -0.0496 | H12: =J12-I12 -> 0.0006 | I12: 0.3195 | J12: 0.3201 | K12: =M12-L12 -> 0.0002 | L12: 0.7571 | M12: 0.7573 | N12: =P12-O12 -> 0.0012 | O12: 0.4496 | P12: 0.4508 | Q12: =S12-R12 -> 0.0003 | R12: 0.9304 | S12: 0.9307 | T12: =V12-U12 -> -0.0012 | U12: 0.3222 | V12: 0.321 | W12: =Y12-X12 -> -0.0018 | X12: 0.1108 | Y12: 0.109 | Z12: =AB12-AA12 -> -0.0004 | AA12: 0.4803 | AB12: 0.4799 | AC12: =AE12-AD12 -> 0.0006 | AD12: 0.845 | AE12: 0.8456 | AF12: =AH12-AG12 -> -0.0003 | AG12: 0.6306 | AH12: 0.6303 | AI12: =AK12-AJ12 -> -0.0006 | AJ12: 0.9705 | AK12: 0.9699 | AL12: =AN12-AM12 -> 0.0019 | AM12: 1.14 | AN12: 1.1419 | AO12: =AQ12-AP12 -> -0.019 | AP12: 0.5868 | AQ12: 0.5678 | AR12: =AT12-AS12 -> 0.0003 | AS12: -0.05 | AT12: -0.0497 | AU12: =AW12-AV12 -> 0.0126 | AV12: 0.9541 | AW12: 0.9667 | AX12: =AZ12-AY12 -> 0.0093 | AY12: 0.6306 | AZ12: 0.6399 | BA12: =BC12-BB12 -> 0.0007 | BB12: 0.0053 | BC12: 0.006 | BD12: =BF12-BE12 -> -0.0171 | BE12: 0.9641 | BF12: 0.947 | BG12: =BI12-BH12 -> -0.0008 | BH12: -0.0499 | BI12: -0.0507 | BJ12: =BL12-BK12 -> 0.0012 | BK12: 0.3195 | BL12: 0.3207
A13: Pose Z real (m) | B13: =D13-C13 -> 0.0501 | C13: 0.4503 | D13: 0.5004 | E13: =G13-F13 -> 0.0499 | F13: -0.1394 | G13: -0.0895 | H13: =J13-I13 -> 0.0519 | I13: -0.1399 | J13: -0.088 | K13: =M13-L13 -> 0.0485 | L13: 0.4502 | M13: 0.4987 | N13: =P13-O13 -> 0.0501 | O13: -0.0996 | P13: -0.0495 | Q13: =S13-R13 -> 0.0512 | R13: -0.1403 | S13: -0.0891 | T13: =V13-U13 -> 0.0503 | U13: 0.4502 | V13: 0.5005 | W13: =Y13-X13 -> 0.0501 | X13: -0.0194 | Y13: 0.0307 | Z13: =AB13-AA13 -> 0.0502 | AA13: -0.0295 | AB13: 0.0207 | AC13: =AE13-AD13 -> 0.0501 | AD13: 0.4505 | AE13: 0.5006 | AF13: =AH13-AG13 -> 0.049 | AG13: -0.0293 | AH13: 0.0197 | AI13: =AK13-AJ13 -> 0.0503 | AJ13: -0.0501 | AK13: 0.0002 | AL13: =AN13-AM13 -> 0.0057 | AM13: 0.0371 | AN13: 0.0428 | AO13: =AQ13-AP13 -> 0.0449 | AP13: 0.0502 | AQ13: 0.0951 | AR13: =AT13-AS13 -> 0.0473 | AS13: 0.0507 | AT13: 0.098 | AU13: =AW13-AV13 -> 0.0494 | AV13: -0.0495 | AW13: -0.0001 | AX13: =AZ13-AY13 -> 0.0473 | AY13: -0.0792 | AZ13: -0.0319 | BA13: =BC13-BB13 -> 0.0501 | BB13: -0.0857 | BC13: -0.0356 | BD13: =BF13-BE13 -> 0.0453 | BE13: 0.0577 | BF13: 0.103 | BG13: =BI13-BH13 -> 0.0482 | BH13: -0.1394 | BI13: -0.0912 | BJ13: =BL13-BK13 -> -0.0518 | BK13: -0.1399 | BL13: -0.1917
A14: Erro de pose X (mm) | B14: =D14-C14 -> 0.5 | C14: =ABS(C11-C8)*1000 -> 0.3 | D14: =ABS(D11-D8)*1000 -> 0.8 | E14: =G14-F14 -> -0.5 | F14: =ABS(F11-F8)*1000 -> 0.6 | G14: =ABS(G11-G8)*1000 -> 0.1 | H14: =J14-I14 -> -0.1 | I14: =ABS(I11-I8)*1000 -> 0.8 | J14: =ABS(J11-J8)*1000 -> 0.7 | K14: =M14-L14 -> 0 | L14: =ABS(L11-L8)*1000 -> 0.7 | M14: =ABS(M11-M8)*1000 -> 0.7 | N14: =P14-O14 -> 0.4 | O14: =ABS(O11-O8)*1000 -> 0.2 | P14: =ABS(P11-P8)*1000 -> 0.6 | Q14: =S14-R14 -> 0.2 | R14: =ABS(R11-R8)*1000 -> 0.7 | S14: =ABS(S11-S8)*1000 -> 0.9 | T14: =V14-U14 -> -0.2 | U14: =ABS(U11-U8)*1000 -> 0.2 | V14: =ABS(V11-V8)*1000 -> 0 | W14: =Y14-X14 -> -0.1 | X14: =ABS(X11-X8)*1000 -> 0.2 | Y14: =ABS(Y11-Y8)*1000 -> 0.1 | Z14: =AB14-AA14 -> 0.1 | AA14: =ABS(AA11-AA8)*1000 -> 0.5 | AB14: =ABS(AB11-AB8)*1000 -> 0.6 | AC14: =AE14-AD14 -> -0.1 | AD14: =ABS(AD8-AD11)*1000 -> 0.4 | AE14: =ABS(AE8-AE11)*1000 -> 0.3 | AF14: =AH14-AG14 -> 0 | AG14: =ABS(AG11-AG8)*1000 -> 0.2 | AH14: =ABS(AH11-AH8)*1000 -> 0.2 | AI14: =AK14-AJ14 -> -0.1 | AJ14: =ABS(AJ11-AJ8)*1000 -> 0.2 | AK14: =ABS(AK11-AK8)*1000 -> 0.1 | AL14: =AN14-AM14 -> 49.2 | AM14: =ABS(AM11-AM8)*1000 -> 0.3 | AN14: =ABS(AN11-AN8)*1000 -> 49.5 | AO14: =AQ14-AP14 -> 9.6 | AP14: =ABS(AP11-AP8)*1000 -> 0.3 | AQ14: =ABS(AQ11-AQ8)*1000 -> 9.9 | AR14: =AT14-AS14 -> 13.1 | AS14: =ABS(AS11-AS8)*1000 -> 0.6 | AT14: =ABS(AT11-AT8)*1000 -> 13.7 | AU14: =AW14-AV14 -> 1.4 | AV14: =ABS(AV11-AV8)*1000 -> 0.1 | AW14: =ABS(AW11-AW8)*1000 -> 1.5 | AX14: =AZ14-AY14 -> 7.9 | AY14: =ABS(AY11-AY8)*1000 -> 0.3 | AZ14: =ABS(AZ11-AZ8)*1000 -> 8.2 | BA14: =BC14-BB14 -> 0.4 | BB14: =ABS(BB11-BB8)*1000 -> 0.5 | BC14: =ABS(BC11-BC8)*1000 -> 0.9 | BD14: =BF14-BE14 -> 11.4 | BE14: =ABS(BE11-BE8)*1000 -> 0.8 | BF14: =ABS(BF11-BF8)*1000 -> 12.2 | BG14: =BI14-BH14 -> -0.5 | BH14: =ABS(BH11-BH8)*1000 -> 0.6 | BI14: =ABS(BI11-BI8)*1000 -> 0.1 | BJ14: =BL14-BK14 -> -0.7 | BK14: =ABS(BK11-BK8)*1000 -> 0.8 | BL14: =ABS(BL11-BL8)*1000 -> 0.1
A15: Erro de pose Y (mm) | B15: =D15-C15 -> 0.1 | C15: =ABS(C12-C9)*1000 -> 0.3 | D15: =ABS(D12-D9)*1000 -> 0.4 | E15: =G15-F15 -> 0.3 | F15: =ABS(F12-F9)*1000 -> 0.1 | G15: =ABS(G12-G9)*1000 -> 0.4 | H15: =J15-I15 -> -0.4 | I15: =ABS(I12-I9)*1000 -> 0.5 | J15: =ABS(J12-J9)*1000 -> 0.1 | K15: =M15-L15 -> 0.2 | L15: =ABS(L12-L9)*1000 -> 0.1 | M15: =ABS(M12-M9)*1000 -> 0.3 | N15: =P15-O15 -> 0.4 | O15: =ABS(O12-O9)*1000 -> 0.4 | P15: =ABS(P12-P9)*1000 -> 0.8 | Q15: =S15-R15 -> 0.3 | R15: =ABS(R12-R9)*1000 -> 0.4 | S15: =ABS(S12-S9)*1000 -> 0.7 | T15: =V15-U15 -> 0.8 | U15: =ABS(U12-U9)*1000 -> 0.2 | V15: =ABS(V12-V9)*1000 -> 1 | W15: =Y15-X15 -> 0.2 | X15: =ABS(X12-X9)*1000 -> 0.8 | Y15: =ABS(Y12-Y9)*1000 -> 1 | Z15: =AB15-AA15 -> -0.2 | AA15: =ABS(AA12-AA9)*1000 -> 0.3 | AB15: =ABS(AB12-AB9)*1000 -> 0.1 | AC15: =AE15-AD15 -> 0.6 | AD15: =ABS(AD9-AD12)*1000 -> 0 | AE15: =ABS(AE9-AE12)*1000 -> 0.6 | AF15: =AH15-AG15 -> -0.3 | AG15: =ABS(AG12-AG9)*1000 -> 0.6 | AH15: =ABS(AH12-AH9)*1000 -> 0.3 | AI15: =AK15-AJ15 -> -0.4 | AJ15: =ABS(AJ12-AJ9)*1000 -> 0.5 | AK15: =ABS(AK12-AK9)*1000 -> 0.1 | AL15: =AN15-AM15 -> 1.9 | AM15: =ABS(AM12-AM9)*1000 -> 0 | AN15: =ABS(AN12-AN9)*1000 -> 1.9 | AO15: =AQ15-AP15 -> 19 | AP15: =ABS(AP12-AP9)*1000 -> 0.2 | AQ15: =ABS(AQ12-AQ9)*1000 -> 19.2 | AR15: =AT15-AS15 -> 0.3 | AS15: =ABS(AS12-AS9)*1000 -> 0 | AT15: =ABS(AT12-AT9)*1000 -> 0.3 | AU15: =AW15-AV15 -> 12.6 | AV15: =ABS(AV12-AV9)*1000 -> 0.1 | AW15: =ABS(AW12-AW9)*1000 -> 12.7 | AX15: =AZ15-AY15 -> 8.5 | AY15: =ABS(AY12-AY9)*1000 -> 0.4 | AZ15: =ABS(AZ12-AZ9)*1000 -> 8.9 | BA15: =BC15-BB15 -> 0.7 | BB15: =ABS(BB12-BB9)*1000 -> 0.3 | BC15: =ABS(BC12-BC9)*1000 -> 1 | BD15: =BF15-BE15 -> 16.9 | BE15: =ABS(BE12-BE9)*1000 -> 0.1 | BF15: =ABS(BF12-BF9)*1000 -> 17 | BG15: =BI15-BH15 -> 0.6 | BH15: =ABS(BH12-BH9)*1000 -> 0.1 | BI15: =ABS(BI12-BI9)*1000 -> 0.7 | BJ15: =BL15-BK15 -> 0.2 | BK15: =ABS(BK12-BK9)*1000 -> 0.5 | BL15: =ABS(BL12-BL9)*1000 -> 0.7
A16: Erro de pose Z (mm) | B16: =D16-C16 -> 50.1 | C16: =ABS(C13-C10)*1000 -> 630.3 | D16: =ABS(D13-D10)*1000 -> 680.4 | E16: =G16-F16 -> 49.9 | F16: =ABS(F13-F10)*1000 -> 0.6 | G16: =ABS(G13-G10)*1000 -> 50.5 | H16: =J16-I16 -> 51.9 | I16: =ABS(I13-I10)*1000 -> 0.1 | J16: =ABS(J13-J10)*1000 -> 52 | K16: =M16-L16 -> 48.5 | L16: =ABS(L13-L10)*1000 -> 630.2 | M16: =ABS(M13-M10)*1000 -> 678.7 | N16: =P16-O16 -> 50.1 | O16: =ABS(O13-O10)*1000 -> 0.4 | P16: =ABS(P13-P10)*1000 -> 50.5 | Q16: =S16-R16 -> 50.6 | R16: =ABS(R13-R10)*1000 -> 0.3 | S16: =ABS(S13-S10)*1000 -> 50.9 | T16: =V16-U16 -> 50.3 | U16: =ABS(U13-U10)*1000 -> 512.7 | V16: =ABS(V13-V10)*1000 -> 563 | W16: =Y16-X16 -> 50.1 | X16: =ABS(X13-X10)*1000 -> 0.6 | Y16: =ABS(Y13-Y10)*1000 -> 50.7 | Z16: =AB16-AA16 -> 50.2 | AA16: =ABS(AA13-AA10)*1000 -> 0.5 | AB16: =ABS(AB13-AB10)*1000 -> 50.7 | AC16: =AE16-AD16 -> 50.1 | AD16: =ABS(AD10-AD13)*1000 -> 513 | AE16: =ABS(AE10-AE13)*1000 -> 563.1 | AF16: =AH16-AG16 -> 49 | AG16: =ABS(AG13-AG10)*1000 -> 0.7 | AH16: =ABS(AH13-AH10)*1000 -> 49.7 | AI16: =AK16-AJ16 -> 50.1 | AJ16: =ABS(AJ13-AJ10)*1000 -> 0.1 | AK16: =ABS(AK13-AK10)*1000 -> 50.2 | AL16: =AN16-AM16 -> 5.7 | AM16: =ABS(AM13-AM10)*1000 -> 0.1 | AN16: =ABS(AN13-AN10)*1000 -> 5.8 | AO16: =AQ16-AP16 -> 43.3 | AP16: =ABS(AP13-AP10)*1000 -> 0.8 | AQ16: =ABS(AQ13-AQ10)*1000 -> 44.1 | AR16: =AT16-AS16 -> 47.3 | AS16: =ABS(AS13-AS10)*1000 -> 0.7 | AT16: =ABS(AT13-AT10)*1000 -> 48 | AU16: =AW16-AV16 -> 48.4 | AV16: =ABS(AV13-AV10)*1000 -> 0.5 | AW16: =ABS(AW13-AW10)*1000 -> 48.9 | AX16: =AZ16-AY16 -> 47.3 | AY16: =ABS(AY13-AY10)*1000 -> 0.8 | AZ16: =ABS(AZ13-AZ10)*1000 -> 48.1 | BA16: =BC16-BB16 -> 50.1 | BB16: =ABS(BB13-BB10)*1000 -> 0.3 | BC16: =ABS(BC13-BC10)*1000 -> 50.4 | BD16: =BF16-BE16 -> 44.7 | BE16: =ABS(BE13-BE10)*1000 -> 0.3 | BF16: =ABS(BF13-BF10)*1000 -> 45 | BG16: =BI16-BH16 -> 48.2 | BH16: =ABS(BH13-BH10)*1000 -> 0.6 | BI16: =ABS(BI13-BI10)*1000 -> 48.8 | BJ16: =BL16-BK16 -> 51.6 | BK16: =ABS(BK13-BK10)*1000 -> 0.1 | BL16: =ABS(BL13-BL10)*1000 -> 51.7
A17: Erro euclidiano de pose (mm) | B17: =D17-C17 -> 50.100445 | C17: =SQRT(SUMSQ(C14:C16)) -> 630.30014 | D17: =SQRT(SUMSQ(D14:D16)) -> 680.40059 | E17: =G17-F17 -> 49.647283 | F17: =SQRT(SUMSQ(F14:F16)) -> 0.85440037 | G17: =SQRT(SUMSQ(G14:G16)) -> 50.501683 | H17: =J17-I17 -> 51.056124 | I17: =SQRT(SUMSQ(I14:I16)) -> 0.9486833 | J17: =SQRT(SUMSQ(J14:J16)) -> 52.004807 | K17: =M17-L17 -> 48.500031 | L17: =SQRT(SUMSQ(L14:L16)) -> 630.2004 | M17: =SQRT(SUMSQ(M14:M16)) -> 678.70043 | N17: =P17-O17 -> 49.9099 | O17: =SQRT(SUMSQ(O14:O16)) -> 0.6 | P17: =SQRT(SUMSQ(P14:P16)) -> 50.5099 | Q17: =S17-R17 -> 50.052536 | R17: =SQRT(SUMSQ(R14:R16)) -> 0.86023253 | S17: =SQRT(SUMSQ(S14:S16)) -> 50.912769 | T17: =V17-U17 -> 50.30081 | U17: =SQRT(SUMSQ(U14:U16)) -> 512.70008 | V17: =SQRT(SUMSQ(V14:V16)) -> 563.00089 | W17: =Y17-X17 -> 49.690156 | X17: =SQRT(SUMSQ(X14:X16)) -> 1.0198039 | Y17: =SQRT(SUMSQ(Y14:Y16)) -> 50.70996 | Z17: =AB17-AA17 -> 49.935534 | AA17: =SQRT(SUMSQ(AA14:AA16)) -> 0.76811457 | AB17: =SQRT(SUMSQ(AB14:AB16)) -> 50.703649 | AC17: =AE17-AD17 -> 50.100244 | AD17: =SQRT(SUMSQ(AD14:AD16)) -> 513.00016 | AE17: =SQRT(SUMSQ(AE14:AE16)) -> 563.1004 | AF17: =AH17-AG17 -> 48.75791 | AG17: =SQRT(SUMSQ(AG14:AG16)) -> 0.94339811 | AH17: =SQRT(SUMSQ(AH14:AH16)) -> 49.701308 | AI17: =AK17-AJ17 -> 49.652477 | AJ17: =SQRT(SUMSQ(AJ14:AJ16)) -> 0.54772256 | AK17: =SQRT(SUMSQ(AK14:AK16)) -> 50.200199 | AL17: =AN17-AM17 -> 49.558616 | AM17: =SQRT(SUMSQ(AM14:AM16)) -> 0.31622777 | AN17: =SQRT(SUMSQ(AN14:AN16)) -> 49.874843 | AO17: =AQ17-AP17 -> 48.229122 | AP17: =SQRT(SUMSQ(AP14:AP16)) -> 0.87749644 | AQ17: =SQRT(SUMSQ(AQ14:AQ16)) -> 49.106619 | AR17: =AT17-AS17 -> 48.995778 | AS17: =SQRT(SUMSQ(AS14:AS16)) -> 0.92195445 | AT17: =SQRT(SUMSQ(AT14:AT16)) -> 49.917732 | AU17: =AW17-AV17 -> 50.02492 | AV17: =SQRT(SUMSQ(AV14:AV16)) -> 0.51961524 | AW17: =SQRT(SUMSQ(AW14:AW16)) -> 50.544535 | AX17: =AZ17-AY17 -> 48.655594 | AY17: =SQRT(SUMSQ(AY14:AY16)) -> 0.94339811 | AZ17: =SQRT(SUMSQ(AZ14:AZ16)) -> 49.598992 | BA17: =BC17-BB17 -> 49.762209 | BB17: =SQRT(SUMSQ(BB14:BB16)) -> 0.65574385 | BC17: =SQRT(SUMSQ(BC14:BC16)) -> 50.417953 | BD17: =BF17-BE17 -> 48.766776 | BE17: =SQRT(SUMSQ(BE14:BE16)) -> 0.86023253 | BF17: =SQRT(SUMSQ(BF14:BF16)) -> 49.627009 | BG17: =BI17-BH17 -> 47.950722 | BH17: =SQRT(SUMSQ(BH14:BH16)) -> 0.85440037 | BI17: =SQRT(SUMSQ(BI14:BI16)) -> 48.805123 | BJ17: =BL17-BK17 -> 50.756152 | BK17: =SQRT(SUMSQ(BK14:BK16)) -> 0.9486833 | BL17: =SQRT(SUMSQ(BL14:BL16)) -> 51.704835
A18: Trajetória visualmente coerente | B18: ----- | C18: coincide | D18: coincide | E18: ----- | F18: coincide | G18: coincide | H18: ----- | I18: coincide | J18: coincide | K18: ----- | L18: coincide | M18: coincide | N18: ----- | O18: coincide | P18: coincide | Q18: ----- | R18: coincide | S18: coincide | T18: ----- | U18: coincide | V18: coincide | W18: ---- | X18: coincide | Y18: coincide | Z18: ---- | AA18: coincide | AB18: coincide | AC18: ----- | AD18: coincide | AE18: coincide | AF18: ---- | AG18: coincide | AH18: coincide | AI18: ---- | AJ18: coincide | AK18: coincide | AL18: ---- | AM18: coincide | AN18: coincide | AO18: ---- | AP18: coincide | AQ18: coincide | AR18: ---- | AS18: coincide | AT18: coincide | AU18: ---- | AV18: coincide | AW18: coincide | AX18: ---- | AY18: coincide | AZ18: coincide | BA18: ---- | BB18: coincide | BC18: coincide | BD18: ---- | BE18: coincide | BF18: coincide | BG18: --- | BH18: coincide | BI18: coincide | BJ18: --- | BK18: coincide | BL18: coincide
A19: Observações | B19: Os testes de segurança mostram um erro de pose elevado mas não são considerados erros de posicionamento pois o robô bloqueia para não colidir com os objetos
B20: Quando a orientação não é 0 1 0 0 há um erro em todos os eixos que tem a ver com as diferenças do tcp porque o mbiente simulado encontra-se rodado 45°
A22: Métricas com Correção do TCP
A23: ID TESTE | B23: O02 | C23: O03 | E23: O06 | F23: O07 | H23: O12 | I23: O13 | K23: O16 | L23: O17 | N23: O19 | Q23: O20 | T23: O21 | U23: O22 (IGUAL A O03 MAS S/OBSTÁCULO)
A24: MÉTRICAS | B24: IR_POSE1 | C24: IR_POSE1 | D24: IR_POSE2 | E24: IR_POSE1 | F24: IR_POSE1 | G24: IR_POSE2 | H24: IR_POSE1 | I24: IR_POSE1 | J24: IR_POSE2 | K24: IR_POSE1 | L24: IR_POSE1 | M24: IR_POSE2 | N24: IR_POSE1 | O24: IR_POSE2 | P24: IR_POSE3 | Q24: IR_POSE1 | R24: IR_POSE2 | S24: IR_POSE3 | T24: IR_POSE1 | U24: IR_POSE1 | V24: IR_POSE2
B25: Físico | C25: Físico | D25: Físico | E25: Físico | F25: Físico | G25: Físico | H25: Físico | I25: Físico | J25: Físico | K25: Físico | L25: Físico | M25: Físico | N25: Físico | O25: Físico | P25: Físico | Q25: Físico | R25: Físico | S25: Físico | T25: Físico | U25: Físico | V25: Físico
A26: Tempo de Planeamento (s) | B26: 1.671 | C26: 1.5466 | D26: 1.5475 | E26: 1.5276 | F26: 1.4602 | G26: 1.5374 | H26: 1.5578 | I26: 1.5428 | J26: 1.5411 | K26: 1.5544 | L26: 1.5543 | M26: 1.5329 | N26: 1.4611 | O26: 1.5432 | P26: 1.5523 | Q26: 1.5536 | R26: 1.6523 | S26: 1.5614 | T26: 1.5545 | U26: 1.5417 | V26: 1.5362
A27: Tempo de Execução (s) | B27: 33.4368 | C27: 11.5061 | D27: 11.1997 | E27: 30.0213 | F27: 12.2299 | G27: 10.8336 | H27: 33.4239 | I27: 11.4886 | J27: 10.6769 | K27: 33.9799 | L27: 12.046 | M27: 10.7363 | N27: 11.9198 | O27: 10.6542 | P27: 12.4917 | Q27: 11.3744 | R27: 10.6547 | S27: 10.9386 | T27: 13.1569 | U27: 10.2163 | V27: 10.5496
A28: Tempo Total de ciclo (s) | B28: =B27+B26 -> 35.1078 | C28: =C27+C26 -> 13.0527 | D28: =D27+D26 -> 12.7472 | E28: =E27+E26 -> 31.5489 | F28: =F27+F26 -> 13.6901 | G28: =G27+G26 -> 12.371 | H28: =H27+H26 -> 34.9817 | I28: =I27+I26 -> 13.0314 | ... V28: =V27+V26 -> 12.0858
A29: Pose X alvo (m) | B29: 0.932 | C29: 1.05 | D29: 0.7 | E29: 0.577 | F29: 0.88 | G29: 0.39 | H29: 1.017 | I29: 1.21 | J29: 0.88 | K29: 0.495 | L29: 0.72 | M29: 0.25 | N29: 0.223 | O29: 0.883 | P29: 1.15 | Q29: 0.339 | R29: 0.828 | S29: 1.201 | T29: 0.792 | U29: 1.05 | V29: 0.7
A30: Pose Y alvo (m) | B30: 0.239 | C30: -0.05 | D30: 0.32 | E30: 0.757 | F30: 0.45 | G30: 0.93 | H30: 0.322 | I30: 0.11 | J30: 0.48 | K30: 0.845 | L30: 0.63 | M30: 0.97 | N30: 1.14 | O30: 0.587 | P30: -0.05 | Q30: 0.954 | R30: 0.631 | S30: 0.005 | T30: 0.964 | U30: -0.05 | V30: 0.32
A31: Pose Z alvo (m) | B31: -0.18 | C31: -0.14 | D31: -0.14 | E31: -0.18 | F31: -0.1 | G31: -0.14 | H31: -0.0625 | I31: -0.02 | J31: -0.03 | K31: -0.0625 | L31: -0.03 | M31: -0.05 | N31: 0.037 | O31: 0.051 | P31: 0.05 | Q31: -0.049 | R31: -0.08 | S31: -0.086 | T31: 0.058 | U31: -0.14 | V31: -0.14
A32: Pose X real (m) | B32: 0.9319 | C32: 1.0497 | D32: 0.7007 | E32: 0.5782 | F32: 0.8799 | G32: 0.3901 | H32: 1.0172 | I32: 1.2102 | J32: 0.8805 | K32: 0.4949 | L32: 0.7204 | M32: 0.2499 | N32: 0.2226 | O32: 0.8825 | P32: 1.1504 | Q32: 0.3399 | R32: 0.8275 | S32: 1.2007 | T32: 0.7914 | U32: 1.0493 | V32: 0.7002
A33: Pose Y real (m) | B33: 0.2389 | C33: -0.051 | D33: 0.3202 | E33: 0.7569 | F33: 0.4495 | G33: 0.9293 | H33: 0.3219 | I33: 0.1094 | J33: 0.4795 | K33: 0.8452 | L33: 0.6297 | M33: 0.9696 | N33: 1.1401 | O33: 0.5871 | P33: -0.0505 | Q33: 0.9546 | R33: 0.6306 | S33: 0.0044 | T33: 0.9636 | U33: -0.0503 | V33: 0.3199
A34: Pose Z real (m) | B34: 0.4503 | C34: -0.139 | D34: -0.1393 | E34: 0.4506 | F34: -0.1015 | G34: -0.1409 | H34: 0.4506 | I34: -0.0187 | J34: -0.0296 | K34: 0.4501 | L34: -0.0309 | M34: -0.0507 | N34: 0.0361 | O34: 0.05104 | P34: 0.0503 | Q34: -0.0489 | R34: -0.0799 | S34: -0.0859 | T34: 0.0575 | U34: -0.1399 | V34: -0.1402
A35: Erro de pose X (mm) | B35: =ABS(B32-B29)*1000 -> 0.1 | C35: =ABS(C32-C29)*1000 -> 0.3 | D35: =ABS(D32-D29)*1000 -> 0.7 | E35: =ABS(E32-E29)*1000 -> 1.2 | F35: =ABS(F32-F29)*1000 -> 0.1 | G35: =ABS(G32-G29)*1000 -> 0.1 | H35: =ABS(H32-H29)*1000 -> 0.2 | I35: =ABS(I32-I29)*1000 -> 0.2 | ... V35: =ABS(V32-V29)*1000 -> 0.2
A36: Erro de pose Y (mm) | B36: =ABS(B33-B30)*1000 -> 0.1 | C36: =ABS(C33-C30)*1000 -> 1 | D36: =ABS(D33-D30)*1000 -> 0.2 | E36: =ABS(E33-E30)*1000 -> 0.1 | F36: =ABS(F33-F30)*1000 -> 0.5 | G36: =ABS(G33-G30)*1000 -> 0.7 | H36: =ABS(H33-H30)*1000 -> 0.1 | I36: =ABS(I33-I30)*1000 -> 0.6 | ... V36: =ABS(V33-V30)*1000 -> 0.1
A37: Erro de pose Z (mm) | B37: =ABS(B34-B31)*1000 -> 630.3 | C37: =ABS(C34-C31)*1000 -> 1 | D37: =ABS(D34-D31)*1000 -> 0.7 | E37: =ABS(E34-E31)*1000 -> 630.6 | F37: =ABS(F34-F31)*1000 -> 1.5 | G37: =ABS(G34-G31)*1000 -> 0.9 | H37: =ABS(H34-H31)*1000 -> 513.1 | I37: =ABS(I34-I31)*1000 -> 1.3 | ... V37: =ABS(V34-V31)*1000 -> 0.2
A38: Erro euclidiano de pose (mm) | B38: =SQRT(SUMSQ(B35:B37)) -> 630.30002 | C38: =SQRT(SUMSQ(C35:C37)) -> 1.4456832 | D38: =SQRT(SUMSQ(D35:D37)) -> 1.0099505 | E38: =SQRT(SUMSQ(E35:E37)) -> 630.60115 | F38: =SQRT(SUMSQ(F35:F37)) -> 1.584298 | G38: =SQRT(SUMSQ(G35:G37)) -> 1.1445523 | H38: =SQRT(SUMSQ(H35:H37)) -> 513.10005 | I38: =SQRT(SUMSQ(I35:I37)) -> 1.4456832 | ... V38: =SQRT(SUMSQ(V35:V37)) -> 0.3
A39: Observações | B39: Os testes de segurança mostram um erro de pose elevado mas não são considerados erros de posicionamento pois o robô bloqueia para não colidir com os objetos
B40: Definiu-se um TCP no TMFlow com 5cm na cordenada Z

Sheet Planners
A1: 1ª Execução | R1: 2ª Execução
A2: ID TESTE | B2: Planner | C2: Tempo planeamento (s) | D2: Tempo execução (s) | E2: Tempo total (s) | F2: Nº de pontos da trajetória planeados | G2: Comprimento trajetória planeada (m) | H2: Sucesso/Falha | I2: Observações | R2: ID TESTE | S2: Planner | T2: Tempo planeamento (s) | U2: Tempo execução (s) | V2: Tempo total (s) | W2: Nº de pontos da trajetória planeados | X2: Comprimento cartesiano TCP (m) | Y2: Sucesso/Falha | Z2: Observações
A3: O03_1 | B3: RRTConnect | C3: 0.11664 | D3: 4.494514 | E3: =D3+C3 -> 4.611154 | F3: 47 | G3: 2.831715 | H3: ✓ | R3: O03_1 | S3: RRTConnect | T3: 0.082687 | U3: 3.739917 | V3: =U3+T3 -> 3.822604 | W3: 39 | X3: 2.25386 | Y3: ✓
B4: RRTstar | C4: 0.093886 | D4: 3.685982 | E4: =D4+C4 -> 3.779868 | F4: 39 | G4: 2.255318 | H4: ✓ | S4: RRTstar | T4: 0.08838 | U4: 3.699086 | V4: =U4+T4 -> 3.787466 | W4: 39 | X4: 2.254267 | Y4: ✓
B5: PRMstar | C5: 0.074256 | D5: 3.738554 | E5: =D5+C5 -> 3.81281 | F5: 39 | G5: 2.255818 | H5: ✓ | S5: PRMstar | T5: 0.083433 | U5: 3.747185 | V5: =U5+T5 -> 3.830618 | W5: 39 | X5: 2.253931 | Y5: ✓
A6: O03_2 | B6: RRTConnect | C6: 0.123007 | D6: 5.293729 | E6: =D6+C6 -> 5.416736 | F6: 55 | G6: 4.304988 | H6: ✓ | I6: Replaneou a meio | R6: O03_2 | S6: RRTConnect | T6: 0.077683 | U6: 3.449855 | V6: =U6+T6 -> 3.527538 | W6: 36 | X6: 1.413859 | Y6: ✓
B7: RRTstar | C7: 0.10512 | D7: 3.443286 | E7: =D7+C7 -> 3.548406 | F7: 36 | G7: 1.41831 | H7: ✓ | K7: Planeadores | S7: RRTstar | T7: 0.106917 | U7: 3.451487 | V7: =U7+T7 -> 3.558404 | W7: 36 | X7: 1.414253 | Y7: ✓
B8: PRMstar | C8: 0.068455 | D8: 3.447129 | E8: =D8+C8 -> 3.515584 | F8: 36 | G8: 1.417461 | H8: ✓ | S8: PRMstar | T8: 0.078604 | U8: 3.455093 | V8: =U8+T8 -> 3.533697 | W8: 36 | X8: 1.418623 | Y8: ✓
A9: O07_1 | B9: RRTConnect | C9: 0.108201 | D9: 4.441911 | E9: =D9+C9 -> 4.550112 | F9: 46 | G9: 3.661822 | H9: ✓ | K9: planner_id: "RRTConnectkConfigDefault", | R9: O07_1 | S9: RRTConnect | T9: 0.187847 | U9: 6.851211 | V9: =U9+T9 -> 7.039058 | W9: 70 | X9: 2.498504 | Y9: ✓
B10: RRTstar | C10: 0.086584 | D10: 3.729423 | E10: =D10+C10 -> 3.816007 | F10: 39 | G10: 2.376257 | H10: ✓ | K10: planner_id: "RRTstarkConfigDefault", | S10: RRTstar | T10: 0.105006 | U10: 4.425236 | V10: =U10+T10 -> 4.530242 | W10: 46 | X10: 3.031576 | Y10: ✓
B11: PRMstar | C11: 0.190614 | D11: 8.247355 | E11: =D11+C11 -> 8.437969 | F11: 84 | G11: 4.425095 | H11: ✓ | I11: Replaneou a meio | K11: planner_id: "PRMstarkConfigDefault", | S11: PRMstar | T11: 0.085344 | U11: 4.443298 | V11: =U11+T11 -> 4.528642 | W11: 46 | X11: 3.653151 | Y11: ✓
A12: O07_2 | B12: RRTConnect | C12: 0.072171 | D12: 3.111598 | E12: =D12+C12 -> 3.183769 | F12: 32 | G12: 1.511817 | H12: ✓ | R12: O07_2 | S12: RRTConnect | T12: 0.080012 | U12: 3.101438 | V12: =U12+T12 -> 3.18145 | W12: 32 | X12: 1.512641 | Y12: ✓
B13: RRTstar | C13: 0.074056 | D13: 3.044419 | E13: =D13+C13 -> 3.118475 | F13: 32 | G13: 1.511741 | H13: ✓ | S13: RRTstar | T13: 0.092744 | U13: 3.154359 | V13: =U13+T13 -> 3.247103 | W13: 33 | X13: 1.51659 | Y13: ✓
B14: PRMstar | C14: - | D14: - | E14: - | F14: - | G14: - | H14: ⮾ | I14: tcp exceeds limit | S14: PRMstar | T14: 0.070766 | U14: 3.051946 | V14: =U14+T14 -> 3.122712 | W14: 32 | X14: 1.512954 | Y14: ✓
A15: O13_1 | B15: RRTConnect | C15: 0.088377 | D15: 3.693585 | E15: =D15+C15 -> 3.781962 | F15: 39 | G15: 2.2684 | H15: ✓ | R15: O13_1 | S15: RRTConnect | T15: 0.083687 | U15: 4.588965 | V15: =U15+T15 -> 4.672652 | W15: 48 | X15: 2.985891 | Y15: ✓
B16: RRTstar | C16: 0.073994 | D16: 4.58583 | E16: =D16+C16 -> 4.659824 | F16: 48 | G16: 2.984332 | H16: ✓ | S16: RRTstar | T16: 0.089515 | U16: 3.684394 | V16: =U16+T16 -> 3.773909 | W16: 39 | X16: 2.269585 | Y16: ✓
B17: PRMstar | C17: 0.0867 | D17: 4.544273 | E17: =D17+C17 -> 4.630973 | F17: 47 | G17: 2.984081 | H17: ✓ | S17: PRMstar | T17: 0.086239 | U17: 3.691285 | V17: =U17+T17 -> 3.777524 | W17: 39 | X17: 2.268542 | Y17: ✓
A18: O13_2 | B18: RRTConnect | C18: 0.087823 | D18: 2.887438 | E18: =D18+C18 -> 2.975261 | F18: 30 | G18: 1.184259 | H18: ✓ | R18: O13_2 | S18: RRTConnect | T18: 0.089548 | U18: 3.1045 | V18: =U18+T18 -> 3.194048 | W18: 33 | X18: 1.6754 | Y18: ✓
B19: RRTstar | C19: 0.096217 | D19: 4.496373 | E19: =D19+C19 -> 4.59259 | F19: 47 | G19: 3.916942 | H19: ✓ | S19: RRTstar | T19: 0.084791 | U19: 2.898822 | V19: =U19+T19 -> 2.983613 | W19: 30 | X19: 1.183167 | Y19: ✓
B20: PRMstar | C20: 0.105846 | D20: 4.546747 | E20: =D20+C20 -> 4.652593 | F20: 47 | G20: 3.91334 | H20: ✓ | L20: Tempo planeamento (s) | M20: Tempo execução(s) | N20: Tempo total (s) | O20: Pontos planeados | P20: Comprimento cartesiano TCP (m) | S20: PRMstar | T20: 0.076033 | U20: 2.893637 | V20: =U20+T20 -> 2.96967 | W20: 30 | X20: 1.184255 | Y20: ✓ | AC20: Tempo planeamento (s) | AD20: Tempo execução(s) | AE20: Tempo total (s) | AF20: Pontos planeados | AG20: Comprimento cartesiano TCP (m)
A21: O17_1 | B21: RRTConnect | C21: 0.104859 | D21: 4.243808 | E21: =D21+C21 -> 4.348667 | F21: 44 | G21: 3.388631 | H21: ✓ | K21: RRTConnect | L21: =AVERAGEIF(B3:B53,"RRTConnect",C3:C53) -> 0.10392818 | M21: =AVERAGEIF(B3:B53,"RRTConnect",D3:D53) -> 3.8426905 | N21: =AVERAGEIF(B3:B53,"RRTConnect",E3:E53) -> 3.9466187 | O21: =AVERAGEIF(B3:B53,"RRTConnect",F3:F53) -> 40.058824 | P21: =AVERAGEIF(B3:B53,"RRTConnect",G3:G53) -> 2.5743561 | R21: O17_1 | S21: RRTConnect | T21: 0.103292 | U21: 4.245147 | V21: =U21+T21 -> 4.348439 | W21: 44 | X21: 3.38228 | Y21: ✓ | AB21: RRTConnect | AC21: =AVERAGEIF(S3:S53,"RRTConnect",T3:T53) -> 0.090371647 | AD21: =AVERAGEIF(S3:S53,"RRTConnect",U3:U53) -> 3.9676868 | AE21: =AVERAGEIF(S3:S53,"RRTConnect",V3:V53) -> 4.0580584 | AF21: =AVERAGEIF(S3:S53,"RRTConnect",W3:W53) -> 40.588235 | AG21: =AVERAGEIF(S3:S53,"RRTConnect",X3:X53) -> 2.0454483
B22: RRTstar | C22: 0.081578 | D22: 4.247989 | E22: =D22+C22 -> 4.329567 | F22: 44 | G22: 3.382157 | H22: ✓ | K22: RRTstar | L22: =AVERAGEIF(B3:B53,"RRTstar",C3:C53) -> 0.086073118 | M22: =AVERAGEIF(B3:B53,"RRTstar",D3:D53) -> 3.6146478 | N22: =AVERAGEIF(B3:B53,"RRTstar",E3:E53) -> 3.7007209 | O22: =AVERAGEIF(B3:B53,"RRTstar",F3:F53) -> 38 | P22: =AVERAGEIF(B3:B53,"RRTstar",G3:G53) -> 2.1414779 | S22: RRTstar | T22: 0.107875 | U22: 3.63856 | V22: =U22+T22 -> 3.746435 | W22: 38 | X22: 2.275929 | Y22: ✓ | AB22: RRTstar | AC22: =AVERAGEIF(S3:S53,"RRTstar",T3:T53) -> 0.084629235 | AD22: =AVERAGEIF(S3:S53,"RRTstar",U3:U53) -> 3.5984899 | AE22: =AVERAGEIF(S3:S53,"RRTstar",V3:V53) -> 3.6831192 | AF22: =AVERAGEIF(S3:S53,"RRTstar",W3:W53) -> 37.647059 | AG22: =AVERAGEIF(S3:S53,"RRTstar",X3:X53) -> 1.9166411
B23: PRMstar | C23: 0.166186 | D23: 8.191961 | E23: =D23+C23 -> 8.358147 | F23: 83 | G23: 4.795527 | H23: ✓ | I23: Replaneou a meio | K23: PRMstar | L23: =AVERAGEIF(B3:B53,"PRMstar",C3:C53) -> 0.097574187 | M23: =AVERAGEIF(B3:B53,"PRMstar",D3:D53) -> 4.2471065 | N23: =AVERAGEIF(B3:B53,"PRMstar",E3:E53) -> 4.3446807 | O23: =AVERAGEIF(B3:B53,"PRMstar",F3:F53) -> 43.8125 | P23: =AVERAGEIF(B3:B53,"PRMstar",G3:G53) -> 2.4810594 | S23: PRMstar | T23: 0.069604 | U23: 3.648179 | V23: =U23+T23 -> 3.717783 | W23: 38 | X23: 2.40037 | Y23: ✓ | AB23: PRMstar | AC23: =AVERAGEIF(S3:S53,"PRMstar",T3:T53) -> 0.077802312 | AD23: =AVERAGEIF(S3:S53,"PRMstar",U3:U53) -> 3.5955822 | AE23: =AVERAGEIF(S3:S53,"PRMstar",V3:V53) -> 3.6733845 | AF23: =AVERAGEIF(S3:S53,"PRMstar",W3:W53) -> 37.5 | AG23: =AVERAGEIF(S3:S53,"PRMstar",X3:X53) -> 2.048612
A24: O17_2 | B24: RRTConnect | C24: 0.061878 | D24: 2.956337 | E24: =D24+C24 -> 3.018215 | F24: 31 | G24: 1.283322 | H24: ✓ | R24: O17_2 | S24: RRTConnect | T24: 0.082259 | U24: 2.94945 | V24: =U24+T24 -> 3.031709 | W24: 31 | X24: 1.281542 | Y24: ✓
B25: RRTstar | C25: 0.07636 | D25: 2.951064 | E25: =D25+C25 -> 3.027424 | F25: 31 | G25: 1.282566 | H25: ✓ | S25: RRTstar | T25: 0.062057 | U25: 4.894455 | V25: =U25+T25 -> 4.956512 | W25: 50 | X25: 2.268277 | Y25: ✓
B26: PRMstar | C26: 0.084393 | D26: 2.892393 | E26: =D26+C26 -> 2.976786 | F26: 30 | G26: 1.282419 | H26: ✓ | S26: PRMstar | T26: - | U26: - | V26: - | W26: - | X26: - | Y26: ⮾ | Z26: tcp exceeds limit
A27: O19_1 | B27: RRTConnect | C27: 0.113818 | D27: 4.150699 | E27: =D27+C27 -> 4.264517 | F27: 43 | G27: 3.20211 | H27: ✓ | R27: O19_1 | S27: RRTConnect | T27: 0.111239 | U27: 4.13184 | V27: =U27+T27 -> 4.243079 | W27: 43 | X27: 3.208593 | Y27: ✓
B28: RRTstar | C28: 0.099738 | D28: 3.49491 | E28: =D28+C28 -> 3.594648 | F28: 36 | G28: 2.843293 | H28: ✓ | S28: RRTstar | T28: 0.081919 | U28: 3.64681 | V28: =U28+T28 -> 3.728729 | W28: 38 | X28: 2.287549 | Y28: ✓
B29: PRMstar | C29: 0.093214 | D29: 3.549021 | E29: =D29+C29 -> 3.642235 | F29: 37 | G29: 2.842954 | H29: ✓ | S29: PRMstar | T29: 0.075128 | U29: 3.345159 | V29: =U29+T29 -> 3.420287 | W29: 35 | X29: 2.841398 | Y29: ✓
A30: O19_2 | B30: RRTConnect | C30: 0.139846 | D30: 5.009147 | E30: =D30+C30 -> 5.148993 | F30: 52 | G30: 3.038456 | H30: ✓ | R30: O19_2 | S30: RRTConnect | T30: 0.084166 | U30: 5.14577 | V30: =U30+T30 -> 5.229936 | W30: 53 | X30: 1.736696 | Y30: ✓
B31: RRTstar | C31: 0.063221 | D31: 3.438989 | E31: =D31+C31 -> 3.50221 | F31: 36 | G31: 1.387474 | H31: ✓ | S31: RRTstar | T31: 0.079678 | U31: 3.448502 | V31: =U31+T31 -> 3.52818 | W31: 36 | X31: 1.387032 | Y31: ✓
B32: PRMstar | C32: 0.11085 | D32: 3.489886 | E32: =D32+C32 -> 3.600736 | F32: 37 | G32: 1.387841 | H32: ✓ | S32: PRMstar | T32: 0.083302 | U32: 3.496417 | V32: =U32+T32 -> 3.579719 | W32: 36 | X32: 1.385943 | Y32: ✓
A33: O19_3 | B33: RRTConnect | C33: 0.160476 | D33: 4.697104 | E33: =D33+C33 -> 4.85758 | F33: 49 | G33: 5.27046 | H33: ✓ | R33: O19_3 | S33: RRTConnect | T33: 0.100665 | U33: 5.459283 | V33: =U33+T33 -> 5.559948 | W33: 50 | X33: 1.7896 | Y33: ✓
B34: RRTstar | C34: 0.074505 | D34: 3.749834 | E34: =D34+C34 -> 3.824339 | F34: 39 | G34: 1.290953 | H34: ✓ | S34: RRTstar | T34: 0.089813 | U34: 4.141409 | V34: =U34+T34 -> 4.231222 | W34: 43 | X34: 1.382786 | Y34: ✓
B35: PRMstar | C35: 0.08474 | D35: 4.051823 | E35: =D35+C35 -> 4.136563 | F35: 42 | G35: 1.385651 | H35: ✓ | S35: PRMstar | T35: 0.07881 | U35: 5.304874 | V35: =U35+T35 -> 5.383684 | W35: 55 | X35: 2.145516 | Y35: ✓
A36: O20_1 | B36: RRTConnect | C36: 0.093743 | D36: 3.667051 | E36: =D36+C36 -> 3.760794 | F36: 38 | G36: 2.729094 | H36: ✓ | R36: O20_1 | S36: RRTConnect | T36: 0.079825 | U36: 3.651495 | V36: =U36+T36 -> 3.73132 | W36: 38 | X36: 2.729487 | Y36: ✓
B37: RRTstar | C37: 0.102947 | D37: 3.650575 | E37: =D37+C37 -> 3.753522 | F37: 38 | G37: 2.72712 | H37: ✓ | S37: RRTstar | T37: 0.08062 | U37: 3.64263 | V37: =U37+T37 -> 3.72325 | W37: 38 | X37: 2.726754 | Y37: ✓
B38: PRMstar | C38: 0.084037 | D38: 3.646173 | E38: =D38+C38 -> 3.73021 | F38: 38 | G38: 2.728413 | H38: ✓ | S38: PRMstar | T38: 0.083501 | U38: 3.613625 | V38: =U38+T38 -> 3.697126 | W38: 37 | X38: 2.728794 | Y38: ✓
A39: O20_2 | B39: RRTConnect | C39: 0.078314 | D39: 2.897795 | E39: =D39+C39 -> 2.976109 | F39: 30 | G39: 1.326621 | H39: ✓ | R39: O20_2 | S39: RRTConnect | T39: 0.056326 | U39: 2.909568 | V39: =U39+T39 -> 2.965894 | W39: 30 | X39: 1.329051 | Y39: ✓
B40: RRTstar | C40: 0.083118 | D40: 2.885476 | E40: =D40+C40 -> 2.968594 | F40: 30 | G40: 1.328577 | H40: ✓ | S40: RRTstar | T40: 0.08446 | U40: 2.906466 | V40: =U40+T40 -> 2.990926 | W40: 30 | X40: 1.330644 | Y40: ✓
B41: PRMstar | C41: 0.083984 | D41: 2.898216 | E41: =D41+C41 -> 2.9822 | F41: 30 | G41: 1.329551 | H41: ✓ | S41: PRMstar | T41: 0.073629 | U41: 2.996286 | V41: =U41+T41 -> 3.069915 | W41: 32 | X41: 1.325805 | Y41: ✓
A42: O20_3 | B42: RRTConnect | C42: 0.083858 | D42: 3.198371 | E42: =D42+C42 -> 3.282229 | F42: 34 | G42: 1.489356 | H42: ✓ | R42: O20_3 | S42: RRTConnect | T42: 0.06788 | U42: 3.128268 | V42: =U42+T42 -> 3.196148 | W42: 33 | X42: 1.488516 | Y42: ✓
B43: RRTstar | C43: 0.092036 | D43: 3.145369 | E43: =D43+C43 -> 3.237405 | F43: 33 | G43: 1.484246 | H43: ✓ | S43: RRTstar | T43: 0.055442 | U43: 3.134285 | V43: =U43+T43 -> 3.189727 | W43: 33 | X43: 1.487199 | Y43: ✓
B44: PRMstar | C44: 0.071969 | D44: 3.123645 | E44: =D44+C44 -> 3.195614 | F44: 33 | G44: 1.488241 | H44: ✓ | S44: PRMstar | T44: 0.078543 | U44: 3.193316 | V44: =U44+T44 -> 3.271859 | W44: 34 | X44: 1.489153 | Y44: ✓
A45: O21 | B45: RRTConnect | C45: 0.084749 | D45: 3.442403 | E45: =D45+C45 -> 3.527152 | F45: 36 | G45: 2.60061 | H45: ✓ | R45: O21 | S45: RRTConnect | T45: 0.098915 | U45: 3.997651 | V45: =U45+T45 -> 4.096566 | W45: 42 | X45: 2.463741 | Y45: ✓
B46: RRTstar | C46: 0.08624 | D46: 4.315411 | E46: =D46+C46 -> 4.401651 | F46: 44 | G46: 2.637669 | H46: ✓ | S46: RRTstar | T46: 0.071287 | U46: 3.453813 | V46: =U46+T46 -> 3.5251 | W46: 36 | X46: 2.600166 | Y46: ✓
B47: PRMstar | C47: 0.083122 | D47: 3.498363 | E47: =D47+C47 -> 3.581485 | F47: 37 | G47: 2.599658 | H47: ✓ | S47: PRMstar | T47: 0.078658 | U47: 3.450376 | V47: =U47+T47 -> 3.529034 | W47: 36 | X47: 2.600522 | Y47: ✓
A48: O22_1 | B48: RRTConnect | C48: 0.125655 | D48: 3.684445 | E48: =D48+C48 -> 3.8101 | F48: 39 | G48: 2.25439 | H48: ✓ | R48: O22_1 | S48: RRTConnect | T48: 0.082687 | U48: 3.739917 | V48: =U48+T48 -> 3.822604 | W48: 39 | X48: 2.25386 | Y48: ✓
B49: RRTstar | C49: 0.074256 | D49: 3.738554 | E49: =D49+C49 -> 3.81281 | F49: 39 | G49: 2.255818 | H49: ✓ | S49: RRTstar | T49: 0.08838 | U49: 3.699086 | V49: =U49+T49 -> 3.787466 | W49: 39 | X49: 2.254267 | Y49: ✓
B50: PRMstar | C50: 0.108098 | D50: 4.538241 | E50: =D50+C50 -> 4.646339 | F50: 47 | G50: 2.839042 | H50: ✓ | S50: PRMstar | T50: 0.083433 | U50: 3.747185 | V50: =U50+T50 -> 3.830618 | W50: 39 | X50: 2.253931 | Y50: ✓
A51: O22_2 | B51: RRTConnect | C51: 0.123364 | D51: 3.455804 | E51: =D51+C51 -> 3.579168 | F51: 36 | G51: 1.418002 | H51: ✓ | R51: O22_2 | S51: RRTConnect | T51: 0.0676 | U51: 3.2564 | V51: =U51+T51 -> 3.324 | W51: 29 | X51: 0.7691 | Y51: ✓
B52: RRTstar | C52: 0.099387 | D52: 2.845529 | E52: =D52+C52 -> 2.944916 | F52: 35 | G52: 1.322351 | H52: ✓ | S52: RRTstar | T52: 0.069813 | U52: 3.254929 | V52: =U52+T52 -> 3.324742 | W52: 36 | X52: 0.912857 | Y52: ✓
B53: PRMstar | C53: 0.064723 | D53: 3.549924 | E53: =D53+C53 -> 3.614647 | F53: 34 | G53: 2.021859 | H53: ✓ | S53: PRMstar | T53: 0.05981 | U53: 3.451454 | V53: =U53+T53 -> 3.511264 | W53: 36 | X53: 1.314904 | Y53: ✓
A55: 3ª Execução | R55: 4ª Execução
A56: ID TESTE | B56: Planner | C56: Tempo planeamento (s) | D56: Tempo execução (s) | E56: Tempo total (s) | F56: Nº de pontos da trajetória planeados | G56: Comprimento trajetória planeada (m) | H56: Sucesso/Falha | I56: Observações | R56: ID TESTE | S56: Planner | T56: Tempo planeamento (s) | U56: Tempo execução (s) | V56: Tempo total (s) | W56: Nº de pontos da trajetória planeados | X56: Comprimento cartesiano TCP (m) | Y56: Sucesso/Falha | Z56: Observações
A57: O03_1 | B57: RRTConnect | C57: 0.090152 | D57: 3.748018 | E57: =D57+C57 -> 3.83817 | F57: 39 | G57: 2.255704 | H57: ✓ | R57: O03_1 | S57: RRTConnect | T57: 0.085305 | U57: 4.485999 | V57: =U57+T57 -> 4.571304 | W57: 47 | X57: 2.831955 | Y57: ✓
B58: RRTstar | C58: 0.092525 | D58: 3.742183 | E58: =D58+C58 -> 3.834708 | F58: 39 | G58: 2.254643 | H58: ✓ | S58: RRTstar | T58: 0.068699 | U58: 3.746287 | V58: =U58+T58 -> 3.814986 | W58: 39 | X58: 2.253944 | Y58: ✓
B59: PRMstar | C59: 0.122015 | D59: 3.747145 | E59: =D59+C59 -> 3.86916 | F59: 39 | G59: 2.375162 | H59: ✓ | S59: PRMstar | T59: 0.083433 | U59: 3.747185 | V59: =U59+T59 -> 3.830618 | W59: 39 | X59: 2.253931 | Y59: ✓
A60: O03_2 | B60: RRTConnect | C60: 0.110427 | D60: 3.45073 | E60: =D60+C60 -> 3.561157 | F60: 36 | G60: 1.418887 | H60: ✓ | R60: O03_2 | S60: RRTConnect | T60: 0.10453 | U60: 4.846777 | V60: =U60+T60 -> 4.951307 | W60: 50 | X60: 3.471767 | Y60: ✓
B61: RRTstar | C61: - | D61: - | E61: - | F61: - | G61: - | H61: ⮾ | I61: tcp exceeds limit | S61: RRTstar | T61: 0.074032 | U61: 3.401632 | V61: =U61+T61 -> 3.475664 | W61: 36 | X61: 1.414523 | Y61: ✓
B62: PRMstar | C62: 0.063572 | D62: 3.046809 | E62: =D62+C62 -> 3.110381 | F62: 32 | G62: 1.512903 | H62: ✓ | S62: PRMstar | T62: 0.078604 | U62: 3.455093 | V62: =U62+T62 -> 3.533697 | W62: 36 | X62: 1.418623 | Y62: ✓
A63: O07_1 | B63: RRTConnect | C63: 0.083336 | D63: 3.696301 | E63: =D63+C63 -> 3.779637 | F63: 39 | G63: 2.377428 | H63: ✓ | R63: O07_1 | S63: RRTConnect | T63: 0.072813 | U63: 3.741313 | V63: =U63+T63 -> 3.814126 | W63: 39 | X63: 2.377976 | Y63: ✓
B64: RRTstar | C64: 0.108406 | D64: 4.449486 | E64: =D64+C64 -> 4.557892 | F64: 46 | G64: 3.241821 | H64: ✓ | S64: RRTstar | T64: 0.176917 | U64: 8.749338 | V64: =U64+T64 -> 8.926255 | W64: 89 | X64: 4.896276 | Y64: ✓ | Z64: Replaneou
B65: PRMstar | C65: 0.083906 | D65: 4.503559 | E65: =D65+C65 -> 4.587465 | F65: 47 | G65: 3.916854 | H65: ✓ | S65: PRMstar | T65: 0.104474 | U65: 4.636271 | V65: =U65+T65 -> 4.740745 | W65: 48 | X65: 5.563817 | Y65: ✓ | Z65: Replaneou
A66: O07_2 | B66: RRTConnect | C66: 0.069007 | D66: 3.1032 | E66: =D66+C66 -> 3.172207 | F66: 32 | G66: 1.513475 | H66: ✓ | L66: Tempo planeamento (s) | M66: Tempo execução(s) | N66: Tempo total (s) | O66: Pontos planeados | P66: Comprimento cartesiano TCP (m) | R66: O07_2 | S66: RRTConnect | T66: 0.085146 | U66: 3.10138 | V66: =U66+T66 -> 3.186526 | W66: 32 | X66: 1.51135 | Y66: ✓ | AC66: Tempo planeamento (s) | AD66: Tempo execução(s) | AE66: Tempo total (s) | AF66: Pontos planeados | AG66: Comprimento cartesiano TCP (m)
B67: RRTstar | C67: 0.085628 | D67: 3.160149 | E67: =D67+C67 -> 3.245777 | F67: 33 | G67: 1.51925 | H67: ✓ | K67: RRTConnect | L67: =AVERAGEIF(B57:B107,"RRTConnect",C57:C107) -> 0.090522588 | M67: =AVERAGEIF(B57:B107,"RRTConnect",D57:D107) -> 3.7167428 | N67: =AVERAGEIF(B57:B107,"RRTConnect",E57:E107) -> 3.8072654 | O67: =AVERAGEIF(B57:B107,"RRTConnect",F57:F107) -> 38.588235 | P67: =AVERAGEIF(B57:B107,"RRTConnect",G57:G107) -> 2.1998128 | S67: RRTstar | T67: 0.108869 | U67: 3.151663 | V67: =U67+T67 -> 3.260532 | W67: 33 | X67: 1.516806 | Y67: ✓ | AB67: RRTConnect | AC67: =AVERAGEIF(S57:S107,"RRTConnect",T49:T99) -> 0.094912562 | AD67: =AVERAGEIF(S57:S107,"RRTConnect",U57:U107) -> 3.8604636 | AE67: =AVERAGEIF(S57:S107,"RRTConnect",V57:V107) -> 3.947224 | AF67: =AVERAGEIF(S57:S107,"RRTConnect",W57:W107) -> 40.176471 | AG67: =AVERAGEIF(S57:S107,"RRTConnect",X57:X107) -> 2.5706085
B68: PRMstar | C68: - | D68: - | E68: - | F68: - | G68: - | H68: ⮾ | I68: tcp exceeds limit | K68: RRTstar | L68: =AVERAGEIF(B57:B107,"RRTstar",C57:C107) -> 0.094962125 | M68: =AVERAGEIF(B57:B107,"RRTstar",D57:D107) -> 4.0939382 | N68: =AVERAGEIF(B57:B107,"RRTstar",E57:E107) -> 4.1889004 | O68: =AVERAGEIF(B57:B107,"RRTstar",F57:F107) -> 40.3125 | P68: =AVERAGEIF(B57:B107,"RRTstar",G57:G107) -> 2.6354239 | S68: PRMstar | T68: 0.077583 | U68: 3.490571 | V68: =U68+T68 -> 3.568154 | W68: 37 | X68: 2.600728 | Y68: ✓ | AB68: RRTstar | AC68: =AVERAGEIF(S57:S107,"RRTstar",T57:T107) -> 0.093472 | AD68: =AVERAGEIF(S57:S107,"RRTstar",U57:U107) -> 3.9149139 | AE68: =AVERAGEIF(S57:S107,"RRTstar",V57:V107) -> 4.0083859 | AF68: =AVERAGEIF(S57:S107,"RRTstar",W57:W107) -> 41.176471 | AG68: =AVERAGEIF(S57:S107,"RRTstar",X57:X107) -> 2.3285892
A69: O13_1 | B69: RRTConnect | C69: 0.109759 | D69: 4.61492 | E69: =D69+C69 -> 4.724679 | F69: 48 | G69: 2.984382 | H69: ✓ | K69: PRMstar | L69: =AVERAGEIF(B57:B107,"PRMstar",C57:C107) -> 0.095890188 | M69: =AVERAGEIF(B57:B107,"PRMstar",D57:D107) -> 4.0055167 | N69: =AVERAGEIF(B57:B107,"PRMstar",E57:E107) -> 4.1014069 | O69: =AVERAGEIF(B57:B107,"PRMstar",F57:F107) -> 41.6875 | P69: =AVERAGEIF(B57:B107,"PRMstar",G57:G107) -> 3.0824772 | R69: O13_1 | S69: RRTConnect | T69: 0.074123 | U69: 3.68129 | V69: =U69+T69 -> 3.755413 | W69: 39 | X69: 2.2693 | Y69: ✓ | AB69: PRMstar | AC69: =AVERAGEIF(S57:S107,"PRMstar",T57:T107) -> 0.096537562 | AD69: =AVERAGEIF(S57:S107,"PRMstar",U57:U107) -> 3.6315392 | AE69: =AVERAGEIF(S57:S107,"PRMstar",V57:V107) -> 3.7280767 | AF69: =AVERAGEIF(S57:S107,"PRMstar",W57:W107) -> 39.8125 | AG69: =AVERAGEIF(S57:S107,"PRMstar",X57:X107) -> 2.4137754
B70: RRTstar | C70: 0.0715 | D70: 3.697888 | E70: =D70+C70 -> 3.769388 | F70: 39 | G70: 2.268579 | H70: ✓ | S70: RRTstar | T70: 0.117187 | U70: 4.013774 | V70: =U70+T70 -> 4.130961 | W70: 42 | X70: 2.279525 | Y70: ✓
B71: PRMstar | C71: 0.091203 | D71: 5.289398 | E71: =D71+C71 -> 5.380601 | F71: 55 | G71: 5.276923 | H71: ✓ | I71: Replaneou | S71: PRMstar | T71: 0.077854 | U71: 3.681041 | V71: =U71+T71 -> 3.758895 | W71: 39 | X71: 2.254901 | Y71: ✓
A72: O13_2 | B72: RRTConnect | C72: 0.08311 | D72: 4.55956 | E72: =D72+C72 -> 4.64267 | F72: 47 | G72: 4.262945 | H72: ✓ | R72: O13_2 | S72: RRTConnect | T72: 0.065113 | U72: 2.903183 | V72: =U72+T72 -> 2.968296 | W72: 30 | X72: 1.184999 | Y72: ✓
B73: RRTstar | C73: 0.090657 | D73: 2.891918 | E73: =D73+C73 -> 2.982575 | F73: 30 | G73: 1.184125 | H73: ✓ | S73: RRTstar | T73: 0.087628 | U73: 2.889923 | V73: =U73+T73 -> 2.977551 | W73: 30 | X73: 1.185428 | Y73: ✓
B74: PRMstar | C74: 0.083906 | D74: 4.503559 | E74: =D74+C74 -> 4.587465 | F74: 47 | G74: 3.916854 | H74: ✓ | S74: PRMstar | T74: 0.077096 | U74: 3.438799 | V74: =U74+T74 -> 3.515895 | W74: 36 | X74: 1.419034 | Y74: ✓
A75: O17_1 | B75: RRTConnect | C75: 0.099597 | D75: 4.236835 | E75: =D75+C75 -> 4.336432 | F75: 44 | G75: 3.381287 | H75: ✓ | R75: O17_1 | S75: RRTConnect | T75: 0.068581 | U75: 3.692062 | V75: =U75+T75 -> 3.760643 | W75: 39 | X75: 2.399634 | Y75: ✓
B76: RRTstar | C76: 0.112998 | D76: 4.201914 | E76: =D76+C76 -> 4.314912 | F76: 44 | G76: 3.002946 | H76: ✓ | S76: RRTstar | T76: 0.08213 | U76: 3.68009 | V76: =U76+T76 -> 3.76222 | W76: 39 | X76: 2.400189 | Y76: ✓
B77: PRMstar | C77: 0.106023 | D77: 3.678969 | E77: =D77+C77 -> 3.784992 | F77: 38 | G77: 2.769977 | H77: ✓ | S77: PRMstar | T77: 0.11782 | U77: 3.692326 | V77: =U77+T77 -> 3.810146 | W77: 39 | X77: 2.255472 | Y77: ✓
A78: O17_2 | B78: RRTConnect | C78: 0.088782 | D78: 2.937667 | E78: =D78+C78 -> 3.026449 | F78: 31 | G78: 1.281898 | H78: ✓ | R78: O17_2 | S78: RRTConnect | T78: 0.115953 | U78: 3.402966 | V78: =U78+T78 -> 3.518919 | W78: 35 | X78: 1.382317 | Y78: ✓
B79: RRTstar | C79: 0.10376 | D79: 3.048926 | E79: =D79+C79 -> 3.152686 | F79: 32 | G79: 1.28664 | H79: ✓ | S79: RRTstar | T79: 0.080577 | U79: 3.438994 | V79: =U79+T79 -> 3.519571 | W79: 36 | X79: 1.337144 | Y79: ✓
B80: PRMstar | C80: 0.099752 | D80: 4.251916 | E80: =D80+C80 -> 4.351668 | F80: 44 | G80: 3.381495 | H80: ✓ | S80: PRMstar | T80: 0.08415 | U80: 3.454052 | V80: =U80+T80 -> 3.538202 | W80: 36 | X80: 1.419719 | Y80: ✓
A81: O19_1 | B81: RRTConnect | C81: 0.111985 | D81: 3.49009 | E81: =D81+C81 -> 3.602075 | F81: 36 | G81: 2.841352 | H81: ✓ | R81: O19_1 | S81: RRTConnect | T81: 0.104595 | U81: 4.138258 | V81: =U81+T81 -> 4.242853 | W81: 43 | X81: 3.2026 | Y81: ✓
B82: RRTstar | C82: 0.11283 | D82: 4.150701 | E82: =D82+C82 -> 4.263531 | F82: 43 | G82: 3.205462 | H82: ✓ | S82: RRTstar | T82: 0.103649 | U82: 3.502553 | V82: =U82+T82 -> 3.606202 | W82: 36 | X82: 2.841507 | Y82: ✓
B83: PRMstar | C83: 0.099714 | D83: 2.888582 | E83: =D83+C83 -> 2.988296 | F83: 30 | G83: 1.282204 | H83: ✓ | S83: PRMstar | T83: 0.08301 | U83: 4.448089 | V83: =U83+T83 -> 4.531099 | W83: 46 | X83: 3.655012 | Y83: ✓
A84: O19_2 | B84: RRTConnect | C84: 0.076813 | D84: 3.495822 | E84: =D84+C84 -> 3.572635 | F84: 37 | G84: 1.387765 | H84: ✓ | R84: O19_2 | S84: RRTConnect | T84: 0.080634 | U84: 4.04405 | V84: =U84+T84 -> 4.124684 | W84: 42 | X84: 1.572315 | Y84: ✓
B85: RRTstar | C85: 0.088619 | D85: 4.746533 | E85: =D85+C85 -> 4.835152 | F85: 49 | G85: 1.568484 | H85: ✓ | S85: RRTstar | T85: 0.096739 | U85: 3.454715 | V85: =U85+T85 -> 3.551454 | W85: 36 | X85: 1.386928 | Y85: ✓
B86: PRMstar | C86: 0.134901 | D86: 4.148969 | E86: =D86+C86 -> 4.28387 | F86: 43 | G86: 3.202673 | H86: ✓ | S86: PRMstar | T86: 0.108586 | U86: 3.057577 | V86: =U86+T86 -> 3.166163 | W86: 32 | X86: 1.514862 | Y86: ✓
A87: O19_3 | B87: RRTConnect | C87: 0.092056 | D87: 4.001051 | E87: =D87+C87 -> 4.093107 | F87: 42 | G87: 1.414224 | H87: ✓ | R87: O19_3 | S87: RRTConnect | T87: 0.090396 | U87: 4.598207 | V87: =U87+T87 -> 4.688603 | W87: 48 | X87: 5.145325 | Y87: ✓ | Z87: Replaneou
B88: RRTstar | C88: 0.108099 | D88: 6.797675 | E88: =D88+C88 -> 6.905774 | F88: 35 | G88: 1.176075 | H88: ✓ | S88: RRTstar | T88: 0.101904 | U88: 4.100337 | V88: =U88+T88 -> 4.202241 | W88: 43 | X88: 1.516175 | Y88: ✓
B89: PRMstar | C89: 0.126947 | D89: 4.746964 | E89: =D89+C89 -> 4.873911 | F89: 49 | G89: 2.820587 | H89: ✓ | S89: PRMstar | T89: - | U89: - | V89: - | W89: - | X89: - | Y89: ⮾ | Z89: tcp exceeds limit
A90: O20_1 | B90: RRTConnect | C90: 0.078836 | D90: 3.653051 | E90: =D90+C90 -> 3.731887 | F90: 38 | G90: 2.7288 | H90: ✓ | R90: O20_1 | S90: RRTConnect | T90: 0.093727 | U90: 3.944723 | V90: =U90+T90 -> 4.03845 | W90: 41 | X90: 3.148492 | Y90: ✓
B91: RRTstar | C91: 0.090588 | D91: 3.943134 | E91: =D91+C91 -> 4.033722 | F91: 41 | G91: 3.145274 | H91: ✓ | S91: RRTstar | T91: 0.098094 | U91: 3.950797 | V91: =U91+T91 -> 4.048891 | W91: 41 | X91: 3.145335 | Y91: ✓
B92: PRMstar | C92: 0.090878 | D92: 4.638883 | E92: =D92+C92 -> 4.729761 | F92: 48 | G92: 5.149025 | H92: ✓ | S92: PRMstar | T92: 0.103873 | U92: 3.691962 | V92: =U92+T92 -> 3.795835 | W92: 42 | X92: 3.269226 | Y92: ✓
A93: O20_2 | B93: RRTConnect | C93: 0.104033 | D93: 2.999977 | E93: =D93+C93 -> 3.10401 | F93: 32 | G93: 1.330002 | H93: ✓ | R93: O20_2 | S93: RRTConnect | T93: 0.060091 | U93: 2.901866 | V93: =U93+T93 -> 2.961957 | W93: 30 | X93: 1.327854 | Y93: ✓
B94: RRTstar | C94: 0.078516 | D94: 2.898481 | E94: =D94+C94 -> 2.976997 | F94: 30 | G94: 1.326889 | H94: ✓ | S94: RRTstar | T94: 0.079674 | U94: 2.889063 | V94: =U94+T94 -> 2.968737 | W94: 30 | X94: 1.327172 | Y94: ✓
B95: PRMstar | C95: 0.092441 | D95: 3.947394 | E95: =D95+C95 -> 4.039835 | F95: 41 | G95: 3.148363 | H95: ✓ | S95: PRMstar | T95: 0.076479 | U95: 2.910626 | V95: =U95+T95 -> 2.987105 | W95: 30 | X95: 1.185906 | Y95: ✓
A96: O20_3 | B96: RRTConnect | C96: 0.062141 | D96: 3.198461 | E96: =D96+C96 -> 3.260602 | F96: 34 | G96: 1.488309 | H96: ✓ | R96: O20_3 | S96: RRTConnect | T96: 0.097426 | U96: 4.63741 | V96: =U96+T96 -> 4.734836 | W96: 48 | X96: 5.564378 | Y96: ✓ | Z96: Replaneou
B97: RRTstar | C97: 0.10869 | D97: 4.640365 | E97: =D97+C97 -> 4.749055 | F97: 48 | G97: 5.555125 | H97: ✓ | S97: RRTstar | T97: 0.084309 | U97: 4.69464 | V97: =U97+T97 -> 4.778949 | W97: 48 | X97: 5.555997 | Y97: ✓
B98: PRMstar | C98: 0.079561 | D98: 2.94001 | E98: =D98+C98 -> 3.019571 | F98: 31 | G98: 1.328863 | H98: ✓ | S98: PRMstar | T98: 0.113443 | U98: 4.199267 | V98: =U98+T98 -> 4.31271 | W98: 44 | X98: 3.003552 | Y98: ✓
A99: O21 | B99: RRTConnect | C99: 0.092564 | D99: 4.849729 | E99: =D99+C99 -> 4.942293 | F99: 50 | G99: 3.557523 | H99: ✓ | R99: O21 | S99: RRTConnect | T99: 0.108043 | U99: 4.364185 | V99: =U99+T99 -> 4.472228 | W99: 45 | X99: 2.636737 | Y99: ✓
B100: RRTstar | C100: 0.095993 | D100: 5.933152 | E100: =D100+C100 -> 6.029145 | F100: 61 | G100: 7.758827 | H100: ✓ | I100: Replaneou | S100: RRTstar | T100: 0.074256 | U100: 3.738554 | V100: =U100+T100 -> 3.81281 | W100: 47 | X100: 2.855818 | Y100: ✓
B101: PRMstar | C101: 0.104474 | D101: 4.636271 | E101: =D101+C101 -> 4.740745 | F101: 48 | G101: 5.563817 | H101: ✓ | I101: Replaneou | S101: PRMstar | T101: 0.125499 | U101: 4.199355 | V101: =U101+T101 -> 4.324854 | W101: 44 | X101: 3.205537 | Y101: ✓
...

Sheet Resumo
A1: Resumo dos testes com obstáculos — caixa horizontal e vertical
A2: Teste de Obstáculos
A3: Sucesso de Comando /Comunicação | B3: Sucesso de Movimento | C3: Sucesso de Ciclo | D3: Sucesso de Teste de Seurança (Bloqueios por colisão) | E3: Falha de Planeamento | F3: Falha de Execução | G3: Falha de Comunicação
A4: 21 | B4: 12 | C4: 12 | D4: 5 | E4: 0 | F4: 0 | G4: 0
A5: Total de testes | B5: Falhas | C5: Sucessos | D5: Taxa de Sucesso
A6: 22 | B6: 0 | C6: 22 | D6: =C6/(B6+C6) -> 1
A8: Planeador | B8: Sucessos (✓) | C8: Falhas (✗) | D8: Taxa (%) | E8: Tempo Médio Total (s) | F8: Comprimento médio da trajetória cartesiano do TCP (m) | G8: Média do nº de pontos planeados | H8: Tempo médio de planeamento (s) | I8: Tempo médio de execução (s)
A9: RRTConnect | B9: ='Análise Estatística'!C4 -> 85 | C9: ='Análise Estatística'!D4 -> 0 | D9: ='Análise Estatística'!E4*100 -> 100 | E9: ='Análise Estatística'!D13 -> 3.8778369 | F9: ='Análise Estatística'!D14 -> 2.2710603 | G9: ='Análise Estatística'!D15 -> 39.188235 | H9: ='Análise Estatística'!D11 -> 0.091132341 | I9: ='Análise Estatística'!D12 -> 3.7867046
A10: PRMstar | B10: ='Análise Estatística'!C6 -> 79 | C10: ='Análise Estatística'!D6 -> 6 | D10: ='Análise Estatística'!E6*100 -> 92.941176 | E10: ='Análise Estatística'!D23 -> 3.9200068 | F10: ='Análise Estatística'!D24 -> 2.4807808 | G10: ='Análise Estatística'!D25 -> 40.164557 | H10: ='Análise Estatística'!D21 -> 0.091157316 | I10: ='Análise Estatística'!D22 -> 3.8288495
A11: RRTstar | B11: ='Análise Estatística'!C5 -> 82 | C11: ='Análise Estatística'!D5 -> 3 | D11: ='Análise Estatística'!E5*100 -> 96.470588 | E11: ='Análise Estatística'!D18 -> 3.827677 | F11: ='Análise Estatística'!D19 -> 2.205147 | G11: ='Análise Estatística'!D20 -> 39 | H11: ='Análise Estatística'!D16 -> 0.088657866 | I11: ='Análise Estatística'!D17 -> 3.7390192
A12: TOTAL | B12: =SUM(B9:B11) -> 246 | C12: =SUM(C9:C11) -> 9 | D12: =B12/(B12+C12)*100 -> 96.470588
A14: Teste de Métricas
B15: Erro Médio de Pose X (mm) | C15: Erro Médio de Pose Y (mm) | D15: Erro Médio de Pose Z (mm) | E15: Erro Médio Euclidiano de Pose (mm) | F15: Distância média ao obstáculo nos testes de bloqueio (mm) | G15: Tempo médio de execução (s) | H15: Tempo médio de planemento (s) | I15: Tempo médio total (s)
A16: TCP na flange | B16: ='Análise Estatística'!D38 -> 5.8470588 | C16: ='Análise Estatística'!D39 -> 3.8764706 | D16: ='Análise Estatística'!D40 -> 46.823529 | E16: ='Análise Estatística'!D41 -> 50.284819 | F16: =AVERAGE('Testes obstáculos'!M4,'Testes obstáculos'!M8,'Testes obstáculos'!M12,'Testes obstáculos'!M14,'Testes obstáculos'!M18) -> 761.47714 | G16: =AVERAGE('Métricas Quantitativas'!G6,'Métricas Quantitativas'!J6,'Métricas Quantitativas'!P6,'Métricas Quantitativas'!S6,'Métricas Quantitativas'!Y6,'Métricas Quantitativas'!AB6,'Métricas Quantitativas'!AH6,'Métricas Quantitativas'!AK6,'Métricas Quantitativas'!AN6,'Métricas Quantitativas'!AQ6,'Métricas Quantitativas'!AT6,'Métricas Quantitativas'!AW6,'Métricas Quantitativas'!AZ6,'Métricas Quantitativas'!BC6,'Métricas Quantitativas'!BF6,'Métricas Quantitativas'!BI6,'Métricas Quantitativas'!BL6) -> 10.929824 | H16: =AVERAGE('Métricas Quantitativas'!G5,'Métricas Quantitativas'!J5,'Métricas Quantitativas'!P5,'Métricas Quantitativas'!S5,'Métricas Quantitativas'!Y5,'Métricas Quantitativas'!AB5,'Métricas Quantitativas'!AH5,'Métricas Quantitativas'!AK5,'Métricas Quantitativas'!AN5,'Métricas Quantitativas'!AQ5,'Métricas Quantitativas'!AT5,'Métricas Quantitativas'!AW5,'Métricas Quantitativas'!AZ5,'Métricas Quantitativas'!BC5,'Métricas Quantitativas'!BF5,'Métricas Quantitativas'!BI5,'Métricas Quantitativas'!BL5) -> 1.5323529 | I16: =AVERAGE('Métricas Quantitativas'!G7,'Métricas Quantitativas'!J7,'Métricas Quantitativas'!P7,'Métricas Quantitativas'!S7,'Métricas Quantitativas'!Y7,'Métricas Quantitativas'!AB7,'Métricas Quantitativas'!AH7,'Métricas Quantitativas'!AK7,'Métricas Quantitativas'!AN7,'Métricas Quantitativas'!AQ7,'Métricas Quantitativas'!AT7,'Métricas Quantitativas'!AW7,'Métricas Quantitativas'!AZ7,'Métricas Quantitativas'!BC7,'Métricas Quantitativas'!BF7,'Métricas Quantitativas'!BI7,'Métricas Quantitativas'!BL7) -> 12.462176
A17: TCP com offset de 50mm como na simulação | B17: ='Análise Estatística'!D42 -> 0.40588235 | C17: ='Análise Estatística'!D43 -> 0.42941176 | D17: ='Análise Estatística'!D44 -> 0.57294118 | E17: ='Análise Estatística'!D45 -> 0.93242699 | F17: =AVERAGE('Métricas Quantitativas'!B37,'Métricas Quantitativas'!E37,'Métricas Quantitativas'!H37,'Métricas Quantitativas'!K37) -> 571.65 | G17: =AVERAGE('Métricas Quantitativas'!C27:D27,'Métricas Quantitativas'!F27:G27,'Métricas Quantitativas'!I27:J27,'Métricas Quantitativas'!L27:V27) -> 11.333724 | H17: =AVERAGE('Métricas Quantitativas'!C26:D26,'Métricas Quantitativas'!F26:G26,'Métricas Quantitativas'!I26:J26,'Métricas Quantitativas'!L26:V26) -> 1.5423 | I17: =AVERAGE('Métricas Quantitativas'!C28:D28,'Métricas Quantitativas'!F28:G28,'Métricas Quantitativas'!I28:J28,'Métricas Quantitativas'!L28:V28) -> 12.876024
A19: Análise detalhada, estatísticas, gráficos e discussão: consultar a folha «Análise Estatística».

Sheet Dados Análise
A1: Execução | B1: Teste | C1: Planner | D1: t_plan (s) | E1: t_exec (s) | F1: t_total (s) | G1: Comprimento TCP (m) | H1: Pontos | I1: Resultado | J1: Observações | L1: Teste | M1: Tipo | N1: IR_POSE | O1: Distância mínima (mm) | P1: Grupo | R1: Ponto | S1: X flange (mm) | T1: Y flange (mm) | U1: Z flange (mm) | V1: Euclidiano flange (mm) | W1: X TCP corrigido (mm) | X1: Y TCP corrigido (mm) | Y1: Z TCP corrigido (mm) | Z1: Euclidiano corrigido (mm) | AA1: Redução do erro
A2: 1 | B2: =Planners!$A$3 -> O03_1 | C2: =Planners!$B$3 -> RRTConnect | D2: =Planners!$C$3 -> 0.11664 | E2: =Planners!$D$3 -> 4.494514 | F2: =Planners!$E$3 -> 4.611154 | G2: =Planners!$G$3 -> 2.831715 | H2: =Planners!$F$3 -> 47 | I2: =Planners!$H$3 -> ✓ | J2: =Planners!$I$3 -> 0 | L2: ='Testes obstáculos'!$A$4 -> O02 | M2: ='Testes obstáculos'!$B$4 -> Bloqueio | N2: IR_POSE 1 | O2: ='Testes obstáculos'!$M$4 -> 549.4247 | P2: Bloqueio | R2: O03_1 | S2: ='Métricas Quantitativas'!$G$14 -> 0.1 | T2: ='Métricas Quantitativas'!$G$15 -> 0.4 | U2: ='Métricas Quantitativas'!$G$16 -> 50.5 | V2: ='Métricas Quantitativas'!$G$17 -> 50.501683 | W2: ='Métricas Quantitativas'!$C$35 -> 0.3 | X2: ='Métricas Quantitativas'!$C$36 -> 1 | Y2: ='Métricas Quantitativas'!$C$37 -> 1 | Z2: ='Métricas Quantitativas'!$C$38 -> 1.4456832 | AA2: =IF(V2=0,0,1-Z2/V2) -> 0.97137356
A3: 1 | B3: =Planners!$A$6 -> O03_2 | C3: =Planners!$B$6 -> RRTConnect | D3: =Planners!$C$6 -> 0.123007 | E3: =Planners!$D$6 -> 5.293729 | F3: =Planners!$E$6 -> 5.416736 | G3: =Planners!$G$6 -> 4.304988 | H3: =Planners!$F$6 -> 55 | I3: =Planners!$H$6 -> ✓ | J3: =Planners!$I$6 -> Replaneou a meio | L3: ='Testes obstáculos'!$A$8 -> O06 | M3: ='Testes obstáculos'!$B$8 -> Bloqueio | N3: IR_POSE 1 | O3: ='Testes obstáculos'!$M$8 -> 570.3572 | P3: Bloqueio | R3: O03_2 | S3: ='Métricas Quantitativas'!$J$14 -> 0.7 | T3: ='Métricas Quantitativas'!$J$15 -> 0.1 | U3: ='Métricas Quantitativas'!$J$16 -> 52 | V3: ='Métricas Quantitativas'!$J$17 -> 52.004807 | W3: ='Métricas Quantitativas'!$D$35 -> 0.7 | X3: ='Métricas Quantitativas'!$D$36 -> 0.2 | Y3: ='Métricas Quantitativas'!$D$37 -> 0.7 | Z3: ='Métricas Quantitativas'!$D$38 -> 1.0099505 | AA3: =IF(V3=0,0,1-Z3/V3) -> 0.98057967
A4: 1 | B4: =Planners!$A$9 -> O07_1 | C4: =Planners!$B$9 -> RRTConnect | D4: =Planners!$C$9 -> 0.108201 | E4: =Planners!$D$9 -> 4.441911 | F4: =Planners!$E$9 -> 4.550112 | G4: =Planners!$G$9 -> 3.661822 | H4: =Planners!$F$9 -> 46 | I4: =Planners!$H$9 -> ✓ | J4: =Planners!$I$9 -> 0 | L4: ='Testes obstáculos'!$A$12 -> O10 | M4: ='Testes obstáculos'!$B$12 -> Bloqueio | N4: IR_POSE 1 | O4: ='Testes obstáculos'!$M$12 -> 2017.57 | P4: Bloqueio | R4: O07_1 | S4: ='Métricas Quantitativas'!$P$14 -> 0.6 | T4: ='Métricas Quantitativas'!$P$15 -> 0.8 | U4: ='Métricas Quantitativas'!$P$16 -> 50.5 | V4: ='Métricas Quantitativas'!$P$17 -> 50.5099 | W4: ='Métricas Quantitativas'!$F$35 -> 0.1 | X4: ='Métricas Quantitativas'!$F$36 -> 0.5 | Y4: ='Métricas Quantitativas'!$F$37 -> 1.5 | Z4: ='Métricas Quantitativas'!$F$38 -> 1.584298 | AA4: =IF(V4=0,0,1-Z4/V4) -> 0.96863391
A5: 1 | B5: =Planners!$A$12 -> O07_2 | C5: =Planners!$B$12 -> RRTConnect | D5: =Planners!$C$12 -> 0.072171 | E5: =Planners!$D$12 -> 3.111598 | F5: =Planners!$E$12 -> 3.183769 | G5: =Planners!$G$12 -> 1.511817 | H5: =Planners!$F$12 -> 32 | I5: =Planners!$H$12 -> ✓ | J5: =Planners!$I$12 -> 0 | L5: ='Testes obstáculos'!$A$14 -> O12 | M5: ='Testes obstáculos'!$B$14 -> Bloqueio | N5: IR_POSE 1 | O5: ='Testes obstáculos'!$M$14 -> 334.9116 | P5: Bloqueio | R5: O07_2 | S5: ='Métricas Quantitativas'!$S$14 -> 0.9 | T5: ='Métricas Quantitativas'!$S$15 -> 0.7 | U5: ='Métricas Quantitativas'!$S$16 -> 50.9 | V5: ='Métricas Quantitativas'!$S$17 -> 50.912769 | W5: ='Métricas Quantitativas'!$G$35 -> 0.1 | X5: ='Métricas Quantitativas'!$G$36 -> 0.7 | Y5: ='Métricas Quantitativas'!$G$37 -> 0.9 | Z5: ='Métricas Quantitativas'!$G$38 -> 1.1445523 | AA5: =IF(V5=0,0,1-Z5/V5) -> 0.97751935
A6: 1 | B6: =Planners!$A$15 -> O13_1 | C6: =Planners!$B$15 -> RRTConnect | D6: =Planners!$C$15 -> 0.088377 | E6: =Planners!$D$15 -> 3.693585 | F6: =Planners!$E$15 -> 3.781962 | G6: =Planners!$G$15 -> 2.2684 | H6: =Planners!$F$15 -> 39 | I6: =Planners!$H$15 -> ✓ | J6: =Planners!$I$15 -> 0 | L6: ='Testes obstáculos'!$A$18 -> O16 | M6: ='Testes obstáculos'!$B$18 -> Bloqueio | N6: IR_POSE 1 | O6: ='Testes obstáculos'!$M$18 -> 335.1222 | P6: Bloqueio | R6: O13_1 | S6: ='Métricas Quantitativas'!$Y$14 -> 0.1 | T6: ='Métricas Quantitativas'!$Y$15 -> 1 | U6: ='Métricas Quantitativas'!$Y$16 -> 50.7 | V6: ='Métricas Quantitativas'!$Y$17 -> 50.70996 | W6: ='Métricas Quantitativas'!$I$35 -> 0.2 | X6: ='Métricas Quantitativas'!$I$36 -> 0.6 | Y6: ='Métricas Quantitativas'!$I$37 -> 1.3 | Z6: ='Métricas Quantitativas'!$I$38 -> 1.4456832 | AA6: =IF(V6=0,0,1-Z6/V6) -> 0.97149114
A7: 1 | B7: =Planners!$A$18 -> O13_2 | C7: =Planners!$B$18 -> RRTConnect | D7: =Planners!$C$18 -> 0.087823 | E7: =Planners!$D$18 -> 2.887438 | F7: =Planners!$E$18 -> 2.975261 | G7: =Planners!$G$18 -> 1.184259 | H7: =Planners!$F$18 -> 30 | I7: =Planners!$H$18 -> ✓ | J7: =Planners!$I$18 -> 0 | L7: ='Testes obstáculos'!$A$5 -> O03 | M7: ='Testes obstáculos'!$B$5 -> Contorno | N7: IR_POSE 1 | O7: ='Testes obstáculos'!$M$5 -> 110.0773 | P7: Contorno/desvio | R7: O13_2 | S7: ='Métricas Quantitativas'!$AB$14 -> 0.6 | T7: ='Métricas Quantitativas'!$AB$15 -> 0.1 | U7: ='Métricas Quantitativas'!$AB$16 -> 50.7 | V7: ='Métricas Quantitativas'!$AB$17 -> 50.703649 | W7: ='Métricas Quantitativas'!$J$35 -> 0.5 | X7: ='Métricas Quantitativas'!$J$36 -> 0.5 | Y7: ='Métricas Quantitativas'!$J$37 -> 0.4 | Z7: ='Métricas Quantitativas'!$J$38 -> 0.81240384 | AA7: =IF(V7=0,0,1-Z7/V7) -> 0.98397741
A8: 1 | B8: =Planners!$A$21 -> O17_1 | C8: =Planners!$B$21 -> RRTConnect | D8: =Planners!$C$21 -> 0.104859 | E8: =Planners!$D$21 -> 4.243808 | F8: =Planners!$E$21 -> 4.348667 | G8: =Planners!$G$21 -> 3.388631 | H8: =Planners!$F$21 -> 44 | I8: =Planners!$H$21 -> ✓ | J8: =Planners!$I$21 -> 0 | L8: ='Testes obstáculos'!$A$5 -> O03 | M8: ='Testes obstáculos'!$B$5 -> Contorno | N8: IR_POSE 2 | O8: ='Testes obstáculos'!$N$5 -> 42.0562 | P8: Contorno/desvio | R8: O17_1 | S8: ='Métricas Quantitativas'!$AH$14 -> 0.2 | T8: ='Métricas Quantitativas'!$AH$15 -> 0.3 | U8: ='Métricas Quantitativas'!$AH$16 -> 49.7 | V8: ='Métricas Quantitativas'!$AH$17 -> 49.701308 | W8: ='Métricas Quantitativas'!$L$35 -> 0.4 | X8: ='Métricas Quantitativas'!$L$36 -> 0.3 | Y8: ='Métricas Quantitativas'!$L$37 -> 0.9 | Z8: ='Métricas Quantitativas'!$L$38 -> 1.029563 | AA8: =IF(V8=0,0,1-Z8/V8) -> 0.97928499
A9: 1 | B9: =Planners!$A$24 -> O17_2 | C9: =Planners!$B$24 -> RRTConnect | D9: =Planners!$C$24 -> 0.061878 | E9: =Planners!$D$24 -> 2.956337 | F9: =Planners!$E$24 -> 3.018215 | G9: =Planners!$G$24 -> 1.283322 | H9: =Planners!$F$24 -> 31 | I9: =Planners!$H$24 -> ✓ | J9: =Planners!$I$24 -> 0 | L9: ='Testes obstáculos'!$A$9 -> O07 | M9: ='Testes obstáculos'!$B$9 -> Contorno | N9: IR_POSE 1 | O9: ='Testes obstáculos'!$M$9 -> 253.9262 | P9: Contorno/desvio | R9: O17_2 | S9: ='Métricas Quantitativas'!$AK$14 -> 0.1 | T9: ='Métricas Quantitativas'!$AK$15 -> 0.1 | U9: ='Métricas Quantitativas'!$AK$16 -> 50.2 | V9: ='Métricas Quantitativas'!$AK$17 -> 50.200199 | W9: ='Métricas Quantitativas'!$M$35 -> 0.1 | X9: ='Métricas Quantitativas'!$M$36 -> 0.4 | Y9: ='Métricas Quantitativas'!$M$37 -> 0.7 | Z9: ='Métricas Quantitativas'!$M$38 -> 0.81240384 | AA9: =IF(V9=0,0,1-Z9/V9) -> 0.98381672
A10: 1 | B10: =Planners!$A$27 -> O19_1 | C10: =Planners!$B$27 -> RRTConnect | D10: =Planners!$C$27 -> 0.113818 | E10: =Planners!$D$27 -> 4.150699 | F10: =Planners!$E$27 -> 4.264517 | G10: =Planners!$G$27 -> 3.20211 | H10: =Planners!$F$27 -> 43 | I10: =Planners!$H$27 -> ✓ | J10: =Planners!$I$27 -> 0 | L10: ='Testes obstáculos'!$A$9 -> O07 | M10: ='Testes obstáculos'!$B$9 -> Contorno | N10: IR_POSE 2 | O10: ='Testes obstáculos'!$N$9 -> 76.1514 | P10: Contorno/desvio | R10: O19_1 | S10: ='Métricas Quantitativas'!$AN$14 -> 49.5 | T10: ='Métricas Quantitativas'!$AN$15 -> 1.9 | U10: ='Métricas Quantitativas'!$AN$16 -> 5.8 | V10: ='Métricas Quantitativas'!$AN$17 -> 49.874843 | W10: ='Métricas Quantitativas'!$N$35 -> 0.4 | X10: ='Métricas Quantitativas'!$N$36 -> 0.1 | Y10: ='Métricas Quantitativas'!$N$37 -> 0.9 | Z10: ='Métricas Quantitativas'!$N$38 -> 0.98994949 | AA10: =IF(V10=0,0,1-Z10/V10) -> 0.98015133
A11: 1 | B11: =Planners!$A$30 -> O19_2 | C11: =Planners!$B$30 -> RRTConnect | D11: =Planners!$C$30 -> 0.139846 | E11: =Planners!$D$30 -> 5.009147 | F11: =Planners!$E$30 -> 5.148993 | G11: =Planners!$G$30 -> 3.038456 | H11: =Planners!$F$30 -> 52 | I11: =Planners!$H$30 -> ✓ | J11: =Planners!$I$30 -> 0 | L11: ='Testes obstáculos'!$A$15 -> O13 | M11: ='Testes obstáculos'!$B$15 -> Contorno | N11: IR_POSE 1 | O11: ='Testes obstáculos'!$M$15 -> 226.3392 | P11: Contorno/desvio | R11: O19_2 | S11: ='Métricas Quantitativas'!$AQ$14 -> 9.9 | T11: ='Métricas Quantitativas'!$AQ$15 -> 19.2 | U11: ='Métricas Quantitativas'!$AQ$16 -> 44.1 | V11: ='Métricas Quantitativas'!$AQ$17 -> 49.106619 | W11: ='Métricas Quantitativas'!$O$35 -> 0.5 | X11: ='Métricas Quantitativas'!$O$36 -> 0.1 | Y11: ='Métricas Quantitativas'!$O$37 -> 0.04 | Z11: ='Métricas Quantitativas'!$O$38 -> 0.51146847 | AA11: =IF(V11=0,0,1-Z11/V11) -> 0.98958453
A12: 1 | B12: =Planners!$A$33 -> O19_3 | C12: =Planners!$B$33 -> RRTConnect | D12: =Planners!$C$33 -> 0.160476 | E12: =Planners!$D$33 -> 4.697104 | F12: =Planners!$E$33 -> 4.85758 | G12: =Planners!$G$33 -> 5.27046 | H12: =Planners!$F$33 -> 49 | I12: =Planners!$H$33 -> ✓ | J12: =Planners!$I$33 -> 0 | L12: ='Testes obstáculos'!$A$15 -> O13 | M12: ='Testes obstáculos'!$B$15 -> Contorno | N12: IR_POSE 2 | O12: ='Testes obstáculos'!$N$15 -> 145.3764 | P12: Contorno/desvio | R12: O19_3 | S12: ='Métricas Quantitativas'!$AT$14 -> 13.7 | T12: ='Métricas Quantitativas'!$AT$15 -> 0.3 | U12: ='Métricas Quantitativas'!$AT$16 -> 48 | V12: ='Métricas Quantitativas'!$AT$17 -> 49.917732 | W12: ='Métricas Quantitativas'!$P$35 -> 0.4 | X12: ='Métricas Quantitativas'!$P$36 -> 0.5 | Y12: ='Métricas Quantitativas'!$P$37 -> 0.3 | Z12: ='Métricas Quantitativas'!$P$38 -> 0.70710678 | AA12: =IF(V12=0,0,1-Z12/V12) -> 0.98583456
A13: 1 | B13: =Planners!$A$36 -> O20_1 | C13: =Planners!$B$36 -> RRTConnect | D13: =Planners!$C$36 -> 0.093743 | E13: =Planners!$D$36 -> 3.667051 | F13: =Planners!$E$36 -> 3.760794 | G13: =Planners!$G$36 -> 2.729094 | H13: =Planners!$F$36 -> 38 | I13: =Planners!$H$36 -> ✓ | J13: =Planners!$I$36 -> 0 | L13: ='Testes obstáculos'!$A$19 -> O17 | M13: ='Testes obstáculos'!$B$19 -> Contorno | N13: IR_POSE 1 | O13: ='Testes obstáculos'!$M$19 -> 250.2779 | P13: Contorno/desvio | R13: O20_1 | S13: ='Métricas Quantitativas'!$AW$14 -> 1.5 | T13: ='Métricas Quantitativas'!$AW$15 -> 12.7 | U13: ='Métricas Quantitativas'!$AW$16 -> 48.9 | V13: ='Métricas Quantitativas'!$AW$17 -> 50.544535 | W13: ='Métricas Quantitativas'!$Q$35 -> 0.9 | X13: ='Métricas Quantitativas'!$Q$36 -> 0.6 | Y13: ='Métricas Quantitativas'!$Q$37 -> 0.1 | Z13: ='Métricas Quantitativas'!$Q$38 -> 1.086278 | AA13: =IF(V13=0,0,1-Z13/V13) -> 0.9785085
A14: 1 | B14: =Planners!$A$39 -> O20_2 | C14: =Planners!$B$39 -> RRTConnect | D14: =Planners!$C$39 -> 0.078314 | E14: =Planners!$D$39 -> 2.897795 | F14: =Planners!$E$39 -> 2.976109 | G14: =Planners!$G$39 -> 1.326621 | H14: =Planners!$F$39 -> 30 | I14: =Planners!$H$39 -> ✓ | J14: =Planners!$I$39 -> 0 | L14: ='Testes obstáculos'!$A$19 -> O17 | M14: ='Testes obstáculos'!$B$19 -> Contorno | N14: IR_POSE 2 | O14: ='Testes obstáculos'!$N$19 -> 202.2882 | P14: Contorno/desvio | R14: O20_2 | S14: ='Métricas Quantitativas'!$AZ$14 -> 8.2 | T14: ='Métricas Quantitativas'!$AZ$15 -> 8.9 | U14: ='Métricas Quantitativas'!$AZ$16 -> 48.1 | V14: ='Métricas Quantitativas'!$AZ$17 -> 49.598992 | W14: ='Métricas Quantitativas'!$R$35 -> 0.5 | X14: ='Métricas Quantitativas'!$R$36 -> 0.4 | Y14: ='Métricas Quantitativas'!$R$37 -> 0.1 | Z14: ='Métricas Quantitativas'!$R$38 -> 0.64807407 | AA14: =IF(V14=0,0,1-Z14/V14) -> 0.98693372
A15: 1 | B15: =Planners!$A$42 -> O20_3 | C15: =Planners!$B$42 -> RRTConnect | D15: =Planners!$C$42 -> 0.083858 | E15: =Planners!$D$42 -> 3.198371 | F15: =Planners!$E$42 -> 3.282229 | G15: =Planners!$G$42 -> 1.489356 | H15: =Planners!$F$42 -> 34 | I15: =Planners!$H$42 -> ✓ | J15: =Planners!$I$42 -> 0 | L15: ='Testes obstáculos'!$A$22 -> O19 | M15: ='Testes obstáculos'!$B$22 -> Desvio de trajetória sem colisão | N15: IR_POSE 1 | O15: ='Testes obstáculos'!$M$22 -> 341.1691 | P15: Contorno/desvio | R15: O20_3 | S15: ='Métricas Quantitativas'!$BC$14 -> 0.9 | T15: ='Métricas Quantitativas'!$BC$15 -> 1 | U15: ='Métricas Quantitativas'!$BC$16 -> 50.4 | V15: ='Métricas Quantitativas'!$BC$17 -> 50.417953 | W15: ='Métricas Quantitativas'!$S$35 -> 0.3 | X15: ='Métricas Quantitativas'!$S$36 -> 0.6 | Y15: ='Métricas Quantitativas'!$S$37 -> 0.1 | Z15: ='Métricas Quantitativas'!$S$38 -> 0.678233 | AA15: =IF(V15=0,0,1-Z15/V15) -> 0.98654779
A16: 1 | B16: =Planners!$A$45 -> O21 | C16: =Planners!$B$45 -> RRTConnect | D16: =Planners!$C$45 -> 0.084749 | E16: =Planners!$D$45 -> 3.442403 | F16: =Planners!$E$45 -> 3.527152 | G16: =Planners!$G$45 -> 2.60061 | H16: =Planners!$F$45 -> 36 | I16: =Planners!$H$45 -> ✓ | J16: =Planners!$I$45 -> 0 | L16: ='Testes obstáculos'!$A$22 -> O19 | M16: ='Testes obstáculos'!$B$22 -> Desvio de trajetória sem colisão | N16: IR_POSE 2 | O16: ='Testes obstáculos'!$N$22 -> 216.982 | P16: Contorno/desvio | R16: O21 | S16: ='Métricas Quantitativas'!$BF$14 -> 12.2 | T16: ='Métricas Quantitativas'!$BF$15 -> 17 | U16: ='Métricas Quantitativas'!$BF$16 -> 45 | V16: ='Métricas Quantitativas'!$BF$17 -> 49.627009 | W16: ='Métricas Quantitativas'!$T$35 -> 0.6 | X16: ='Métricas Quantitativas'!$T$36 -> 0.4 | Y16: ='Métricas Quantitativas'!$T$37 -> 0.5 | Z16: ='Métricas Quantitativas'!$T$38 -> 0.87749644 | AA16: =IF(V16=0,0,1-Z16/V16) -> 0.98231817
A17: 1 | B17: =Planners!$A$48 -> O22_1 | C17: =Planners!$B$48 -> RRTConnect | D17: =Planners!$C$48 -> 0.125655 | E17: =Planners!$D$48 -> 3.684445 | F17: =Planners!$E$48 -> 3.8101 | G17: =Planners!$G$48 -> 2.25439 | H17: =Planners!$F$48 -> 39 | I17: =Planners!$H$48 -> ✓ | J17: =Planners!$I$48 -> 0 | L17: ='Testes obstáculos'!$A$22 -> O19 | M17: ='Testes obstáculos'!$B$22 -> Desvio de trajetória sem colisão | N17: IR_POSE 3 | O17: ='Testes obstáculos'!$O$22 -> 300.1122 | P17: Contorno/desvio | R17: O22_1 | S17: ='Métricas Quantitativas'!$BI$14 -> 0.1 | T17: ='Métricas Quantitativas'!$BI$15 -> 0.7 | U17: ='Métricas Quantitativas'!$BI$16 -> 48.8 | V17: ='Métricas Quantitativas'!$BI$17 -> 48.805123 | W17: ='Métricas Quantitativas'!$U$35 -> 0.7 | X17: ='Métricas Quantitativas'!$U$36 -> 0.3 | Y17: ='Métricas Quantitativas'!$U$37 -> 0.1 | Z17: ='Métricas Quantitativas'!$U$38 -> 0.76811457 | AA17: =IF(V17=0,0,1-Z17/V17) -> 0.9842616
A18: 1 | B18: =Planners!$A$51 -> O22_2 | C18: =Planners!$B$51 -> RRTConnect | D18: =Planners!$C$51 -> 0.123364 | E18: =Planners!$D$51 -> 3.455804 | F18: =Planners!$E$51 -> 3.579168 | G18: =Planners!$G$51 -> 1.418002 | H18: =Planners!$F$51 -> 36 | I18: =Planners!$H$51 -> ✓ | J18: =Planners!$I$51 -> 0 | L18: ='Testes obstáculos'!$A$23 -> O20 (CORREDOR ESTREITO) | M18: ='Testes obstáculos'!$B$23 -> Desvio de trajetória sem colisão | N18: IR_POSE 1 | O18: ='Testes obstáculos'!$M$23 -> 147.4497 | P18: Contorno/desvio | R18: O22_2 | S18: ='Métricas Quantitativas'!$BL$14 -> 0.1 | T18: ='Métricas Quantitativas'!$BL$15 -> 0.7 | U18: ='Métricas Quantitativas'!$BL$16 -> 51.7 | V18: ='Métricas Quantitativas'!$BL$17 -> 51.704835 | W18: ='Métricas Quantitativas'!$V$35 -> 0.2 | X18: ='Métricas Quantitativas'!$V$36 -> 0.1 | Y18: ='Métricas Quantitativas'!$V$37 -> 0.2 | Z18: ='Métricas Quantitativas'!$V$38 -> 0.3 | AA18: =IF(V18=0,0,1-Z18/V18) -> 0.99419783
A19: 2 | B19: =Planners!$R$3 -> O03_1 | C19: =Planners!$S$3 -> RRTConnect | D19: =Planners!$T$3 -> 0.082687 | E19: =Planners!$U$3 -> 3.739917 | F19: =Planners!$V$3 -> 3.822604 | G19: =Planners!$X$3 -> 2.25386 | H19: =Planners!$W$3 -> 39 | I19: =Planners!$Y$3 -> ✓ | J19: =Planners!$Z$3 -> 0 | L19: ='Testes obstáculos'!$A$23 -> O20 (CORREDOR ESTREITO) | M19: ='Testes obstáculos'!$B$23 -> Desvio de trajetória sem colisão | N19: IR_POSE 2 | O19: ='Testes obstáculos'!$N$23 -> 98.0725 | P19: Contorno/desvio
A20: 2 | B20: =Planners!$R$6 -> O03_2 | C20: =Planners!$S$6 -> RRTConnect | D20: =Planners!$T$6 -> 0.077683 | E20: =Planners!$U$6 -> 3.449855 | F20: =Planners!$V$6 -> 3.527538 | G20: =Planners!$X$6 -> 1.413859 | H20: =Planners!$W$6 -> 36 | I20: =Planners!$Y$6 -> ✓ | J20: =Planners!$Z$6 -> 0 | L20: ='Testes obstáculos'!$A$23 -> O20 (CORREDOR ESTREITO) | M20: ='Testes obstáculos'!$B$23 -> Desvio de trajetória sem colisão | N20: IR_POSE 3 | O20: ='Testes obstáculos'!$O$23 -> 177.0927 | P20: Contorno/desvio
A21: 2 | B21: =Planners!$R$9 -> O07_1 | C21: =Planners!$S$9 -> RRTConnect | D21: =Planners!$T$9 -> 0.187847 | E21: =Planners!$U$9 -> 6.851211 | F21: =Planners!$V$9 -> 7.039058 | G21: =Planners!$X$9 -> 2.498504 | H21: =Planners!$W$9 -> 70 | I21: =Planners!$Y$9 -> ✓ | J21: =Planners!$Z$9 -> 0 | L21: ='Testes obstáculos'!$A$24 -> O21 | M21: ='Testes obstáculos'!$B$24 -> Contorno | N21: IR_POSE 1 | O21: ='Testes obstáculos'!$M$24 -> 180.7128 | P21: Contorno/desvio
A22: 2 | B22: =Planners!$R$12 -> O07_2 | C22: =Planners!$S$12 -> RRTConnect | D22: =Planners!$T$12 -> 0.080012 | E22: =Planners!$U$12 -> 3.101438 | F22: =Planners!$V$12 -> 3.18145 | G22: =Planners!$X$12 -> 1.512641 | H22: =Planners!$W$12 -> 32 | I22: =Planners!$Y$12 -> ✓ | J22: =Planners!$Z$12 -> 0
A23: 2 | B23: =Planners!$R$15 -> O13_1 | C23: =Planners!$S$15 -> RRTConnect | D23: =Planners!$T$15 -> 0.083687 | E23: =Planners!$U$15 -> 4.588965 | F23: =Planners!$V$15 -> 4.672652 | G23: =Planners!$X$15 -> 2.985891 | H23: =Planners!$W$15 -> 48 | I23: =Planners!$Y$15 -> ✓ | J23: =Planners!$Z$15 -> 0
A24: 2 | B24: =Planners!$R$18 -> O13_2 | C24: =Planners!$S$18 -> RRTConnect | D24: =Planners!$T$18 -> 0.089548 | E24: =Planners!$U$18 -> 3.1045 | F24: =Planners!$V$18 -> 3.194048 | G24: =Planners!$X$18 -> 1.6754 | H24: =Planners!$W$18 -> 33 | I24: =Planners!$Y$18 -> ✓ | J24: =Planners!$Z$18 -> 0
A25: 2 | B25: =Planners!$R$21 -> O17_1 | C25: =Planners!$S$21 -> RRTConnect | D25: =Planners!$T$21 -> 0.103292 | E25: =Planners!$U$21 -> 4.245147 | F25: =Planners!$V$21 -> 4.348439 | G25: =Planners!$X$21 -> 3.38228 | H25: =Planners!$W$21 -> 44 | I25: =Planners!$Y$21 -> ✓ | J25: =Planners!$Z$21 -> 0
A26: 2 | B26: =Planners!$R$24 -> O17_2 | C26: =Planners!$S$24 -> RRTConnect | D26: =Planners!$T$24 -> 0.082259 | E26: =Planners!$U$24 -> 2.94945 | F26: =Planners!$V$24 -> 3.031709 | G26: =Planners!$X$24 -> 1.281542 | H26: =Planners!$W$24 -> 31 | I26: =Planners!$Y$24 -> ✓ | J26: =Planners!$Z$24 -> 0
A27: 2 | B27: =Planners!$R$27 -> O19_1 | C27: =Planners!$S$27 -> RRTConnect | D27: =Planners!$T$27 -> 0.111239 | E27: =Planners!$U$27 -> 4.13184 | F27: =Planners!$V$27 -> 4.243079 | G27: =Planners!$X$27 -> 3.208593 | H27: =Planners!$W$27 -> 43 | I27: =Planners!$Y$27 -> ✓ | J27: =Planners!$Z$27 -> 0
A28: 2 | B28: =Planners!$R$30 -> O19_2 | C28: =Planners!$S$30 -> RRTConnect | D28: =Planners!$T$30 -> 0.084166 | E28: =Planners!$U$30 -> 5.14577 | F28: =Planners!$V$30 -> 5.229936 | G28: =Planners!$X$30 -> 1.736696 | H28: =Planners!$W$30 -> 53 | I28: =Planners!$Y$30 -> ✓ | J28: =Planners!$Z$30 -> 0
A29: 2 | B29: =Planners!$R$33 -> O19_3 | C29: =Planners!$S$33 -> RRTConnect | D29: =Planners!$T$33 -> 0.100665 | E29: =Planners!$U$33 -> 5.459283 | F29: =Planners!$V$33 -> 5.559948 | G29: =Planners!$X$33 -> 1.7896 | H29: =Planners!$W$33 -> 50 | I29: =Planners!$Y$33 -> ✓ | J29: =Planners!$Z$33 -> 0
A30: 2 | B30: =Planners!$R$36 -> O20_1 | C30: =Planners!$S$36 -> RRTConnect | D30: =Planners!$T$36 -> 0.079825 | E30: =Planners!$U$36 -> 3.651495 | F30: =Planners!$V$36 -> 3.73132 | G30: =Planners!$X$36 -> 2.729487 | H30: =Planners!$W$36 -> 38 | I30: =Planners!$Y$36 -> ✓ | J30: =Planners!$Z$36 -> 0
A31: 2 | B31: =Planners!$R$39 -> O20_2 | C31: =Planners!$S$39 -> RRTConnect | D31: =Planners!$T$39 -> 0.056326 | E31: =Planners!$U$39 -> 2.909568 | F31: =Planners!$V$39 -> 2.965894 | G31: =Planners!$X$39 -> 1.329051 | H31: =Planners!$W$39 -> 30 | I31: =Planners!$Y$39 -> ✓ | J31: =Planners!$Z$39 -> 0
A32: 2 | B32: =Planners!$R$42 -> O20_3 | C32: =Planners!$S$42 -> RRTConnect | D32: =Planners!$T$42 -> 0.06788 | E32: =Planners!$U$42 -> 3.128268 | F32: =Planners!$V$42 -> 3.196148 | G32: =Planners!$X$42 -> 1.488516 | H32: =Planners!$W$42 -> 33 | I32: =Planners!$Y$42 -> ✓ | J32: =Planners!$Z$42 -> 0
A33: 2 | B33: =Planners!$R$45 -> O21 | C33: =Planners!$S$45 -> RRTConnect | D33: =Planners!$T$45 -> 0.098915 | E33: =Planners!$U$45 -> 3.997651 | F33: =Planners!$V$45 -> 4.096566 | G33: =Planners!$X$45 -> 2.463741 | H33: =Planners!$W$45 -> 42 | I33: =Planners!$Y$45 -> ✓ | J33: =Planners!$Z$45 -> 0
A34: 2 | B34: =Planners!$R$48 -> O22_1 | C34: =Planners!$S$48 -> RRTConnect | D34: =Planners!$T$48 -> 0.082687 | E34: =Planners!$U$48 -> 3.739917 | F34: =Planners!$V$48 -> 3.822604 | G34: =Planners!$X$48 -> 2.25386 | H34: =Planners!$W$48 -> 39 | I34: =Planners!$Y$48 -> ✓ | J34: =Planners!$Z$48 -> 0
A35: 2 | B35: =Planners!$R$51 -> O22_2 | C35: =Planners!$S$51 -> RRTConnect | D35: =Planners!$T$51 -> 0.0676 | E35: =Planners!$U$51 -> 3.2564 | F35: =Planners!$V$51 -> 3.324 | G35: =Planners!$X$51 -> 0.7691 | H35: =Planners!$W$51 -> 29 | I35: =Planners!$Y$51 -> ✓ | J35: =Planners!$Z$51 -> 0
A36: 3 | B36: =Planners!$A$57 -> O03_1 | C36: =Planners!$B$57 -> RRTConnect | D36: =Planners!$C$57 -> 0.090152 | E36: =Planners!$D$57 -> 3.748018 | F36: =Planners!$E$57 -> 3.83817 | G36: =Planners!$G$57 -> 2.255704 | H36: =Planners!$F$57 -> 39 | I36: =Planners!$H$57 -> ✓ | J36: =Planners!$I$57 -> 0
A37: 3 | B37: =Planners!$A$60 -> O03_2 | C37: =Planners!$B$60 -> RRTConnect | D37: =Planners!$C$60 -> 0.110427 | E37: =Planners!$D$60 -> 3.45073 | F37: =Planners!$E$60 -> 3.561157 | G37: =Planners!$G$60 -> 1.418887 | H37: =Planners!$F$60 -> 36 | I37: =Planners!$H$60 -> ✓ | J37: =Planners!$I$60 -> 0
A38: 3 | B38: =Planners!$A$63 -> O07_1 | C38: =Planners!$B$63 -> RRTConnect | D38: =Planners!$C$63 -> 0.083336 | E38: =Planners!$D$63 -> 3.696301 | F38: =Planners!$E$63 -> 3.779637 | G38: =Planners!$G$63 -> 2.377428 | H38: =Planners!$F$63 -> 39 | I38: =Planners!$H$63 -> ✓ | J38: =Planners!$I$63 -> 0
A39: 3 | B39: =Planners!$A$66 -> O07_2 | C39: =Planners!$B$66 -> RRTConnect | D39: =Planners!$C$66 -> 0.069007 | E39: =Planners!$D$66 -> 3.1032 | F39: =Planners!$E$66 -> 3.172207 | G39: =Planners!$G$66 -> 1.513475 | H39: =Planners!$F$66 -> 32 | I39: =Planners!$H$66 -> ✓ | J39: =Planners!$I$66 -> 0
A40: 3 | B40: =Planners!$A$69 -> O13_1 | C40: =Planners!$B$69 -> RRTConnect | D40: =Planners!$C$69 -> 0.109759 | E40: =Planners!$D$69 -> 4.61492 | F40: =Planners!$E$69 -> 4.724679 | G40: =Planners!$G$69 -> 2.984382 | H40: =Planners!$F$69 -> 48 | I40: =Planners!$H$69 -> ✓ | J40: =Planners!$I$69 -> 0
A41: 3 | B41: =Planners!$A$72 -> O13_2 | C41: =Planners!$B$72 -> RRTConnect | D41: =Planners!$C$72 -> 0.08311 | E41: =Planners!$D$72 -> 4.55956 | F41: =Planners!$E$72 -> 4.64267 | G41: =Planners!$G$72 -> 4.262945 | H41: =Planners!$F$72 -> 47 | I41: =Planners!$H$72 -> ✓ | J41: =Planners!$I$72 -> 0
A42: 3 | B42: =Planners!$A$75 -> O17_1 | C42: =Planners!$B$75 -> RRTConnect | D42: =Planners!$C$75 -> 0.099597 | E42: =Planners!$D$75 -> 4.236835 | F42: =Planners!$E$75 -> 4.336432 | G42: =Planners!$G$75 -> 3.381287 | H42: =Planners!$F$75 -> 44 | I42: =Planners!$H$75 -> ✓ | J42: =Planners!$I$75 -> 0
A43: 3 | B43: =Planners!$A$78 -> O17_2 | C43: =Planners!$B$78 -> RRTConnect | D43: =Planners!$C$78 -> 0.088782 | E43: =Planners!$D$78 -> 2.937667 | F43: =Planners!$E$78 -> 3.026449 | G43: =Planners!$G$78 -> 1.281898 | H43: =Planners!$F$78 -> 31 | I43: =Planners!$H$78 -> ✓ | J43: =Planners!$I$78 -> 0
A44: 3 | B44: =Planners!$A$81 -> O19_1 | C44: =Planners!$B$81 -> RRTConnect | D44: =Planners!$C$81 -> 0.111985 | E44: =Planners!$D$81 -> 3.49009 | F44: =Planners!$E$81 -> 3.602075 | G44: =Planners!$G$81 -> 2.841352 | H44: =Planners!$F$81 -> 36 | I44: =Planners!$H$81 -> ✓ | J44: =Planners!$I$81 -> 0
A45: 3 | B45: =Planners!$A$84 -> O19_2 | C45: =Planners!$B$84 -> RRTConnect | D45: =Planners!$C$84 -> 0.076813 | E45: =Planners!$D$84 -> 3.495822 | F45: =Planners!$E$84 -> 3.572635 | G45: =Planners!$G$84 -> 1.387765 | H45: =Planners!$F$84 -> 37 | I45: =Planners!$H$84 -> ✓ | J45: =Planners!$I$84 -> 0
A46: 3 | B46: =Planners!$A$87 -> O19_3 | C46: =Planners!$B$87 -> RRTConnect | D46: =Planners!$C$87 -> 0.092056 | E46: =Planners!$D$87 -> 4.001051 | F46: =Planners!$E$87 -> 4.093107 | G46: =Planners!$G$87 -> 1.414224 | H46: =Planners!$F$87 -> 42 | I46: =Planners!$H$87 -> ✓ | J46: =Planners!$I$87 -> 0
A47: 3 | B47: =Planners!$A$90 -> O20_1 | C47: =Planners!$B$90 -> RRTConnect | D47: =Planners!$C$90 -> 0.078836 | E47: =Planners!$D$90 -> 3.653051 | F47: =Planners!$E$90 -> 3.731887 | G47: =Planners!$G$90 -> 2.7288 | H47: =Planners!$F$90 -> 38 | I47: =Planners!$H$90 -> ✓ | J47: =Planners!$I$90 -> 0
A48: 3 | B48: =Planners!$A$93 -> O20_2 | C48: =Planners!$B$93 -> RRTConnect | D48: =Planners!$C$93 -> 0.104033 | E48: =Planners!$D$93 -> 2.999977 | F48: =Planners!$E$93 -> 3.10401 | G48: =Planners!$G$93 -> 1.330002 | H48: =Planners!$F$93 -> 32 | I48: =Planners!$H$93 -> ✓ | J48: =Planners!$I$93 -> 0
A49: 3 | B49: =Planners!$A$96 -> O20_3 | C49: =Planners!$B$96 -> RRTConnect | D49: =Planners!$C$96 -> 0.062141 | E49: =Planners!$D$96 -> 3.198461 | F49: =Planners!$E$96 -> 3.260602 | G49: =Planners!$G$96 -> 1.488309 | H49: =Planners!$F$96 -> 34 | I49: =Planners!$H$96 -> ✓ | J49: =Planners!$I$96 -> 0
A50: 3 | B50: =Planners!$A$99 -> O21 | C50: =Planners!$B$99 -> RRTConnect | D50: =Planners!$C$99 -> 0.092564 | E50: =Planners!$D$99 -> 4.849729 | F50: =Planners!$E$99 -> 4.942293 | G50: =Planners!$G$99 -> 3.557523 | H50: =Planners!$F$99 -> 50 | I50: =Planners!$H$99 -> ✓ | J50: =Planners!$I$99 -> 0
A51: 3 | B51: =Planners!$A$102 -> O22_1 | C51: =Planners!$B$102 -> RRTConnect | D51: =Planners!$C$102 -> 0.075859 | E51: =Planners!$D$102 -> 3.698485 | F51: =Planners!$E$102 -> 3.774344 | G51: =Planners!$G$102 -> 1.753949 | H51: =Planners!$F$102 -> 35 | I51: =Planners!$H$102 -> ✓ | J51: =Planners!$I$102 -> 0
A52: 3 | B52: =Planners!$A$105 -> O22_2 | C52: =Planners!$B$105 -> RRTConnect | D52: =Planners!$C$105 -> 0.110427 | E52: =Planners!$D$105 -> 3.45073 | F52: =Planners!$E$105 -> 3.561157 | G52: =Planners!$G$105 -> 1.418887 | H52: =Planners!$F$105 -> 36 | I52: =Planners!$H$105 -> ✓ | J52: =Planners!$I$105 -> 0
A53: 4 | B53: =Planners!$R$57 -> O03_1 | C53: =Planners!$S$57 -> RRTConnect | D53: =Planners!$T$57 -> 0.085305 | E53: =Planners!$U$57 -> 4.485999 | F53: =Planners!$V$57 -> 4.571304 | G53: =Planners!$X$57 -> 2.831955 | H53: =Planners!$W$57 -> 47 | I53: =Planners!$Y$57 -> ✓ | J53: =Planners!$Z$57 -> 0
A54: 4 | B54: =Planners!$R$60 -> O03_2 | C54: =Planners!$S$60 -> RRTConnect | D54: =Planners!$T$60 -> 0.10453 | E54: =Planners!$U$60 -> 4.846777 | F54: =Planners!$V$60 -> 4.951307 | G54: =Planners!$X$60 -> 3.471767 | H54: =Planners!$W$60 -> 50 | I54: =Planners!$Y$60 -> ✓ | J54: =Planners!$Z$60 -> 0
A55: 4 | B55: =Planners!$R$63 -> O07_1 | C55: =Planners!$S$63 -> RRTConnect | D55: =Planners!$T$63 -> 0.072813 | E55: =Planners!$U$63 -> 3.741313 | F55: =Planners!$V$63 -> 3.814126 | G55: =Planners!$X$63 -> 2.377976 | H55: =Planners!$W$63 -> 39 | I55: =Planners!$Y$63 -> ✓ | J55: =Planners!$Z$63 -> 0
A56: 4 | B56: =Planners!$R$66 -> O07_2 | C56: =Planners!$S$66 -> RRTConnect | D56: =Planners!$T$66 -> 0.085146 | E56: =Planners!$U$66 -> 3.10138 | F56: =Planners!$V$66 -> 3.186526 | G56: =Planners!$X$66 -> 1.51135 | H56: =Planners!$W$66 -> 32 | I56: =Planners!$Y$66 -> ✓ | J56: =Planners!$Z$66 -> 0
A57: 4 | B57: =Planners!$R$69 -> O13_1 | C57: =Planners!$S$69 -> RRTConnect | D57: =Planners!$T$69 -> 0.074123 | E57: =Planners!$U$69 -> 3.68129 | F57: =Planners!$V$69 -> 3.755413 | G57: =Planners!$X$69 -> 2.2693 | H57: =Planners!$W$69 -> 39 | I57: =Planners!$Y$69 -> ✓ | J57: =Planners!$Z$69 -> 0
A58: 4 | B58: =Planners!$R$72 -> O13_2 | C58: =Planners!$S$72 -> RRTConnect | D58: =Planners!$T$72 -> 0.065113 | E58: =Planners!$U$72 -> 2.903183 | F58: =Planners!$V$72 -> 2.968296 | G58: =Planners!$X$72 -> 1.184999 | H58: =Planners!$W$72 -> 30 | I58: =Planners!$Y$72 -> ✓ | J58: =Planners!$Z$72 -> 0
A59: 4 | B59: =Planners!$R$75 -> O17_1 | C59: =Planners!$S$75 -> RRTConnect | D59: =Planners!$T$75 -> 0.068581 | E59: =Planners!$U$75 -> 3.692062 | F59: =Planners!$V$75 -> 3.760643 | G59: =Planners!$X$75 -> 2.399634 | H59: =Planners!$W$75 -> 39 | I59: =Planners!$Y$75 -> ✓ | J59: =Planners!$Z$75 -> 0
A60: 4 | B60: =Planners!$R$78 -> O17_2 | C60: =Planners!$S$78 -> RRTConnect | D60: =Planners!$T$78 -> 0.115953 | E60: =Planners!$U$78 -> 3.402966 | F60: =Planners!$V$78 -> 3.518919 | G60: =Planners!$X$78 -> 1.382317 | H60: =Planners!$W$78 -> 35 | I60: =Planners!$Y$78 -> ✓ | J60: =Planners!$Z$78 -> 0
A61: 4 | B61: =Planners!$R$81 -> O19_1 | C61: =Planners!$S$81 -> RRTConnect | D61: =Planners!$T$81 -> 0.104595 | E61: =Planners!$U$81 -> 4.138258 | F61: =Planners!$V$81 -> 4.242853 | G61: =Planners!$X$81 -> 3.2026 | H61: =Planners!$W$81 -> 43 | I61: =Planners!$Y$81 -> ✓ | J61: =Planners!$Z$81 -> 0
A62: 4 | B62: =Planners!$R$84 -> O19_2 | C62: =Planners!$S$84 -> RRTConnect | D62: =Planners!$T$84 -> 0.080634 | E62: =Planners!$U$84 -> 4.04405 | F62: =Planners!$V$84 -> 4.124684 | G62: =Planners!$X$84 -> 1.572315 | H62: =Planners!$W$84 -> 42 | I62: =Planners!$Y$84 -> ✓ | J62: =Planners!$Z$84 -> 0
A63: 4 | B63: =Planners!$R$87 -> O19_3 | C63: =Planners!$S$87 -> RRTConnect | D63: =Planners!$T$87 -> 0.090396 | E63: =Planners!$U$87 -> 4.598207 | F63: =Planners!$V$87 -> 4.688603 | G63: =Planners!$X$87 -> 5.145325 | H63: =Planners!$W$87 -> 48 | I63: =Planners!$Y$87 -> ✓ | J63: =Planners!$Z$87 -> Replaneou
A64: 4 | B64: =Planners!$R$90 -> O20_1 | C64: =Planners!$S$90 -> RRTConnect | D64: =Planners!$T$90 -> 0.093727 | E64: =Planners!$U$90 -> 3.944723 | F64: =Planners!$V$90 -> 4.03845 | G64: =Planners!$X$90 -> 3.148492 | H64: =Planners!$W$90 -> 41 | I64: =Planners!$Y$90 -> ✓ | J64: =Planners!$Z$90 -> 0
A65: 4 | B65: =Planners!$R$93 -> O20_2 | C65: =Planners!$S$93 -> RRTConnect | D65: =Planners!$T$93 -> 0.060091 | E65: =Planners!$U$93 -> 2.901866 | F65: =Planners!$V$93 -> 2.961957 | G65: =Planners!$X$93 -> 1.327854 | H65: =Planners!$W$93 -> 30 | I65: =Planners!$Y$93 -> ✓ | J65: =Planners!$Z$93 -> 0
A66: 4 | B66: =Planners!$R$96 -> O20_3 | C66: =Planners!$S$96 -> RRTConnect | D66: =Planners!$T$96 -> 0.097426 | E66: =Planners!$U$96 -> 4.63741 | F66: =Planners!$V$96 -> 4.734836 | G66: =Planners!$X$96 -> 5.564378 | H66: =Planners!$W$96 -> 48 | I66: =Planners!$Y$96 -> ✓ | J66: =Planners!$Z$96 -> Replaneou
A67: 4 | B67: =Planners!$R$99 -> O21 | C67: =Planners!$S$99 -> RRTConnect | D67: =Planners!$T$99 -> 0.108043 | E67: =Planners!$U$99 -> 4.364185 | F67: =Planners!$V$99 -> 4.472228 | G67: =Planners!$X$99 -> 2.636737 | H67: =Planners!$W$99 -> 45 | I67: =Planners!$Y$99 -> ✓ | J67: =Planners!$Z$99 -> 0
A68: 4 | B68: =Planners!$R$102 -> O22_1 | C68: =Planners!$S$102 -> RRTConnect | D68: =Planners!$T$102 -> 0.085418 | E68: =Planners!$U$102 -> 3.69886 | F68: =Planners!$V$102 -> 3.784278 | G68: =Planners!$X$102 -> 2.254788 | H68: =Planners!$W$102 -> 39 | I68: =Planners!$Y$102 -> ✓ | J68: =Planners!$Z$102 -> 0
A69: 4 | B69: =Planners!$R$105 -> O22_2 | C69: =Planners!$S$105 -> RRTConnect | D69: =Planners!$T$105 -> 0.083033 | E69: =Planners!$U$105 -> 3.445352 | F69: =Planners!$V$105 -> 3.528385 | G69: =Planners!$X$105 -> 1.418558 | H69: =Planners!$W$105 -> 36 | I69: =Planners!$Y$105 -> ✓ | J69: =Planners!$Z$105 -> 0
A70: 5 | B70: =Planners!$A$111 -> O03_1 | C70: =Planners!$B$111 -> RRTConnect | D70: =Planners!$C$111 -> 0.089686 | E70: =Planners!$D$111 -> 4.236987 | F70: =Planners!$E$111 -> 4.326673 | G70: =Planners!$G$111 -> 2.460937 | H70: =Planners!$F$111 -> 44 | I70: =Planners!$H$111 -> ✓ | J70: =Planners!$I$111 -> 0
A71: 5 | B71: =Planners!$A$114 -> O03_2 | C71: =Planners!$B$114 -> RRTConnect | D71: =Planners!$C$114 -> 0.075212 | E71: =Planners!$D$114 -> 3.508175 | F71: =Planners!$E$114 -> 3.583387 | G71: =Planners!$G$114 -> 1.215574 | H71: =Planners!$F$114 -> 36 | I71: =Planners!$H$114 -> ✓ | J71: =Planners!$I$114 -> 0
A72: 5 | B72: =Planners!$A$117 -> O07_1 | C72: =Planners!$B$117 -> RRTConnect | D72: =Planners!$C$117 -> 0.084128 | E72: =Planners!$D$117 -> 3.703592 | F72: =Planners!$E$117 -> 3.78772 | G72: =Planners!$G$117 -> 2.255602 | H72: =Planners!$F$117 -> 39 | I72: =Planners!$H$117 -> ✓ | J72: =Planners!$I$117 -> 0
A73: 5 | B73: =Planners!$A$120 -> O07_2 | C73: =Planners!$B$120 -> RRTConnect | D73: =Planners!$C$120 -> 0.075544 | E73: =Planners!$D$120 -> 3.444247 | F73: =Planners!$E$120 -> 3.519791 | G73: =Planners!$G$120 -> 1.418881 | H73: =Planners!$F$120 -> 36 | I73: =Planners!$H$120 -> ✓ | J73: =Planners!$I$120 -> 0
A74: 5 | B74: =Planners!$A$123 -> O13_1 | C74: =Planners!$B$123 -> RRTConnect | D74: =Planners!$C$123 -> 0.079338 | E74: =Planners!$D$123 -> 3.757901 | F74: =Planners!$E$123 -> 3.837239 | G74: =Planners!$G$123 -> 2.377346 | H74: =Planners!$F$123 -> 39 | I74: =Planners!$H$123 -> ✓ | J74: =Planners!$I$123 -> 0
A75: 5 | B75: =Planners!$A$126 -> O13_2 | C75: =Planners!$B$126 -> RRTConnect | D75: =Planners!$C$126 -> 0.075532 | E75: =Planners!$D$126 -> 3.104774 | F75: =Planners!$E$126 -> 3.180306 | G75: =Planners!$G$126 -> 1.513317 | H75: =Planners!$F$126 -> 32 | I75: =Planners!$H$126 -> ✓ | J75: =Planners!$I$126 -> 0
A76: 5 | B76: =Planners!$A$129 -> O17_1 | C76: =Planners!$B$129 -> RRTConnect | D76: =Planners!$C$129 -> 0.104755 | E76: =Planners!$D$129 -> 4.240219 | F76: =Planners!$E$129 -> 4.344974 | G76: =Planners!$G$129 -> 3.380866 | H76: =Planners!$F$129 -> 44 | I76: =Planners!$H$129 -> ✓ | J76: =Planners!$I$129 -> 0
A77: 5 | B77: =Planners!$A$132 -> O17_2 | C77: =Planners!$B$132 -> RRTConnect | D77: =Planners!$C$132 -> 0.093827 | E77: =Planners!$D$132 -> 2.886724 | F77: =Planners!$E$132 -> 2.980551 | G77: =Planners!$G$132 -> 1.279448 | H77: =Planners!$F$132 -> 30 | I77: =Planners!$H$132 -> ✓ | J77: =Planners!$I$132 -> 0
A78: 5 | B78: =Planners!$A$135 -> O19_1 | C78: =Planners!$B$135 -> RRTConnect | D78: =Planners!$C$135 -> 0.104641 | E78: =Planners!$D$135 -> 3.507444 | F78: =Planners!$E$135 -> 3.612085 | G78: =Planners!$G$135 -> 2.841891 | H78: =Planners!$F$135 -> 36 | I78: =Planners!$H$135 -> ✓ | J78: =Planners!$I$135 -> 0
A79: 5 | B79: =Planners!$A$138 -> O19_2 | C79: =Planners!$B$138 -> RRTConnect | D79: =Planners!$C$138 -> 0.085024 | E79: =Planners!$D$138 -> 3.454193 | F79: =Planners!$E$138 -> 3.539217 | G79: =Planners!$G$138 -> 1.388522 | H79: =Planners!$F$138 -> 36 | I79: =Planners!$H$138 -> ✓ | J79: =Planners!$I$138 -> 0
A80: 5 | B80: =Planners!$A$141 -> O19_3 | C80: =Planners!$B$141 -> RRTConnect | D80: =Planners!$C$141 -> 0.094161 | E80: =Planners!$D$141 -> 3.607535 | F80: =Planners!$E$141 -> 3.701696 | G80: =Planners!$G$141 -> 1.292998 | H80: =Planners!$F$141 -> 38 | I80: =Planners!$H$141 -> ✓ | J80: =Planners!$I$141 -> 0
A81: 5 | B81: =Planners!$A$144 -> O20_1 | C81: =Planners!$B$144 -> RRTConnect | D81: =Planners!$C$144 -> 0.102853 | E81: =Planners!$D$144 -> 3.648449 | F81: =Planners!$E$144 -> 3.751302 | G81: =Planners!$G$144 -> 2.728314 | H81: =Planners!$F$144 -> 38 | I81: =Planners!$H$144 -> ✓ | J81: =Planners!$I$144 -> 0
A82: 5 | B82: =Planners!$A$147 -> O20_2 | C82: =Planners!$B$147 -> RRTConnect | D82: =Planners!$C$147 -> 0.071139 | E82: =Planners!$D$147 -> 2.883387 | F82: =Planners!$E$147 -> 2.954526 | G82: =Planners!$G$147 -> 1.328159 | H82: =Planners!$F$147 -> 30 | I82: =Planners!$H$147 -> ✓ | J82: =Planners!$I$147 -> 0
A83: 5 | B83: =Planners!$A$150 -> O20_3 | C83: =Planners!$B$150 -> RRTConnect | D83: =Planners!$C$150 -> 0.08475 | E83: =Planners!$D$150 -> 3.133749 | F83: =Planners!$E$150 -> 3.218499 | G83: =Planners!$G$150 -> 1.485137 | H83: =Planners!$F$150 -> 33 | I83: =Planners!$H$150 -> ✓ | J83: =Planners!$I$150 -> 0
A84: 5 | B84: =Planners!$A$153 -> O21 | C84: =Planners!$B$153 -> RRTConnect | D84: =Planners!$C$153 -> 0.073833 | E84: =Planners!$D$153 -> 3.992113 | F84: =Planners!$E$153 -> 4.065946 | G84: =Planners!$G$153 -> 3.520611 | H84: =Planners!$F$153 -> 42 | I84: =Planners!$H$153 -> ✓ | J84: =Planners!$I$153 -> 0
A85: 5 | B85: =Planners!$A$156 -> O22_1 | C85: =Planners!$B$156 -> RRTConnect | D85: =Planners!$C$156 -> 0.07917 | E85: =Planners!$D$156 -> 3.760521 | F85: =Planners!$E$156 -> 3.839691 | G85: =Planners!$G$156 -> 1.755374 | H85: =Planners!$F$156 -> 39 | I85: =Planners!$H$156 -> ✓ | J85: =Planners!$I$156 -> 0
A86: 5 | B86: =Planners!$A$159 -> O22_2 | C86: =Planners!$B$159 -> RRTConnect | D86: =Planners!$C$159 -> 0.055748 | E86: =Planners!$D$159 -> 3.410956 | F86: =Planners!$E$159 -> 3.466704 | G86: =Planners!$G$159 -> 1.16331 | H86: =Planners!$F$159 -> 29 | I86: =Planners!$H$159 -> ✓ | J86: =Planners!$I$159 -> 0
A87: 1 | B87: =Planners!$A$3 -> O03_1 | C87: =Planners!$B$4 -> RRTstar | D87: =Planners!$C$4 -> 0.093886 | E87: =Planners!$D$4 -> 3.685982 | F87: =Planners!$E$4 -> 3.779868 | G87: =Planners!$G$4 -> 2.255318 | H87: =Planners!$F$4 -> 39 | I87: =Planners!$H$4 -> ✓ | J87: =Planners!$I$4 -> 0
A88: 1 | B88: =Planners!$A$6 -> O03_2 | C88: =Planners!$B$7 -> RRTstar | D88: =Planners!$C$7 -> 0.10512 | E88: =Planners!$D$7 -> 3.443286 | F88: =Planners!$E$7 -> 3.548406 | G88: =Planners!$G$7 -> 1.41831 | H88: =Planners!$F$7 -> 36 | I88: =Planners!$H$7 -> ✓ | J88: =Planners!$I$7 -> 0
A89: 1 | B89: =Planners!$A$9 -> O07_1 | C89: =Planners!$B$10 -> RRTstar | D89: =Planners!$C$10 -> 0.086584 | E89: =Planners!$D$10 -> 3.729423 | F89: =Planners!$E$10 -> 3.816007 | G89: =Planners!$G$10 -> 2.376257 | H89: =Planners!$F$10 -> 39 | I89: =Planners!$H$10 -> ✓ | J89: =Planners!$I$10 -> 0
A90: 1 | B90: =Planners!$A$12 -> O07_2 | C90: =Planners!$B$13 -> RRTstar | D90: =Planners!$C$13 -> 0.074056 | E90: =Planners!$D$13 -> 3.044419 | F90: =Planners!$E$13 -> 3.118475 | G90: =Planners!$G$13 -> 1.511741 | H90: =Planners!$F$13 -> 32 | I90: =Planners!$H$13 -> ✓ | J90: =Planners!$I$13 -> 0
A91: 1 | B91: =Planners!$A$15 -> O13_1 | C91: =Planners!$B$16 -> RRTstar | D91: =Planners!$C$16 -> 0.073994 | E91: =Planners!$D$16 -> 4.58583 | F91: =Planners!$E$16 -> 4.659824 | G91: =Planners!$G$16 -> 2.984332 | H91: =Planners!$F$16 -> 48 | I91: =Planners!$H$16 -> ✓ | J91: =Planners!$I$16 -> 0
A92: 1 | B92: =Planners!$A$18 -> O13_2 | C92: =Planners!$B$19 -> RRTstar | D92: =Planners!$C$19 -> 0.096217 | E92: =Planners!$D$19 -> 4.496373 | F92: =Planners!$E$19 -> 4.59259 | G92: =Planners!$G$19 -> 3.916942 | H92: =Planners!$F$19 -> 47 | I92: =Planners!$H$19 -> ✓ | J92: =Planners!$I$19 -> 0
A93: 1 | B93: =Planners!$A$21 -> O17_1 | C93: =Planners!$B$22 -> RRTstar | D93: =Planners!$C$22 -> 0.081578 | E93: =Planners!$D$22 -> 4.247989 | F93: =Planners!$E$22 -> 4.329567 | G93: =Planners!$G$22 -> 3.382157 | H93: =Planners!$F$22 -> 44 | I93: =Planners!$H$22 -> ✓ | J93: =Planners!$I$22 -> 0
A94: 1 | B94: =Planners!$A$24 -> O17_2 | C94: =Planners!$B$25 -> RRTstar | D94: =Planners!$C$25 -> 0.07636 | E94: =Planners!$D$25 -> 2.951064 | F94: =Planners!$E$25 -> 3.027424 | G94: =Planners!$G$25 -> 1.282566 | H94: =Planners!$F$25 -> 31 | I94: =Planners!$H$25 -> ✓ | J94: =Planners!$I$25 -> 0
A95: 1 | B95: =Planners!$A$27 -> O19_1 | C95: =Planners!$B$28 -> RRTstar | D95: =Planners!$C$28 -> 0.099738 | E95: =Planners!$D$28 -> 3.49491 | F95: =Planners!$E$28 -> 3.594648 | G95: =Planners!$G$28 -> 2.843293 | H95: =Planners!$F$28 -> 36 | I95: =Planners!$H$28 -> ✓ | J95: =Planners!$I$28 -> 0
A96: 1 | B96: =Planners!$A$30 -> O19_2 | C96: =Planners!$B$31 -> RRTstar | D96: =Planners!$C$31 -> 0.063221 | E96: =Planners!$D$31 -> 3.438989 | F96: =Planners!$E$31 -> 3.50221 | G96: =Planners!$G$31 -> 1.387474 | H96: =Planners!$F$31 -> 36 | I96: =Planners!$H$31 -> ✓ | J96: =Planners!$I$31 -> 0
A97: 1 | B97: =Planners!$A$33 -> O19_3 | C97: =Planners!$B$34 -> RRTstar | D97: =Planners!$C$34 -> 0.074505 | E97: =Planners!$D$34 -> 3.749834 | F97: =Planners!$E$34 -> 3.824339 | G97: =Planners!$G$34 -> 1.290953 | H97: =Planners!$F$34 -> 39 | I97: =Planners!$H$34 -> ✓ | J97: =Planners!$I$34 -> 0
A98: 1 | B98: =Planners!$A$36 -> O20_1 | C98: =Planners!$B$37 -> RRTstar | D98: =Planners!$C$37 -> 0.102947 | E98: =Planners!$D$37 -> 3.650575 | F98: =Planners!$E$37 -> 3.753522 | G98: =Planners!$G$37 -> 2.72712 | H98: =Planners!$F$37 -> 38 | I98: =Planners!$H$37 -> ✓ | J98: =Planners!$I$37 -> 0
A99: 1 | B99: =Planners!$A$39 -> O20_2 | C99: =Planners!$B$40 -> RRTstar | D99: =Planners!$C$40 -> 0.083118 | E99: =Planners!$D$40 -> 2.885476 | F99: =Planners!$E$40 -> 2.968594 | G99: =Planners!$G$40 -> 1.328577 | H99: =Planners!$F$40 -> 30 | I99: =Planners!$H$40 -> ✓ | J99: =Planners!$I$40 -> 0
A100: 1 | B100: =Planners!$A$42 -> O20_3 | C100: =Planners!$B$43 -> RRTstar | D100: =Planners!$C$43 -> 0.092036 | E100: =Planners!$D$43 -> 3.145369 | F100: =Planners!$E$43 -> 3.237405 | G100: =Planners!$G$43 -> 1.484246 | H100: =Planners!$F$43 -> 33 | I100: =Planners!$H$43 -> ✓ | J100: =Planners!$I$43 -> 0
...

Sheet Análise Estatística
A1: ANÁLISE ESTATÍSTICA — OBSTÁCULOS E PLANEADORES TM12 | B1: ANÁLISE ESTATÍSTICA — OBSTÁCULOS E PLANEADORES TM12 | C1: ANÁLISE ESTATÍSTICA — OBSTÁCULOS E PLANEADORES TM12 | D1: ANÁLISE ESTATÍSTICA — OBSTÁCULOS E PLANEADORES TM12 | E1: ANÁLISE ESTATÍSTICA — OBSTÁCULOS E PLANEADORES TM12 | F1: ANÁLISE ESTATÍSTICA — OBSTÁCULOS E PLANEADORES TM12 | G1: ANÁLISE ESTATÍSTICA — OBSTÁCULOS E PLANEADORES TM12 | H1: ANÁLISE ESTATÍSTICA — OBSTÁCULOS E PLANEADORES TM12 | I1: ANÁLISE ESTATÍSTICA — OBSTÁCULOS E PLANEADORES TM12 | J1: ANÁLISE ESTATÍSTICA — OBSTÁCULOS E PLANEADORES TM12 | K1: ANÁLISE ESTATÍSTICA — OBSTÁCULOS E PLANEADORES TM12 | L1: ANÁLISE ESTATÍSTICA — OBSTÁCULOS E PLANEADORES TM12 | M1: ANÁLISE ESTATÍSTICA — OBSTÁCULOS E PLANEADORES TM12 | N1: ANÁLISE ESTATÍSTICA — OBSTÁCULOS E PLANEADORES TM12 | O1: ANÁLISE ESTATÍSTICA — OBSTÁCULOS E PLANEADORES TM12 | P1: ANÁLISE ESTATÍSTICA — OBSTÁCULOS E PLANEADORES TM12 | Q1: ANÁLISE ESTATÍSTICA — OBSTÁCULOS E PLANEADORES TM12
S2: Planner | T2: Tempo total médio (s)
A3: Planner | B3: Ensaios | C3: Sucessos | D3: Falhas | E3: Taxa de sucesso | F3: Replaneamentos | S3: RRTConnect | T3: =D13 -> 3.8778369
A4: RRTConnect | B4: =COUNTIF('Dados Análise'!$C$2:$C$256,A4) -> 85 | C4: =COUNTIFS('Dados Análise'!$C$2:$C$256,A4,'Dados Análise'!$I$2:$I$256,"✓") -> 85 | D4: =B4-C4 -> 0 | E4: =IF(B4=0,0,C4/B4) -> 1 | F4: =COUNTA('Dados Análise'!$J$3,'Dados Análise'!$J$63,'Dados Análise'!$J$66) -> 3 | S4: RRTstar | T4: =D18 -> 3.827677
A5: RRTstar | B5: =COUNTIF('Dados Análise'!$C$2:$C$256,A5) -> 85 | C5: =COUNTIFS('Dados Análise'!$C$2:$C$256,A5,'Dados Análise'!$I$2:$I$256,"✓") -> 82 | D5: =B5-C5 -> 3 | E5: =IF(B5=0,0,C5/B5) -> 0.96470588 | F5: =COUNTA('Dados Análise'!$J$135,'Dados Análise'!$J$140) -> 2 | S5: PRMstar | T5: =D23 -> 3.9200068
A6: PRMstar | B6: =COUNTIF('Dados Análise'!$C$2:$C$256,A6) -> 85 | C6: =COUNTIFS('Dados Análise'!$C$2:$C$256,A6,'Dados Análise'!$I$2:$I$256,"✓") -> 79 | D6: =B6-C6 -> 6 | E6: =IF(B6=0,0,C6/B6) -> 0.92941176 | F6: =COUNTA('Dados Análise'!$J$174,'Dados Análise'!$J$178,'Dados Análise'!$J$210,'Dados Análise'!$J$220,'Dados Análise'!$J$225) -> 5
A7: TOTAL | B7: =SUM(B4:B6) -> 255 | C7: =SUM(C4:C6) -> 246 | D7: =SUM(D4:D6) -> 9 | E7: =IF(B7=0,0,C7/B7) -> 0.96470588 | F7: =SUM(F4:F6) -> 10
S8: Planner | T8: Tempo médio de planeamento (s)
S9: RRTConnect | T9: =D11 -> 0.091132341
A10: Planner | B10: Métrica | C10: n | D10: Média | E10: Desvio padrão | F10: Mínimo | G10: Máximo | H10: Unidade | S10: RRTstar | T10: =D16 -> 0.088657866
A11: RRTConnect | B11: Tempo de planeamento | C11: =COUNT('Dados Análise'!$D$2:$D$86) -> 85 | D11: =AVERAGE('Dados Análise'!$D$2:$D$86) -> 0.091132341 | E11: =_xlfn.STDEV.S('Dados Análise'!$D$2:$D$86) -> 0.021408745 | F11: =MIN('Dados Análise'!$D$2:$D$86) -> 0.055748 | G11: =MAX('Dados Análise'!$D$2:$D$86) -> 0.187847 | H11: s | S11: PRMstar | T11: =D21 -> 0.091157316
A12: RRTConnect | B12: Tempo de execução | C12: =COUNT('Dados Análise'!$E$2:$E$86) -> 85 | D12: =AVERAGE('Dados Análise'!$E$2:$E$86) -> 3.7867046 | E12: =_xlfn.STDEV.S('Dados Análise'!$E$2:$E$86) -> 0.70877173 | F12: =MIN('Dados Análise'!$E$2:$E$86) -> 2.883387 | G12: =MAX('Dados Análise'!$E$2:$E$86) -> 6.851211 | H12: s
A13: RRTConnect | B13: Tempo total | C13: =COUNT('Dados Análise'!$F$2:$F$86) -> 85 | D13: =AVERAGE('Dados Análise'!$F$2:$F$86) -> 3.8778369 | E13: =_xlfn.STDEV.S('Dados Análise'!$F$2:$F$86) -> 0.72258245 | F13: =MIN('Dados Análise'!$F$2:$F$86) -> 2.954526 | G13: =MAX('Dados Análise'!$F$2:$F$86) -> 7.039058 | H13: s
A14: RRTConnect | B14: Comprimento cartesiano TCP | C14: =COUNT('Dados Análise'!$G$2:$G$86) -> 85 | D14: =AVERAGE('Dados Análise'!$G$2:$G$86) -> 2.2710603 | E14: =_xlfn.STDEV.S('Dados Análise'!$G$2:$G$86) -> 1.0131789 | F14: =MIN('Dados Análise'!$G$2:$G$86) -> 0.7691 | G14: =MAX('Dados Análise'!$G$2:$G$86) -> 5.564378 | H14: m | S14: Teste | T14: Menor distância registada (mm)
A15: RRTConnect | B15: Pontos planeados | C15: =COUNT('Dados Análise'!$H$2:$H$86) -> 85 | D15: =AVERAGE('Dados Análise'!$H$2:$H$86) -> 39.188235 | E15: =_xlfn.STDEV.S('Dados Análise'!$H$2:$H$86) -> 7.2432138 | F15: =MIN('Dados Análise'!$H$2:$H$86) -> 29 | G15: =MAX('Dados Análise'!$H$2:$H$86) -> 70 | H15: n.º | S15: O02 | T15: =MIN('Dados Análise'!$O$2) -> 549.4247
A16: RRTstar | B16: Tempo de planeamento | C16: =COUNT('Dados Análise'!$D$87:$D$171) -> 82 | D16: =AVERAGE('Dados Análise'!$D$87:$D$171) -> 0.088657866 | E16: =_xlfn.STDEV.S('Dados Análise'!$D$87:$D$171) -> 0.016430275 | F16: =MIN('Dados Análise'!$D$87:$D$171) -> 0.055442 | G16: =MAX('Dados Análise'!$D$87:$D$171) -> 0.176917 | H16: s | S16: O03 | T16: =MIN('Dados Análise'!$O$7,'Dados Análise'!$O$8) -> 42.0562
A17: RRTstar | B17: Tempo de execução | C17: =COUNT('Dados Análise'!$E$87:$E$171) -> 82 | D17: =AVERAGE('Dados Análise'!$E$87:$E$171) -> 3.7390192 | E17: =_xlfn.STDEV.S('Dados Análise'!$E$87:$E$171) -> 0.87548826 | F17: =MIN('Dados Análise'!$E$87:$E$171) -> 2.845529 | G17: =MAX('Dados Análise'!$E$87:$E$171) -> 8.749338 | H17: s | S17: O06 | T17: =MIN('Dados Análise'!$O$3) -> 570.3572
A18: RRTstar | B18: Tempo total | C18: =COUNT('Dados Análise'!$F$87:$F$171) -> 82 | D18: =AVERAGE('Dados Análise'!$F$87:$F$171) -> 3.827677 | E18: =_xlfn.STDEV.S('Dados Análise'!$F$87:$F$171) -> 0.88462111 | F18: =MIN('Dados Análise'!$F$87:$F$171) -> 2.944916 | G18: =MAX('Dados Análise'!$F$87:$F$171) -> 8.926255 | H18: s | S18: O07 | T18: =MIN('Dados Análise'!$O$9,'Dados Análise'!$O$10) -> 76.1514
A19: RRTstar | B19: Comprimento cartesiano TCP | C19: =COUNT('Dados Análise'!$G$87:$G$171) -> 82 | D19: =AVERAGE('Dados Análise'!$G$87:$G$171) -> 2.205147 | E19: =_xlfn.STDEV.S('Dados Análise'!$G$87:$G$171) -> 1.1461767 | F19: =MIN('Dados Análise'!$G$87:$G$171) -> 0.912857 | G19: =MAX('Dados Análise'!$G$87:$G$171) -> 7.758827 | H19: m | S19: O10 | T19: =MIN('Dados Análise'!$O$4) -> 2017.57
A20: RRTstar | B20: Pontos planeados | C20: =COUNT('Dados Análise'!$H$87:$H$171) -> 82 | D20: =AVERAGE('Dados Análise'!$H$87:$H$171) -> 39 | E20: =_xlfn.STDEV.S('Dados Análise'!$H$87:$H$171) -> 8.2895144 | F20: =MIN('Dados Análise'!$H$87:$H$171) -> 30 | G20: =MAX('Dados Análise'!$H$87:$H$171) -> 89 | H20: n.º | S20: O12 | T20: =MIN('Dados Análise'!$O$5) -> 334.9116
A21: PRMstar | B21: Tempo de planeamento | C21: =COUNT('Dados Análise'!$D$172:$D$256) -> 79 | D21: =AVERAGE('Dados Análise'!$D$172:$D$256) -> 0.091157316 | E21: =_xlfn.STDEV.S('Dados Análise'!$D$172:$D$256) -> 0.022355877 | F21: =MIN('Dados Análise'!$D$172:$D$256) -> 0.05981 | G21: =MAX('Dados Análise'!$D$172:$D$256) -> 0.190614 | H21: s | S21: O13 | T21: =MIN('Dados Análise'!$O$11,'Dados Análise'!$O$12) -> 145.3764
A22: PRMstar | B22: Tempo de execução | C22: =COUNT('Dados Análise'!$E$172:$E$256) -> 79 | D22: =AVERAGE('Dados Análise'!$E$172:$E$256) -> 3.8288495 | E22: =_xlfn.STDEV.S('Dados Análise'!$E$172:$E$256) -> 0.92928062 | F22: =MIN('Dados Análise'!$E$172:$E$256) -> 2.888582 | G22: =MAX('Dados Análise'!$E$172:$E$256) -> 8.247355 | H22: s | S22: O16 | T22: =MIN('Dados Análise'!$O$6) -> 335.1222
A23: PRMstar | B23: Tempo total | C23: =COUNT('Dados Análise'!$F$172:$F$256) -> 79 | D23: =AVERAGE('Dados Análise'!$F$172:$F$256) -> 3.9200068 | E23: =_xlfn.STDEV.S('Dados Análise'!$F$172:$F$256) -> 0.94369903 | F23: =MIN('Dados Análise'!$F$172:$F$256) -> 2.96967 | G23: =MAX('Dados Análise'!$F$172:$F$256) -> 8.437969 | H23: s | S23: O17 | T23: =MIN('Dados Análise'!$O$13,'Dados Análise'!$O$14) -> 202.2882
A24: PRMstar | B24: Comprimento cartesiano TCP | C24: =COUNT('Dados Análise'!$G$172:$G$256) -> 79 | D24: =AVERAGE('Dados Análise'!$G$172:$G$256) -> 2.4807808 | E24: =_xlfn.STDEV.S('Dados Análise'!$G$172:$G$256) -> 1.1550409 | F24: =MIN('Dados Análise'!$G$172:$G$256) -> 1.184255 | G24: =MAX('Dados Análise'!$G$172:$G$256) -> 5.563817 | H24: m | S24: O19 | T24: =MIN('Dados Análise'!$O$15,'Dados Análise'!$O$16,'Dados Análise'!$O$17) -> 216.982
A25: PRMstar | B25: Pontos planeados | C25: =COUNT('Dados Análise'!$H$172:$H$256) -> 79 | D25: =AVERAGE('Dados Análise'!$H$172:$H$256) -> 40.164557 | E25: =_xlfn.STDEV.S('Dados Análise'!$H$172:$H$256) -> 9.4603496 | F25: =MIN('Dados Análise'!$H$172:$H$256) -> 30 | G25: =MAX('Dados Análise'!$H$172:$H$256) -> 84 | H25: n.º | S25: O20 | T25: =MIN('Dados Análise'!$O$18,'Dados Análise'!$O$19,'Dados Análise'!$O$20) -> 98.0725
S26: O21 | T26: =MIN('Dados Análise'!$O$21) -> 180.7128
A29: Distâncias mínimas aos obstáculos | B29: Distâncias mínimas aos obstáculos | C29: Distâncias mínimas aos obstáculos | D29: Distâncias mínimas aos obstáculos | E29: Distâncias mínimas aos obstáculos | F29: Distâncias mínimas aos obstáculos | G29: Distâncias mínimas aos obstáculos | H29: Distâncias mínimas aos obstáculos | S29: Condição | T29: Erro euclidiano médio (mm)
A30: Grupo | B30: n | C30: Média (mm) | D30: Desvio padrão (mm) | E30: Mínimo (mm) | F30: Máximo (mm) | G30: Mediana (mm) | S30: TCP na flange | T30: =D41 -> 50.284819
A31: Total | B31: =COUNT('Dados Análise'!$O$2:$O$21) -> 20 | C31: =AVERAGE('Dados Análise'!$O$2:$O$21) -> 328.77348 | D31: =_xlfn.STDEV.S('Dados Análise'!$O$2:$O$21) -> 421.1142 | E31: =MIN('Dados Análise'!$O$2:$O$21) -> 42.0562 | F31: =MAX('Dados Análise'!$O$2:$O$21) -> 2017.57 | G31: =MEDIAN('Dados Análise'!$O$2:$O$21) -> 221.6606 | S31: TCP corrigido | T31: =D45 -> 0.93242699
A32: Bloqueio | B32: =COUNT('Dados Análise'!$O$2:$O$6) -> 5 | C32: =AVERAGE('Dados Análise'!$O$2:$O$6) -> 761.47714 | D32: =_xlfn.STDEV.S('Dados Análise'!$O$2:$O$6) -> 711.16085 | E32: =MIN('Dados Análise'!$O$2:$O$6) -> 334.9116 | F32: =MAX('Dados Análise'!$O$2:$O$6) -> 2017.57 | G32: =MEDIAN('Dados Análise'!$O$2:$O$6) -> 549.4247
A33: Contorno/desvio | B33: =COUNT('Dados Análise'!$O$7:$O$21) -> 15 | C33: =AVERAGE('Dados Análise'!$O$7:$O$21) -> 184.53892 | D33: =_xlfn.STDEV.S('Dados Análise'!$O$7:$O$21) -> 83.747414 | E33: =MIN('Dados Análise'!$O$7:$O$21) -> 42.0562 | F33: =MAX('Dados Análise'!$O$7:$O$21) -> 341.1691 | G33: =MEDIAN('Dados Análise'!$O$7:$O$21) -> 180.7128
A36: Erro de pose: flange sem correção vs. TCP corrigido | B36: Erro de pose: flange sem correção vs. TCP corrigido | C36: Erro de pose: flange sem correção vs. TCP corrigido | D36: Erro de pose: flange sem correção vs. TCP corrigido | E36: Erro de pose: flange sem correção vs. TCP corrigido | F36: Erro de pose: flange sem correção vs. TCP corrigido | G36: Erro de pose: flange sem correção vs. TCP corrigido | H36: Erro de pose: flange sem correção vs. TCP corrigido
A37: Condição | B37: Métrica | C37: n | D37: Média | E37: Desvio padrão | F37: Mínimo | G37: Máximo | H37: Unidade
A38: TCP na flange | B38: Erro X | C38: =COUNT('Dados Análise'!$S$2:$S$18) -> 17 | D38: =AVERAGE('Dados Análise'!$S$2:$S$18) -> 5.8470588 | E38: =_xlfn.STDEV.S('Dados Análise'!$S$2:$S$18) -> 12.186064 | F38: =MIN('Dados Análise'!$S$2:$S$18) -> 0.1 | G38: =MAX('Dados Análise'!$S$2:$S$18) -> 49.5 | H38: mm
A39: TCP na flange | B39: Erro Y | C39: =COUNT('Dados Análise'!$T$2:$T$18) -> 17 | D39: =AVERAGE('Dados Análise'!$T$2:$T$18) -> 3.8764706 | E39: =_xlfn.STDEV.S('Dados Análise'!$T$2:$T$18) -> 6.3775514 | F39: =MIN('Dados Análise'!$T$2:$T$18) -> 0.1 | G39: =MAX('Dados Análise'!$T$2:$T$18) -> 19.2 | H39: mm
A40: TCP na flange | B40: Erro Z | C40: =COUNT('Dados Análise'!$U$2:$U$18) -> 17 | D40: =AVERAGE('Dados Análise'!$U$2:$U$18) -> 46.823529 | E40: =_xlfn.STDEV.S('Dados Análise'!$U$2:$U$18) -> 10.786712 | F40: =MIN('Dados Análise'!$U$2:$U$18) -> 5.8 | G40: =MAX('Dados Análise'!$U$2:$U$18) -> 52 | H40: mm
A41: TCP na flange | B41: Erro euclidiano | C41: =COUNT('Dados Análise'!$V$2:$V$18) -> 17 | D41: =AVERAGE('Dados Análise'!$V$2:$V$18) -> 50.284819 | E41: =_xlfn.STDEV.S('Dados Análise'!$V$2:$V$18) -> 0.83063859 | F41: =MIN('Dados Análise'!$V$2:$V$18) -> 48.805123 | G41: =MAX('Dados Análise'!$V$2:$V$18) -> 52.004807 | H41: mm
A42: TCP corrigido (+50 mm) | B42: Erro X | C42: =COUNT('Dados Análise'!$W$2:$W$18) -> 17 | D42: =AVERAGE('Dados Análise'!$W$2:$W$18) -> 0.40588235 | E42: =_xlfn.STDEV.S('Dados Análise'!$W$2:$W$18) -> 0.23310563 | F42: =MIN('Dados Análise'!$W$2:$W$18) -> 0.1 | G42: =MAX('Dados Análise'!$W$2:$W$18) -> 0.9 | H42: mm
A43: TCP corrigido (+50 mm) | B43: Erro Y | C43: =COUNT('Dados Análise'!$X$2:$X$18) -> 17 | D43: =AVERAGE('Dados Análise'!$X$2:$X$18) -> 0.42941176 | E43: =_xlfn.STDEV.S('Dados Análise'!$X$2:$X$18) -> 0.23917751 | F43: =MIN('Dados Análise'!$X$2:$X$18) -> 0.1 | G43: =MAX('Dados Análise'!$X$2:$X$18) -> 1 | H43: mm
A44: TCP corrigido (+50 mm) | B44: Erro Z | C44: =COUNT('Dados Análise'!$Y$2:$Y$18) -> 17 | D44: =AVERAGE('Dados Análise'!$Y$2:$Y$18) -> 0.57294118 | E44: =_xlfn.STDEV.S('Dados Análise'!$Y$2:$Y$18) -> 0.45765386 | F44: =MIN('Dados Análise'!$Y$2:$Y$18) -> 0.04 | G44: =MAX('Dados Análise'!$Y$2:$Y$18) -> 1.5 | H44: mm
A45: TCP corrigido (+50 mm) | B45: Erro euclidiano | C45: =COUNT('Dados Análise'!$Z$2:$Z$18) -> 17 | D45: =AVERAGE('Dados Análise'!$Z$2:$Z$18) -> 0.93242699 | E45: =_xlfn.STDEV.S('Dados Análise'!$Z$2:$Z$18) -> 0.34200315 | F45: =MIN('Dados Análise'!$Z$2:$Z$18) -> 0.3 | G45: =MAX('Dados Análise'!$Z$2:$Z$18) -> 1.584298 | H45: mm
A48: Discussão e interpretação dos resultados | B48: Discussão e interpretação dos resultados | C48: Discussão e interpretação dos resultados | D48: Discussão e interpretação dos resultados | E48: Discussão e interpretação dos resultados | F48: Discussão e interpretação dos resultados | G48: Discussão e interpretação dos resultados | H48: Discussão e interpretação dos resultados | I48: Discussão e interpretação dos resultados
A49: Nos ensaios com obstáculos, RRTConnect foi o único planeador com 100% de sucesso (85/85). RRTstar registou 3 falhas e PRMstar 6, sobretudo associadas a limites de velocidade/posição do TCP e à interrupção subsequente do ciclo. | B49: Nos ensaios com obstáculos, RRTConnect foi o único planeador com 100% de sucesso (85/85). RRTstar registou 3 falhas e PRMstar 6, sobretudo associadas a limites de velocidade/posição do TCP e à interrupção subsequente do ciclo. | C49: Nos ensaios com obstáculos, RRTConnect foi o único planeador com 100% de sucesso (85/85). RRTstar registou 3 falhas e PRMstar 6, sobretudo associadas a limites de velocidade/posição do TCP e à interrupção subsequente do ciclo. | D49: Nos ensaios com obstáculos, RRTConnect foi o único planeador com 100% de sucesso (85/85). RRTstar registou 3 falhas e PRMstar 6, sobretudo associadas a limites de velocidade/posição do TCP e à interrupção subsequente do ciclo. | E49: Nos ensaios com obstáculos, RRTConnect foi o único planeador com 100% de sucesso (85/85). RRTstar registou 3 falhas e PRMstar 6, sobretudo associadas a limites de velocidade/posição do TCP e à interrupção subsequente do ciclo. | F49: Nos ensaios com obstáculos, RRTConnect foi o único planeador com 100% de sucesso (85/85). RRTstar registou 3 falhas e PRMstar 6, sobretudo associadas a limites de velocidade/posição do TCP e à interrupção subsequente do ciclo. | G49: Nos ensaios com obstáculos, RRTConnect foi o único planeador com 100% de sucesso (85/85). RRTstar registou 3 falhas e PRMstar 6, sobretudo associadas a limites de velocidade/posição do TCP e à interrupção subsequente do ciclo. | H49: Nos ensaios com obstáculos, RRTConnect foi o único planeador com 100% de sucesso (85/85). RRTstar registou 3 falhas e PRMstar 6, sobretudo associadas a limites de velocidade/posição do TCP e à interrupção subsequente do ciclo. | I49: Nos ensaios com obstáculos, RRTConnect foi o único planeador com 100% de sucesso (85/85). RRTstar registou 3 falhas e PRMstar 6, sobretudo associadas a limites de velocidade/posição do TCP e à interrupção subsequente do ciclo.
A50: Nos ensaios com obstáculos, RRTConnect foi o único planeador com 100% de sucesso (85/85). RRTstar registou 3 falhas e PRMstar 6, sobretudo associadas a limites de velocidade/posição do TCP e à interrupção subsequente do ciclo. | B50: Nos ensaios com obstáculos, RRTConnect foi o único planeador com 100% de sucesso (85/85). RRTstar registou 3 falhas e PRMstar 6, sobretudo associadas a limites de velocidade/posição do TCP e à interrupção subsequente do ciclo. | C50: Nos ensaios com obstáculos, RRTConnect foi o único planeador com 100% de sucesso (85/85). RRTstar registou 3 falhas e PRMstar 6, sobretudo associadas a limites de velocidade/posição do TCP e à interrupção subsequente do ciclo. | D50: Nos ensaios com obstáculos, RRTConnect foi o único planeador com 100% de sucesso (85/85). RRTstar registou 3 falhas e PRMstar 6, sobretudo associadas a limites de velocidade/posição do TCP e à interrupção subsequente do ciclo. | E50: Nos ensaios com obstáculos, RRTConnect foi o único planeador com 100% de sucesso (85/85). RRTstar registou 3 falhas e PRMstar 6, sobretudo associadas a limites de velocidade/posição do TCP e à interrupção subsequente do ciclo. | F50: Nos ensaios com obstáculos, RRTConnect foi o único planeador com 100% de sucesso (85/85). RRTstar registou 3 falhas e PRMstar 6, sobretudo associadas a limites de velocidade/posição do TCP e à interrupção subsequente do ciclo. | G50: Nos ensaios com obstáculos, RRTConnect foi o único planeador com 100% de sucesso (85/85). RRTstar registou 3 falhas e PRMstar 6, sobretudo associadas a limites de velocidade/posição do TCP e à interrupção subsequente do ciclo. | H50: Nos ensaios com obstáculos, RRTConnect foi o único planeador com 100% de sucesso (85/85). RRTstar registou 3 falhas e PRMstar 6, sobretudo associadas a limites de velocidade/posição do TCP e à interrupção subsequente do ciclo. | I50: Nos ensaios com obstáculos, RRTConnect foi o único planeador com 100% de sucesso (85/85). RRTstar registou 3 falhas e PRMstar 6, sobretudo associadas a limites de velocidade/posição do TCP e à interrupção subsequente do ciclo.
A51: RRTstar obteve um tempo total médio ligeiramente inferior (3.828 s) ao de RRTConnect (3.878 s), mas com maior variabilidade e sem a mesma taxa de sucesso. Para operação real, a robustez do RRTConnect tem maior peso do que uma diferença média inferior a uma décima de segundo. | B51: RRTstar obteve um tempo total médio ligeiramente inferior (3.828 s) ao de RRTConnect (3.878 s), mas com maior variabilidade e sem a mesma taxa de sucesso. Para operação real, a robustez do RRTConnect tem maior peso do que uma diferença média inferior a uma décima de segundo. | C51: RRTstar obteve um tempo total médio ligeiramente inferior (3.828 s) ao de RRTConnect (3.878 s), mas com maior variabilidade e sem a mesma taxa de sucesso. Para operação real, a robustez do RRTConnect tem maior peso do que uma diferença média inferior a uma décima de segundo. | D51: RRTstar obteve um tempo total médio ligeiramente inferior (3.828 s) ao de RRTConnect (3.878 s), mas com maior variabilidade e sem a mesma taxa de sucesso. Para operação real, a robustez do RRTConnect tem maior peso do que uma diferença média inferior a uma décima de segundo. | E51: RRTstar obteve um tempo total médio ligeiramente inferior (3.828 s) ao de RRTConnect (3.878 s), mas com maior variabilidade e sem a mesma taxa de sucesso. Para operação real, a robustez do RRTConnect tem maior peso do que uma diferença média inferior a uma décima de segundo. | F51: RRTstar obteve um tempo total médio ligeiramente inferior (3.828 s) ao de RRTConnect (3.878 s), mas com maior variabilidade e sem a mesma taxa de sucesso. Para operação real, a robustez do RRTConnect tem maior peso do que uma diferença média inferior a uma décima de segundo. | G51: RRTstar obteve um tempo total médio ligeiramente inferior (3.828 s) ao de RRTConnect (3.878 s), mas com maior variabilidade e sem a mesma taxa de sucesso. Para operação real, a robustez do RRTConnect tem maior peso do que uma diferença média inferior a uma décima de segundo. | H51: RRTstar obteve um tempo total médio ligeiramente inferior (3.828 s) ao de RRTConnect (3.878 s), mas com maior variabilidade e sem a mesma taxa de sucesso. Para operação real, a robustez do RRTConnect tem maior peso do que uma diferença média inferior a uma décima de segundo. | I51: RRTstar obteve um tempo total médio ligeiramente inferior (3.828 s) ao de RRTConnect (3.878 s), mas com maior variabilidade e sem a mesma taxa de sucesso. Para operação real, a robustez do RRTConnect tem maior peso do que uma diferença média inferior a uma décima de segundo.
A52: RRTstar obteve um tempo total médio ligeiramente inferior (3.828 s) ao de RRTConnect (3.878 s), mas com maior variabilidade e sem a mesma taxa de sucesso. Para operação real, a robustez do RRTConnect tem maior peso do que uma diferença média inferior a uma décima de segundo. | B52: RRTstar obteve um tempo total médio ligeiramente inferior (3.828 s) ao de RRTConnect (3.878 s), mas com maior variabilidade e sem a mesma taxa de sucesso. Para operação real, a robustez do RRTConnect tem maior peso do que uma diferença média inferior a uma décima de segundo. | C52: RRTstar obteve um tempo total médio ligeiramente inferior (3.828 s) ao de RRTConnect (3.878 s), mas com maior variabilidade e sem a mesma taxa de sucesso. Para operação real, a robustez do RRTConnect tem maior peso do que uma diferença média inferior a uma décima de segundo. | D52: RRTstar obteve um tempo total médio ligeiramente inferior (3.828 s) ao de RRTConnect (3.878 s), mas com maior variabilidade e sem a mesma taxa de sucesso. Para operação real, a robustez do RRTConnect tem maior peso do que uma diferença média inferior a uma décima de segundo. | E52: RRTstar obteve um tempo total médio ligeiramente inferior (3.828 s) ao de RRTConnect (3.878 s), mas com maior variabilidade e sem a mesma taxa de sucesso. Para operação real, a robustez do RRTConnect tem maior peso do que uma diferença média inferior a uma décima de segundo. | F52: RRTstar obteve um tempo total médio ligeiramente inferior (3.828 s) ao de RRTConnect (3.878 s), mas com maior variabilidade e sem a mesma taxa de sucesso. Para operação real, a robustez do RRTConnect tem maior peso do que uma diferença média inferior a uma décima de segundo. | G52: RRTstar obteve um tempo total médio ligeiramente inferior (3.828 s) ao de RRTConnect (3.878 s), mas com maior variabilidade e sem a mesma taxa de sucesso. Para operação real, a robustez do RRTConnect tem maior peso do que uma diferença média inferior a uma décima de segundo. | H52: RRTstar obteve um tempo total médio ligeiramente inferior (3.828 s) ao de RRTConnect (3.878 s), mas com maior variabilidade e sem a mesma taxa de sucesso. Para operação real, a robustez do RRTConnect tem maior peso do que uma diferença média inferior a uma décima de segundo. | I52: RRTstar obteve um tempo total médio ligeiramente inferior (3.828 s) ao de RRTConnect (3.878 s), mas com maior variabilidade e sem a mesma taxa de sucesso. Para operação real, a robustez do RRTConnect tem maior peso do que uma diferença média inferior a uma décima de segundo.
A53: A correção do TCP reduziu o erro euclidiano médio de 50.285 mm para 0.932 mm. O maior valor após correção foi 1.584 mm em O07_1. Os desvios residuais mais elevados permanecem inferiores a 1,6 mm e são compatíveis com tolerâncias de calibração do TCP, arredondamento das poses, orientação do efetuador e precisão do controlo real; não foi observada perda de segurança associada. | B53: A correção do TCP reduziu o erro euclidiano médio de 50.285 mm para 0.932 mm. O maior valor após correção foi 1.584 mm em O07_1. Os desvios residuais mais elevados permanecem inferiores a 1,6 mm e são compatíveis com tolerâncias de calibração do TCP, arredondamento das poses, orientação do efetuador e precisão do controlo real; não foi observada perda de segurança associada. | C53: A correção do TCP reduziu o erro euclidiano médio de 50.285 mm para 0.932 mm. O maior valor após correção foi 1.584 mm em O07_1. Os desvios residuais mais elevados permanecem inferiores a 1,6 mm e são compatíveis com tolerâncias de calibração do TCP, arredondamento das poses, orientação do efetuador e precisão do controlo real; não foi observada perda de segurança associada. | D53: A correção do TCP reduziu o erro euclidiano médio de 50.285 mm para 0.932 mm. O maior valor após correção foi 1.584 mm em O07_1. Os desvios residuais mais elevados permanecem inferiores a 1,6 mm e são compatíveis com tolerâncias de calibração do TCP, arredondamento das poses, orientação do efetuador e precisão do controlo real; não foi observada perda de segurança associada. | E53: A correção do TCP reduziu o erro euclidiano médio de 50.285 mm para 0.932 mm. O maior valor após correção foi 1.584 mm em O07_1. Os desvios residuais mais elevados permanecem inferiores a 1,6 mm e são compatíveis com tolerâncias de calibração do TCP, arredondamento das poses, orientação do efetuador e precisão do controlo real; não foi observada perda de segurança associada. | F53: A correção do TCP reduziu o erro euclidiano médio de 50.285 mm para 0.932 mm. O maior valor após correção foi 1.584 mm em O07_1. Os desvios residuais mais elevados permanecem inferiores a 1,6 mm e são compatíveis com tolerâncias de calibração do TCP, arredondamento das poses, orientação do efetuador e precisão do controlo real; não foi observada perda de segurança associada. | G53: A correção do TCP reduziu o erro euclidiano médio de 50.285 mm para 0.932 mm. O maior valor após correção foi 1.584 mm em O07_1. Os desvios residuais mais elevados permanecem inferiores a 1,6 mm e são compatíveis com tolerâncias de calibração do TCP, arredondamento das poses, orientação do efetuador e precisão do controlo real; não foi observada perda de segurança associada. | H53: A correção do TCP reduziu o erro euclidiano médio de 50.285 mm para 0.932 mm. O maior valor após correção foi 1.584 mm em O07_1. Os desvios residuais mais elevados permanecem inferiores a 1,6 mm e são compatíveis com tolerâncias de calibração do TCP, arredondamento das poses, orientação do efetuador e precisão do controlo real; não foi observada perda de segurança associada. | I53: A correção do TCP reduziu o erro euclidiano médio de 50.285 mm para 0.932 mm. O maior valor após correção foi 1.584 mm em O07_1. Os desvios residuais mais elevados permanecem inferiores a 1,6 mm e são compatíveis com tolerâncias de calibração do TCP, arredondamento das poses, orientação do efetuador e precisão do controlo real; não foi observada perda de segurança associada.
A54: A correção do TCP reduziu o erro euclidiano médio de 50.285 mm para 0.932 mm. O maior valor após correção foi 1.584 mm em O07_1. Os desvios residuais mais elevados permanecem inferiores a 1,6 mm e são compatíveis com tolerâncias de calibração do TCP, arredondamento das poses, orientação do efetuador e precisão do controlo real; não foi observada perda de segurança associada. | B54: A correção do TCP reduziu o erro euclidiano médio de 50.285 mm para 0.932 mm. O maior valor após correção foi 1.584 mm em O07_1. Os desvios residuais mais elevados permanecem inferiores a 1,6 mm e são compatíveis com tolerâncias de calibração do TCP, arredondamento das poses, orientação do efetuador e precisão do controlo real; não foi observada perda de segurança associada. | C54: A correção do TCP reduziu o erro euclidiano médio de 50.285 mm para 0.932 mm. O maior valor após correção foi 1.584 mm em O07_1. Os desvios residuais mais elevados permanecem inferiores a 1,6 mm e são compatíveis com tolerâncias de calibração do TCP, arredondamento das poses, orientação do efetuador e precisão do controlo real; não foi observada perda de segurança associada. | D54: A correção do TCP reduziu o erro euclidiano médio de 50.285 mm para 0.932 mm. O maior valor após correção foi 1.584 mm em O07_1. Os desvios residuais mais elevados permanecem inferiores a 1,6 mm e são compatíveis com tolerâncias de calibração do TCP, arredondamento das poses, orientação do efetuador e precisão do controlo real; não foi observada perda de segurança associada. | E54: A correção do TCP reduziu o erro euclidiano médio de 50.285 mm para 0.932 mm. O maior valor após correção foi 1.584 mm em O07_1. Os desvios residuais mais elevados permanecem inferiores a 1,6 mm e são compatíveis com tolerâncias de calibração do TCP, arredondamento das poses, orientação do efetuador e precisão do controlo real; não foi observada perda de segurança associada. | F54: A correção do TCP reduziu o erro euclidiano médio de 50.285 mm para 0.932 mm. O maior valor após correção foi 1.584 mm em O07_1. Os desvios residuais mais elevados permanecem inferiores a 1,6 mm e são compatíveis com tolerâncias de calibração do TCP, arredondamento das poses, orientação do efetuador e precisão do controlo real; não foi observada perda de segurança associada. | G54: A correção do TCP reduziu o erro euclidiano médio de 50.285 mm para 0.932 mm. O maior valor após correção foi 1.584 mm em O07_1. Os desvios residuais mais elevados permanecem inferiores a 1,6 mm e são compatíveis com tolerâncias de calibração do TCP, arredondamento das poses, orientação do efetuador e precisão do controlo real; não foi observada perda de segurança associada. | H54: A correção do TCP reduziu o erro euclidiano médio de 50.285 mm para 0.932 mm. O maior valor após correção foi 1.584 mm em O07_1. Os desvios residuais mais elevados permanecem inferiores a 1,6 mm e são compatíveis com tolerâncias de calibração do TCP, arredondamento das poses, orientação do efetuador e precisão do controlo real; não foi observada perda de segurança associada. | I54: A correção do TCP reduziu o erro euclidiano médio de 50.285 mm para 0.932 mm. O maior valor após correção foi 1.584 mm em O07_1. Os desvios residuais mais elevados permanecem inferiores a 1,6 mm e são compatíveis com tolerâncias de calibração do TCP, arredondamento das poses, orientação do efetuador e precisão do controlo real; não foi observada perda de segurança associada.
A55: A correção do TCP reduziu o erro euclidiano médio de 50.285 mm para 0.932 mm. O maior valor após correção foi 1.584 mm em O07_1. Os desvios residuais mais elevados permanecem inferiores a 1,6 mm e são compatíveis com tolerâncias de calibração do TCP, arredondamento das poses, orientação do efetuador e precisão do controlo real; não foi observada perda de segurança associada. | B55: A correção do TCP reduziu o erro euclidiano médio de 50.285 mm para 0.932 mm. O maior valor após correção foi 1.584 mm em O07_1. Os desvios residuais mais elevados permanecem inferiores a 1,6 mm e são compatíveis com tolerâncias de calibração do TCP, arredondamento das poses, orientação do efetuador e precisão do controlo real; não foi observada perda de segurança associada. | C55: A correção do TCP reduziu o erro euclidiano médio de 50.285 mm para 0.932 mm. O maior valor após correção foi 1.584 mm em O07_1. Os desvios residuais mais elevados permanecem inferiores a 1,6 mm e são compatíveis com tolerâncias de calibração do TCP, arredondamento das poses, orientação do efetuador e precisão do controlo real; não foi observada perda de segurança associada. | D55: A correção do TCP reduziu o erro euclidiano médio de 50.285 mm para 0.932 mm. O maior valor após correção foi 1.584 mm em O07_1. Os desvios residuais mais elevados permanecem inferiores a 1,6 mm e são compatíveis com tolerâncias de calibração do TCP, arredondamento das poses, orientação do efetuador e precisão do controlo real; não foi observada perda de segurança associada. | E55: A correção do TCP reduziu o erro euclidiano médio de 50.285 mm para 0.932 mm. O maior valor após correção foi 1.584 mm em O07_1. Os desvios residuais mais elevados permanecem inferiores a 1,6 mm e são compatíveis com tolerâncias de calibração do TCP, arredondamento das poses, orientação do efetuador e precisão do controlo real; não foi observada perda de segurança associada. | F55: A correção do TCP reduziu o erro euclidiano médio de 50.285 mm para 0.932 mm. O maior valor após correção foi 1.584 mm em O07_1. Os desvios residuais mais elevados permanecem inferiores a 1,6 mm e são compatíveis com tolerâncias de calibração do TCP, arredondamento das poses, orientação do efetuador e precisão do controlo real; não foi observada perda de segurança associada. | G55: A correção do TCP reduziu o erro euclidiano médio de 50.285 mm para 0.932 mm. O maior valor após correção foi 1.584 mm em O07_1. Os desvios residuais mais elevados permanecem inferiores a 1,6 mm e são compatíveis com tolerâncias de calibração do TCP, arredondamento das poses, orientação do efetuador e precisão do controlo real; não foi observada perda de segurança associada. | H55: A correção do TCP reduziu o erro euclidiano médio de 50.285 mm para 0.932 mm. O maior valor após correção foi 1.584 mm em O07_1. Os desvios residuais mais elevados permanecem inferiores a 1,6 mm e são compatíveis com tolerâncias de calibração do TCP, arredondamento das poses, orientação do efetuador e precisão do controlo real; não foi observada perda de segurança associada. | I55: A correção do TCP reduziu o erro euclidiano médio de 50.285 mm para 0.932 mm. O maior valor após correção foi 1.584 mm em O07_1. Os desvios residuais mais elevados permanecem inferiores a 1,6 mm e são compatíveis com tolerâncias de calibração do TCP, arredondamento das poses, orientação do efetuador e precisão do controlo real; não foi observada perda de segurança associada.
A56: A distância O10 (2017.6 mm) é um valor atípico e eleva a média global para 328.8 mm. Foi mantida por corresponder ao registo experimental, mas deve ser apresentada em conjunto com a mediana e revista quanto ao referencial e ao instante de captura da métrica antes da versão final da dissertação. | B56: A distância O10 (2017.6 mm) é um valor atípico e eleva a média global para 328.8 mm. Foi mantida por corresponder ao registo experimental, mas deve ser apresentada em conjunto com a mediana e revista quanto ao referencial e ao instante de captura da métrica antes da versão final da dissertação. | C56: A distância O10 (2017.6 mm) é um valor atípico e eleva a média global para 328.8 mm. Foi mantida por corresponder ao registo experimental, mas deve ser apresentada em conjunto com a mediana e revista quanto ao referencial e ao instante de captura da métrica antes da versão final da dissertação. | D56: A distância O10 (2017.6 mm) é um valor atípico e eleva a média global para 328.8 mm. Foi mantida por corresponder ao registo experimental, mas deve ser apresentada em conjunto com a mediana e revista quanto ao referencial e ao instante de captura da métrica antes da versão final da dissertação. | E56: A distância O10 (2017.6 mm) é um valor atípico e eleva a média global para 328.8 mm. Foi mantida por corresponder ao registo experimental, mas deve ser apresentada em conjunto com a mediana e revista quanto ao referencial e ao instante de captura da métrica antes da versão final da dissertação. | F56: A distância O10 (2017.6 mm) é um valor atípico e eleva a média global para 328.8 mm. Foi mantida por corresponder ao registo experimental, mas deve ser apresentada em conjunto com a mediana e revista quanto ao referencial e ao instante de captura da métrica antes da versão final da dissertação. | G56: A distância O10 (2017.6 mm) é um valor atípico e eleva a média global para 328.8 mm. Foi mantida por corresponder ao registo experimental, mas deve ser apresentada em conjunto com a mediana e revista quanto ao referencial e ao instante de captura da métrica antes da versão final da dissertação. | H56: A distância O10 (2017.6 mm) é um valor atípico e eleva a média global para 328.8 mm. Foi mantida por corresponder ao registo experimental, mas deve ser apresentada em conjunto com a mediana e revista quanto ao referencial e ao instante de captura da métrica antes da versão final da dissertação. | I56: A distância O10 (2017.6 mm) é um valor atípico e eleva a média global para 328.8 mm. Foi mantida por corresponder ao registo experimental, mas deve ser apresentada em conjunto com a mediana e revista quanto ao referencial e ao instante de captura da métrica antes da versão final da dissertação.
A57: A distância O10 (2017.6 mm) é um valor atípico e eleva a média global para 328.8 mm. Foi mantida por corresponder ao registo experimental, mas deve ser apresentada em conjunto com a mediana e revista quanto ao referencial e ao instante de captura da métrica antes da versão final da dissertação. | B57: A distância O10 (2017.6 mm) é um valor atípico e eleva a média global para 328.8 mm. Foi mantida por corresponder ao registo experimental, mas deve ser apresentada em conjunto com a mediana e revista quanto ao referencial e ao instante de captura da métrica antes da versão final da dissertação. | C57: A distância O10 (2017.6 mm) é um valor atípico e eleva a média global para 328.8 mm. Foi mantida por corresponder ao registo experimental, mas deve ser apresentada em conjunto com a mediana e revista quanto ao referencial e ao instante de captura da métrica antes da versão final da dissertação. | D57: A distância O10 (2017.6 mm) é um valor atípico e eleva a média global para 328.8 mm. Foi mantida por corresponder ao registo experimental, mas deve ser apresentada em conjunto com a mediana e revista quanto ao referencial e ao instante de captura da métrica antes da versão final da dissertação. | E57: A distância O10 (2017.6 mm) é um valor atípico e eleva a média global para 328.8 mm. Foi mantida por corresponder ao registo experimental, mas deve ser apresentada em conjunto com a mediana e revista quanto ao referencial e ao instante de captura da métrica antes da versão final da dissertação. | F57: A distância O10 (2017.6 mm) é um valor atípico e eleva a média global para 328.8 mm. Foi mantida por corresponder ao registo experimental, mas deve ser apresentada em conjunto com a mediana e revista quanto ao referencial e ao instante de captura da métrica antes da versão final da dissertação. | G57: A distância O10 (2017.6 mm) é um valor atípico e eleva a média global para 328.8 mm. Foi mantida por corresponder ao registo experimental, mas deve ser apresentada em conjunto com a mediana e revista quanto ao referencial e ao instante de captura da métrica antes da versão final da dissertação. | H57: A distância O10 (2017.6 mm) é um valor atípico e eleva a média global para 328.8 mm. Foi mantida por corresponder ao registo experimental, mas deve ser apresentada em conjunto com a mediana e revista quanto ao referencial e ao instante de captura da métrica antes da versão final da dissertação. | I57: A distância O10 (2017.6 mm) é um valor atípico e eleva a média global para 328.8 mm. Foi mantida por corresponder ao registo experimental, mas deve ser apresentada em conjunto com a mediana e revista quanto ao referencial e ao instante de captura da métrica antes da versão final da dissertação.
A58: A distância O10 (2017.6 mm) é um valor atípico e eleva a média global para 328.8 mm. Foi mantida por corresponder ao registo experimental, mas deve ser apresentada em conjunto com a mediana e revista quanto ao referencial e ao instante de captura da métrica antes da versão final da dissertação. | B58: A distância O10 (2017.6 mm) é um valor atípico e eleva a média global para 328.8 mm. Foi mantida por corresponder ao registo experimental, mas deve ser apresentada em conjunto com a mediana e revista quanto ao referencial e ao instante de captura da métrica antes da versão final da dissertação. | C58: A distância O10 (2017.6 mm) é um valor atípico e eleva a média global para 328.8 mm. Foi mantida por corresponder ao registo experimental, mas deve ser apresentada em conjunto com a mediana e revista quanto ao referencial e ao instante de captura da métrica antes da versão final da dissertação. | D58: A distância O10 (2017.6 mm) é um valor atípico e eleva a média global para 328.8 mm. Foi mantida por corresponder ao registo experimental, mas deve ser apresentada em conjunto com a mediana e revista quanto ao referencial e ao instante de captura da métrica antes da versão final da dissertação. | E58: A distância O10 (2017.6 mm) é um valor atípico e eleva a média global para 328.8 mm. Foi mantida por corresponder ao registo experimental, mas deve ser apresentada em conjunto com a mediana e revista quanto ao referencial e ao instante de captura da métrica antes da versão final da dissertação. | F58: A distância O10 (2017.6 mm) é um valor atípico e eleva a média global para 328.8 mm. Foi mantida por corresponder ao registo experimental, mas deve ser apresentada em conjunto com a mediana e revista quanto ao referencial e ao instante de captura da métrica antes da versão final da dissertação. | G58: A distância O10 (2017.6 mm) é um valor atípico e eleva a média global para 328.8 mm. Foi mantida por corresponder ao registo experimental, mas deve ser apresentada em conjunto com a mediana e revista quanto ao referencial e ao instante de captura da métrica antes da versão final da dissertação. | H58: A distância O10 (2017.6 mm) é um valor atípico e eleva a média global para 328.8 mm. Foi mantida por corresponder ao registo experimental, mas deve ser apresentada em conjunto com a mediana e revista quanto ao referencial e ao instante de captura da métrica antes da versão final da dissertação. | I58: A distância O10 (2017.6 mm) é um valor atípico e eleva a média global para 328.8 mm. Foi mantida por corresponder ao registo experimental, mas deve ser apresentada em conjunto com a mediana e revista quanto ao referencial e ao instante de captura da métrica antes da versão final da dissertação.
A59: Em conjunto, os resultados justificam a seleção do RRTConnect: método bidirecional adequado a consultas individuais, taxa de sucesso máxima nos cenários com obstáculos, menor dispersão do tempo total do que os restantes planeadores e ausência de falhas de planeamento/execução no conjunto de obstáculos. | B59: Em conjunto, os resultados justificam a seleção do RRTConnect: método bidirecional adequado a consultas individuais, taxa de sucesso máxima nos cenários com obstáculos, menor dispersão do tempo total do que os restantes planeadores e ausência de falhas de planeamento/execução no conjunto de obstáculos. | C59: Em conjunto, os resultados justificam a seleção do RRTConnect: método bidirecional adequado a consultas individuais, taxa de sucesso máxima nos cenários com obstáculos, menor dispersão do tempo total do que os restantes planeadores e ausência de falhas de planeamento/execução no conjunto de obstáculos. | D59: Em conjunto, os resultados justificam a seleção do RRTConnect: método bidirecional adequado a consultas individuais, taxa de sucesso máxima nos cenários com obstáculos, menor dispersão do tempo total do que os restantes planeadores e ausência de falhas de planeamento/execução no conjunto de obstáculos. | E59: Em conjunto, os resultados justificam a seleção do RRTConnect: método bidirecional adequado a consultas individuais, taxa de sucesso máxima nos cenários com obstáculos, menor dispersão do tempo total do que os restantes planeadores e ausência de falhas de planeamento/execução no conjunto de obstáculos. | F59: Em conjunto, os resultados justificam a seleção do RRTConnect: método bidirecional adequado a consultas individuais, taxa de sucesso máxima nos cenários com obstáculos, menor dispersão do tempo total do que os restantes planeadores e ausência de falhas de planeamento/execução no conjunto de obstáculos. | G59: Em conjunto, os resultados justificam a seleção do RRTConnect: método bidirecional adequado a consultas individuais, taxa de sucesso máxima nos cenários com obstáculos, menor dispersão do tempo total do que os restantes planeadores e ausência de falhas de planeamento/execução no conjunto de obstáculos. | H59: Em conjunto, os resultados justificam a seleção do RRTConnect: método bidirecional adequado a consultas individuais, taxa de sucesso máxima nos cenários com obstáculos, menor dispersão do tempo total do que os restantes planeadores e ausência de falhas de planeamento/execução no conjunto de obstáculos. | I59: Em conjunto, os resultados justificam a seleção do RRTConnect: método bidirecional adequado a consultas individuais, taxa de sucesso máxima nos cenários com obstáculos, menor dispersão do tempo total do que os restantes planeadores e ausência de falhas de planeamento/execução no conjunto de obstáculos.
... A65: Cálculos: valores numéricos em falta são excluídos das estatísticas contínuas; todas as tentativas entram na taxa de sucesso. O desvio padrão é amostral (STDEV.S). Nos gráficos de distância usa-se o menor valor registado entre as IR_POSE de cada teste. | B65: Cálculos: valores numéricos em falta são excluídos das estatísticas contínuas; todas as tentativas entram na taxa de sucesso. O desvio padrão é amostral (STDEV.S). Nos gráficos de distância usa-se o menor valor registado entre as IR_POSE de cada teste. | C65: Cálculos: valores numéricos em falta são excluídos das estatísticas contínuas; todas as tentativas entram na taxa de sucesso. O desvio padrão é amostral (STDEV.S). Nos gráficos de distância usa-se o menor valor registado entre as IR_POSE de cada teste. | D65: Cálculos: valores numéricos em falta são excluídos das estatísticas contínuas; todas as tentativas entram na taxa de sucesso. O desvio padrão é amostral (STDEV.S). Nos gráficos de distância usa-se o menor valor registado entre as IR_POSE de cada teste. | E65: Cálculos: valores numéricos em falta são excluídos das estatísticas contínuas; todas as tentativas entram na taxa de sucesso. O desvio padrão é amostral (STDEV.S). Nos gráficos de distância usa-se o menor valor registado entre as IR_POSE de cada teste. | F65: Cálculos: valores numéricos em falta são excluídos das estatísticas contínuas; todas as tentativas entram na taxa de sucesso. O desvio padrão é amostral (STDEV.S). Nos gráficos de distância usa-se o menor valor registado entre as IR_POSE de cada teste. | G65: Cálculos: valores numéricos em falta são excluídos das estatísticas contínuas; todas as tentativas entram na taxa de sucesso. O desvio padrão é amostral (STDEV.S). Nos gráficos de distância usa-se o menor valor registado entre as IR_POSE de cada teste. | H65: Cálculos: valores numéricos em falta são excluídos das estatísticas contínuas; todas as tentativas entram na taxa de sucesso. O desvio padrão é amostral (STDEV.S). Nos gráficos de distância usa-se o menor valor registado entre as IR_POSE de cada teste. | I65: Cálculos: valores numéricos em falta são excluídos das estatísticas contínuas; todas as tentativas entram na taxa de sucesso. O desvio padrão é amostral (STDEV.S). Nos gráficos de distância usa-se o menor valor registado entre as IR_POSE de cada teste.
A66: Fonte dos dados: folhas originais do ficheiro experimental. Referência técnica: https://ompl.kavrakilab.org/classompl_1_1geometric_1_1RRTConnect.html | https://ompl.kavrakilab.org/planners.html
