Workbook

Sheet Repetibilidade
A1: Repetibilidade — 10 ciclos × 10 repetições
A2: CICLO 1: Pick (0.55, -0.20, 0.35) → Place (0.70, 0.20, 0.42)
A3: Repetições | B3: Execuções avaliadas | C3: Sucessos | D3: Falhas | E3: Taxa de sucesso | F3: Observações gerais
A4: 10 | B4: 90 | C4: =COUNTIF(G6:Z14,"✓ Sucesso execução") -> 90 | D4: =COUNTIF(G6:Z14,"⮾Falha real") -> 0 | E4: =IF(A4=0,"",(C4/9)/A4) -> 1 | F4: Várias trajetórias diferentes todas com sucesso
A5: Ciclo | C5: Passo | D5: Pose / Estado | E5: Comando terminal | F5: Resultado esperado | G5: Resultado 1 | H5: Motivo falha 1 | I5: Resultado 2 | J5: Motivo falha 2 | K5: Resultado 3 | L5: Motivo falha 3 | M5: Resultado 4 | N5: Motivo falha 4 | O5: Resultado 5 | P5: Motivo falha 5 | Q5: Resultado 6 | R5: Motivo falha 6 | S5: Resultado 7 | T5: Motivo falha 7 | U5: Resultado 8 | V5: Motivo falha 8 | W5: Resultado 9 | X5: Motivo falha 9 | Y5: Resultado 10 | Z5: Motivo falha 10
A6: 1 | C6: 1. PICK | D6: x=0.55, y=-0.20, z=0.35, q=(0,1,0,0) | E6: ros2 topic pub --once /pick_pose geometry_msgs/msg/PoseStamped "{header: {frame_id: 'base'}, pose: {position: {x: 0.55, y: -0.20, z: 0.35}, orientation: {x: 0.0, y: 1.0, z: 0.0, w: 0.0}}}" | F6: OK PICK_DONE peca_X | G6: ✓ Sucesso execução | H6: - | I6: ✓ Sucesso execução | J6: - | K6: ✓ Sucesso execução | L6: - | M6: ✓ Sucesso execução | N6: - | O6: ✓ Sucesso execução | P6: - | Q6: ✓ Sucesso execução | R6: - | S6: ✓ Sucesso execução | T6: - | U6: ✓ Sucesso execução | V6: - | W6: ✓ Sucesso execução | X6: - | Y6: ✓ Sucesso execução | Z6: -
C7: 2. TARGET PICK | D7: x=0.55, y=-0.20, z=0.35, q=(0,1,0,0) | E7: ros2 topic pub --once /target_pose geometry_msgs/msg/PoseStamped "{header: {frame_id: 'base'}, pose: {position: {x: 0.55, y: -0.20, z: 0.35}, orientation: {x: 0.0, y: 1.0, z: 0.0, w: 0.0}}}" | F7: OK TARGET_DONE | G7: ✓ Sucesso execução | H7: - | I7: ✓ Sucesso execução | J7: - | K7: ✓ Sucesso execução | L7: - | M7: ✓ Sucesso execução | N7: - | O7: ✓ Sucesso execução | P7: - | Q7: ✓ Sucesso execução | R7: - | S7: ✓ Sucesso execução | T7: - | U7: ✓ Sucesso execução | V7: - | W7: ✓ Sucesso execução | X7: - | Y7: ✓ Sucesso execução | Z7: -
C8: 3. IR_POSE | D8: pose superior → descida | E8: ros2 topic pub --once /tm12_step std_msgs/msg/String "{data: 'IR_POSE'}" | F8: OK MOVE_DONE | G8: ✓ Sucesso execução | H8: - | I8: ✓ Sucesso execução | J8: - | K8: ✓ Sucesso execução | L8: - | M8: ✓ Sucesso execução | N8: - | O8: ✓ Sucesso execução | P8: - | Q8: ✓ Sucesso execução | R8: - | S8: ✓ Sucesso execução | T8: - | U8: ✓ Sucesso execução | V8: - | W8: ✓ Sucesso execução | X8: - | Y8: ✓ Sucesso execução | Z8: -
C9: 4. FECHAR_GARRA | D9: attach virtual | E9: ros2 topic pub --once /tm12_step std_msgs/msg/String "{data: 'FECHAR_GARRA'}" | F9: OK CLOSE_DONE ATTACHED peca_X | G9: ✓ Sucesso execução | H9: - | I9: ✓ Sucesso execução | J9: - | K9: ✓ Sucesso execução | L9: - | M9: ✓ Sucesso execução | N9: - | O9: ✓ Sucesso execução | P9: - | Q9: ✓ Sucesso execução | R9: - | S9: ✓ Sucesso execução | T9: - | U9: ✓ Sucesso execução | V9: - | W9: ✓ Sucesso execução | X9: - | Y9: ✓ Sucesso execução | Z9: -
C10: 5. TARGET PLACE | D10: x=0.70, y=0.20, z=0.42, q=(0,1,0,0) | E10: ros2 topic pub --once /target_pose geometry_msgs/msg/PoseStamped "{header: {frame_id: 'base'}, pose: {position: {x: 0.70, y: 0.20, z: 0.42}, orientation: {x: 0.0, y: 1.0, z: 0.0, w: 0.0}}}" | F10: OK TARGET_DONE | G10: ✓ Sucesso execução | H10: - | I10: ✓ Sucesso execução | J10: - | K10: ✓ Sucesso execução | L10: - | M10: ✓ Sucesso execução | N10: - | O10: ✓ Sucesso execução | P10: - | Q10: ✓ Sucesso execução | R10: - | S10: ✓ Sucesso execução | T10: - | U10: ✓ Sucesso execução | V10: - | W10: ✓ Sucesso execução | X10: - | Y10: ✓ Sucesso execução | Z10: -
C11: 6. IR_POSE | D11: transporte para place | E11: ros2 topic pub --once /tm12_step std_msgs/msg/String "{data: 'IR_POSE'}" | F11: OK MOVE_DONE | G11: ✓ Sucesso execução | H11: - | I11: ✓ Sucesso execução | J11: - | K11: ✓ Sucesso execução | L11: - | M11: ✓ Sucesso execução | N11: - | O11: ✓ Sucesso execução | P11: - | Q11: ✓ Sucesso execução | R11: - | S11: ✓ Sucesso execução | T11: - | U11: ✓ Sucesso execução | V11: - | W11: ✓ Sucesso execução | X11: - | Y11: ✓ Sucesso execução | Z11: -
C12: 7. ABRIR_GARRA | D12: detach virtual | E12: ros2 topic pub --once /tm12_step std_msgs/msg/String "{data: 'ABRIR_GARRA'}" | F12: OK OPEN_DONE | G12: ✓ Sucesso execução | H12: - | I12: ✓ Sucesso execução | J12: - | K12: ✓ Sucesso execução | L12: - | M12: ✓ Sucesso execução | N12: - | O12: ✓ Sucesso execução | P12: - | Q12: ✓ Sucesso execução | R12: - | S12: ✓ Sucesso execução | T12: - | U12: ✓ Sucesso execução | V12: - | W12: ✓ Sucesso execução | X12: - | Y12: ✓ Sucesso execução | Z12: -
C13: 8. TERMINAR_TAREFA | D13: ir para home | E13: ros2 topic pub --once /tm12_step std_msgs/msg/String "{data: 'TERMINAR_TAREFA'}" | F13: OK FINISH_DONE | G13: ✓ Sucesso execução | H13: - | I13: ✓ Sucesso execução | J13: - | K13: ✓ Sucesso execução | L13: - | M13: ✓ Sucesso execução | N13: - | O13: ✓ Sucesso execução | P13: - | Q13: ✓ Sucesso execução | R13: - | S13: ✓ Sucesso execução | T13: - | U13: ✓ Sucesso execução | V13: - | W13: ✓ Sucesso execução | X13: - | Y13: ✓ Sucesso execução | Z13: -
C14: 9. REMOVER_PEÇA | D14: eliminar peça do planning | E14: ros2 topic pub --once /tm12_step std_msgs/msg/String "{data: 'REMOVER_PECA:peca_1'}" | F14: OK REMOVE_DONE peca_ | G14: ✓ Sucesso execução | H14: - | I14: ✓ Sucesso execução | J14: - | K14: ✓ Sucesso execução | L14: - | M14: ✓ Sucesso execução | N14: - | O14: ✓ Sucesso execução | P14: - | Q14: ✓ Sucesso execução | R14: - | S14: ✓ Sucesso execução | T14: - | U14: ✓ Sucesso execução | V14: - | W14: ✓ Sucesso execução | X14: - | Y14: ✓ Sucesso execução | Z14: -
A16: CICLO 2: Pick (0.60, 0.00, 0.35) → Place (0.50, 0.25, 0.42)
A17: Repetições | B17: Execuções avaliadas | C17: Sucessos | D17: Falhas | E17: Taxa de sucesso | F17: Observações gerais
A18: 10 | B18: 90 | C18: =COUNTIF(G20:Z28,"✓ Sucesso execução") -> 90 | D18: =COUNTIF(G20:Z28,"⮾Falha real") -> 0 | E18: =IF(A18=0,"",(C18/9)/A18) -> 1 | F18: Várias trajetórias diferentes todas com sucesso
A19: Ciclo | C19: Passo | D19: Pose / Estado | E19: Comando terminal | F19: Resultado esperado | G19: Resultado 1 | H19: Motivo falha 1 | I19: Resultado 2 | J19: Motivo falha 2 | K19: Resultado 3 | L19: Motivo falha 3 | M19: Resultado 4 | N19: Motivo falha 4 | O19: Resultado 5 | P19: Motivo falha 5 | Q19: Resultado 6 | R19: Motivo falha 6 | S19: Resultado 7 | T19: Motivo falha 7 | U19: Resultado 8 | V19: Motivo falha 8 | W19: Resultado 9 | X19: Motivo falha 9 | Y19: Resultado 10 | Z19: Motivo falha 10
A20: 2 | C20: 1. PICK | D20: x=0.60, y=0.00, z=0.35, q=(0,1,0,0) | E20: ros2 topic pub --once /pick_pose geometry_msgs/msg/PoseStamped "{header: {frame_id: 'base'}, pose: {position: {x: 0.60, y: 0.00, z: 0.35}, orientation: {x: 0.0, y: 1.0, z: 0.0, w: 0.0}}}" | F20: OK PICK_DONE peca_X | G20: ✓ Sucesso execução | H20: - | I20: ✓ Sucesso execução | J20: - | K20: ✓ Sucesso execução | L20: - | M20: ✓ Sucesso execução | N20: - | O20: ✓ Sucesso execução | P20: - | Q20: ✓ Sucesso execução | R20: - | S20: ✓ Sucesso execução | T20: - | U20: ✓ Sucesso execução | V20: - | W20: ✓ Sucesso execução | X20: - | Y20: ✓ Sucesso execução | Z20: -
C21: 2. TARGET PICK | D21: x=0.60, y=0.00, z=0.35, q=(0,1,0,0) | E21: ros2 topic pub --once /target_pose geometry_msgs/msg/PoseStamped "{header: {frame_id: 'base'}, pose: {position: {x: 0.60, y: 0.00, z: 0.35}, orientation: {x: 0.0, y: 1.0, z: 0.0, w: 0.0}}}" | F21: OK TARGET_DONE | G21: ✓ Sucesso execução | H21: - | I21: ✓ Sucesso execução | J21: - | K21: ✓ Sucesso execução | L21: - | M21: ✓ Sucesso execução | N21: - | O21: ✓ Sucesso execução | P21: - | Q21: ✓ Sucesso execução | R21: - | S21: ✓ Sucesso execução | T21: - | U21: ✓ Sucesso execução | V21: - | W21: ✓ Sucesso execução | X21: - | Y21: ✓ Sucesso execução | Z21: -
C22: 3. IR_POSE | D22: pose superior → descida | E22: ros2 topic pub --once /tm12_step std_msgs/msg/String "{data: 'IR_POSE'}" | F22: OK MOVE_DONE | G22: ✓ Sucesso execução | H22: - | I22: ✓ Sucesso execução | J22: - | K22: ✓ Sucesso execução | L22: - | M22: ✓ Sucesso execução | N22: - | O22: ✓ Sucesso execução | P22: - | Q22: ✓ Sucesso execução | R22: - | S22: ✓ Sucesso execução | T22: - | U22: ✓ Sucesso execução | V22: - | W22: ✓ Sucesso execução | X22: - | Y22: ✓ Sucesso execução | Z22: -
C23: 4. FECHAR_GARRA | D23: attach virtual | E23: ros2 topic pub --once /tm12_step std_msgs/msg/String "{data: 'FECHAR_GARRA'}" | F23: OK CLOSE_DONE ATTACHED peca_X | G23: ✓ Sucesso execução | H23: - | I23: ✓ Sucesso execução | J23: - | K23: ✓ Sucesso execução | L23: - | M23: ✓ Sucesso execução | N23: - | O23: ✓ Sucesso execução | P23: - | Q23: ✓ Sucesso execução | R23: - | S23: ✓ Sucesso execução | T23: - | U23: ✓ Sucesso execução | V23: - | W23: ✓ Sucesso execução | X23: - | Y23: ✓ Sucesso execução | Z23: -
C24: 5. TARGET PLACE | D24: x=0.50, y=0.25, z=0.42, q=(0,1,0,0) | E24: ros2 topic pub --once /target_pose geometry_msgs/msg/PoseStamped "{header: {frame_id: 'base'}, pose: {position: {x: 0.50, y: 0.25, z: 0.42}, orientation: {x: 0.0, y: 1.0, z: 0.0, w: 0.0}}}" | F24: OK TARGET_DONE | G24: ✓ Sucesso execução | H24: - | I24: ✓ Sucesso execução | J24: - | K24: ✓ Sucesso execução | L24: - | M24: ✓ Sucesso execução | N24: - | O24: ✓ Sucesso execução | P24: - | Q24: ✓ Sucesso execução | R24: - | S24: ✓ Sucesso execução | T24: - | U24: ✓ Sucesso execução | V24: - | W24: ✓ Sucesso execução | X24: - | Y24: ✓ Sucesso execução | Z24: -
C25: 6. IR_POSE | D25: transporte para place | E25: ros2 topic pub --once /tm12_step std_msgs/msg/String "{data: 'IR_POSE'}" | F25: OK MOVE_DONE | G25: ✓ Sucesso execução | H25: - | I25: ✓ Sucesso execução | J25: - | K25: ✓ Sucesso execução | L25: - | M25: ✓ Sucesso execução | N25: - | O25: ✓ Sucesso execução | P25: - | Q25: ✓ Sucesso execução | R25: - | S25: ✓ Sucesso execução | T25: - | U25: ✓ Sucesso execução | V25: - | W25: ✓ Sucesso execução | X25: - | Y25: ✓ Sucesso execução | Z25: -
C26: 7. ABRIR_GARRA | D26: detach virtual | E26: ros2 topic pub --once /tm12_step std_msgs/msg/String "{data: 'ABRIR_GARRA'}" | F26: OK OPEN_DONE | G26: ✓ Sucesso execução | H26: - | I26: ✓ Sucesso execução | J26: - | K26: ✓ Sucesso execução | L26: - | M26: ✓ Sucesso execução | N26: - | O26: ✓ Sucesso execução | P26: - | Q26: ✓ Sucesso execução | R26: - | S26: ✓ Sucesso execução | T26: - | U26: ✓ Sucesso execução | V26: - | W26: ✓ Sucesso execução | X26: - | Y26: ✓ Sucesso execução | Z26: -
C27: 8. TERMINAR_TAREFA | D27: ir para home | E27: ros2 topic pub --once /tm12_step std_msgs/msg/String "{data: 'TERMINAR_TAREFA'}" | F27: OK FINISH_DONE | G27: ✓ Sucesso execução | H27: - | I27: ✓ Sucesso execução | J27: - | K27: ✓ Sucesso execução | L27: - | M27: ✓ Sucesso execução | N27: - | O27: ✓ Sucesso execução | P27: - | Q27: ✓ Sucesso execução | R27: - | S27: ✓ Sucesso execução | T27: - | U27: ✓ Sucesso execução | V27: - | W27: ✓ Sucesso execução | X27: - | Y27: ✓ Sucesso execução | Z27: -
C28: 9. REMOVER_PEÇA | D28: eliminar peça do planning | E28: ros2 topic pub --once /tm12_step std_msgs/msg/String "{data: 'REMOVER_PECA:peca_1'}" | F28: OK REMOVE_DONE peca_ | G28: ✓ Sucesso execução | H28: - | I28: ✓ Sucesso execução | J28: - | K28: ✓ Sucesso execução | L28: - | M28: ✓ Sucesso execução | N28: - | O28: ✓ Sucesso execução | P28: - | Q28: ✓ Sucesso execução | R28: - | S28: ✓ Sucesso execução | T28: - | U28: ✓ Sucesso execução | V28: - | W28: ✓ Sucesso execução | X28: - | Y28: ✓ Sucesso execução | Z28: -
A30: CICLO 3: Pick (0.52, 0.25, 0.35) → Place (0.72, -0.20, 0.42)
A31: Repetições | B31: Execuções avaliadas | C31: Sucessos | D31: Falhas | E31: Taxa de sucesso | F31: Observações gerais
A32: 10 | B32: 90 | C32: =COUNTIF(G34:Z42,"✓ Sucesso execução") -> 90 | D32: =COUNTIF(G34:Z42,"⮾Falha real") -> 0 | E32: =IF(A32=0,"",(C32/9)/A32) -> 1 | F32: Executou diferentes trajetórias mas repetiu bastantes todas com sucesso
A33: Ciclo | C33: Passo | D33: Pose / Estado | E33: Comando terminal | F33: Resultado esperado | G33: Resultado 1 | H33: Motivo falha 1 | I33: Resultado 2 | J33: Motivo falha 2 | K33: Resultado 3 | L33: Motivo falha 3 | M33: Resultado 4 | N33: Motivo falha 4 | O33: Resultado 5 | P33: Motivo falha 5 | Q33: Resultado 6 | R33: Motivo falha 6 | S33: Resultado 7 | T33: Motivo falha 7 | U33: Resultado 8 | V33: Motivo falha 8 | W33: Resultado 9 | X33: Motivo falha 9 | Y33: Resultado 10 | Z33: Motivo falha 10
A34: 3 | C34: 1. PICK | D34: x=0.52, y=0.25, z=0.35, q=(0,1,0,0) | E34: ros2 topic pub --once /pick_pose geometry_msgs/msg/PoseStamped "{header: {frame_id: 'base'}, pose: {position: {x: 0.52, y: 0.25, z: 0.35}, orientation: {x: 0.0, y: 1.0, z: 0.0, w: 0.0}}}" | F34: OK PICK_DONE peca_X | G34: ✓ Sucesso execução | H34: - | I34: ✓ Sucesso execução | J34: - | K34: ✓ Sucesso execução | L34: - | M34: ✓ Sucesso execução | N34: - | O34: ✓ Sucesso execução | P34: - | Q34: ✓ Sucesso execução | R34: - | S34: ✓ Sucesso execução | T34: - | U34: ✓ Sucesso execução | V34: - | W34: ✓ Sucesso execução | X34: - | Y34: ✓ Sucesso execução | Z34: -
C35: 2. TARGET PICK | D35: x=0.52, y=0.25, z=0.35, q=(0,1,0,0) | E35: ros2 topic pub --once /target_pose geometry_msgs/msg/PoseStamped "{header: {frame_id: 'base'}, pose: {position: {x: 0.52, y: 0.25, z: 0.35}, orientation: {x: 0.0, y: 1.0, z: 0.0, w: 0.0}}}" | F35: OK TARGET_DONE | G35: ✓ Sucesso execução | H35: - | I35: ✓ Sucesso execução | J35: - | K35: ✓ Sucesso execução | L35: - | M35: ✓ Sucesso execução | N35: - | O35: ✓ Sucesso execução | P35: - | Q35: ✓ Sucesso execução | R35: - | S35: ✓ Sucesso execução | T35: - | U35: ✓ Sucesso execução | V35: - | W35: ✓ Sucesso execução | X35: - | Y35: ✓ Sucesso execução | Z35: -
C36: 3. IR_POSE | D36: pose superior → descida | E36: ros2 topic pub --once /tm12_step std_msgs/msg/String "{data: 'IR_POSE'}" | F36: OK MOVE_DONE | G36: ✓ Sucesso execução | H36: - | I36: ✓ Sucesso execução | J36: - | K36: ✓ Sucesso execução | L36: - | M36: ✓ Sucesso execução | N36: - | O36: ✓ Sucesso execução | P36: - | Q36: ✓ Sucesso execução | R36: - | S36: ✓ Sucesso execução | T36: - | U36: ✓ Sucesso execução | V36: - | W36: ✓ Sucesso execução | X36: - | Y36: ✓ Sucesso execução | Z36: -
C37: 4. FECHAR_GARRA | D37: attach virtual | E37: ros2 topic pub --once /tm12_step std_msgs/msg/String "{data: 'FECHAR_GARRA'}" | F37: OK CLOSE_DONE ATTACHED peca_X | G37: ✓ Sucesso execução | H37: - | I37: ✓ Sucesso execução | J37: - | K37: ✓ Sucesso execução | L37: - | M37: ✓ Sucesso execução | N37: - | O37: ✓ Sucesso execução | P37: - | Q37: ✓ Sucesso execução | R37: - | S37: ✓ Sucesso execução | T37: - | U37: ✓ Sucesso execução | V37: - | W37: ✓ Sucesso execução | X37: - | Y37: ✓ Sucesso execução | Z37: -
C38: 5. TARGET PLACE | D38: x=0.72, y=-0.20, z=0.42, q=(0,1,0,0) | E38: ros2 topic pub --once /target_pose geometry_msgs/msg/PoseStamped "{header: {frame_id: 'base'}, pose: {position: {x: 0.72, y: -0.20, z: 0.42}, orientation: {x: 0.0, y: 1.0, z: 0.0, w: 0.0}}}" | F38: OK TARGET_DONE | G38: ✓ Sucesso execução | H38: - | I38: ✓ Sucesso execução | J38: - | K38: ✓ Sucesso execução | L38: - | M38: ✓ Sucesso execução | N38: - | O38: ✓ Sucesso execução | P38: - | Q38: ✓ Sucesso execução | R38: - | S38: ✓ Sucesso execução | T38: - | U38: ✓ Sucesso execução | V38: - | W38: ✓ Sucesso execução | X38: - | Y38: ✓ Sucesso execução | Z38: -
C39: 6. IR_POSE | D39: transporte para place | E39: ros2 topic pub --once /tm12_step std_msgs/msg/String "{data: 'IR_POSE'}" | F39: OK MOVE_DONE | G39: ✓ Sucesso execução | H39: - | I39: ✓ Sucesso execução | J39: - | K39: ✓ Sucesso execução | L39: - | M39: ✓ Sucesso execução | N39: - | O39: ✓ Sucesso execução | P39: - | Q39: ✓ Sucesso execução | R39: - | S39: ✓ Sucesso execução | T39: - | U39: ✓ Sucesso execução | V39: - | W39: ✓ Sucesso execução | X39: - | Y39: ✓ Sucesso execução | Z39: -
C40: 7. ABRIR_GARRA | D40: detach virtual | E40: ros2 topic pub --once /tm12_step std_msgs/msg/String "{data: 'ABRIR_GARRA'}" | F40: OK OPEN_DONE | G40: ✓ Sucesso execução | H40: - | I40: ✓ Sucesso execução | J40: - | K40: ✓ Sucesso execução | L40: - | M40: ✓ Sucesso execução | N40: - | O40: ✓ Sucesso execução | P40: - | Q40: ✓ Sucesso execução | R40: - | S40: ✓ Sucesso execução | T40: - | U40: ✓ Sucesso execução | V40: - | W40: ✓ Sucesso execução | X40: - | Y40: ✓ Sucesso execução | Z40: -
C41: 8. TERMINAR_TAREFA | D41: ir para home | E41: ros2 topic pub --once /tm12_step std_msgs/msg/String "{data: 'TERMINAR_TAREFA'}" | F41: OK FINISH_DONE | G41: ✓ Sucesso execução | H41: - | I41: ✓ Sucesso execução | J41: - | K41: ✓ Sucesso execução | L41: - | M41: ✓ Sucesso execução | N41: - | O41: ✓ Sucesso execução | P41: - | Q41: ✓ Sucesso execução | R41: - | S41: ✓ Sucesso execução | T41: - | U41: ✓ Sucesso execução | V41: - | W41: ✓ Sucesso execução | X41: - | Y41: ✓ Sucesso execução | Z41: -
C42: 9. REMOVER_PEÇA | D42: eliminar peça do planning | E42: ros2 topic pub --once /tm12_step std_msgs/msg/String "{data: 'REMOVER_PECA:peca_1'}" | F42: OK REMOVE_DONE peca_ | G42: ✓ Sucesso execução | H42: - | I42: ✓ Sucesso execução | J42: - | K42: ✓ Sucesso execução | L42: - | M42: ✓ Sucesso execução | N42: - | O42: ✓ Sucesso execução | P42: - | Q42: ✓ Sucesso execução | R42: - | S42: ✓ Sucesso execução | T42: - | U42: ✓ Sucesso execução | V42: - | W42: ✓ Sucesso execução | X42: - | Y42: ✓ Sucesso execução | Z42: -
A44: CICLO 4: Pick (0.70, -0.25, 0.35) → Place (0.52, -0.25, 0.42)
A45: Repetições | B45: Execuções avaliadas | C45: Sucessos | D45: Falhas | E45: Taxa de sucesso | F45: Observações gerais
A46: 10 | B46: 90 | C46: =COUNTIF(G48:Z56,"✓ Sucesso execução") -> 90 | D46: =COUNTIF(G48:Z56,"⮾Falha real") -> 0 | E46: =IF(A46=0,"",(C46/9)/A46) -> 1 | F46: Executou quase sempre a mesma trajetória todas com sucesso
A47: Ciclo | C47: Passo | D47: Pose / Estado | E47: Comando terminal | F47: Resultado esperado | G47: Resultado 1 | H47: Motivo falha 1 | I47: Resultado 2 | J47: Motivo falha 2 | K47: Resultado 3 | L47: Motivo falha 3 | M47: Resultado 4 | N47: Motivo falha 4 | O47: Resultado 5 | P47: Motivo falha 5 | Q47: Resultado 6 | R47: Motivo falha 6 | S47: Resultado 7 | T47: Motivo falha 7 | U47: Resultado 8 | V47: Motivo falha 8 | W47: Resultado 9 | X47: Motivo falha 9 | Y47: Resultado 10 | Z47: Motivo falha 10
A48: 4 | C48: 1. PICK | D48: x=0.70, y=-0.25, z=0.35, q=(0,1,0,0) | E48: ros2 topic pub --once /pick_pose geometry_msgs/msg/PoseStamped "{header: {frame_id: 'base'}, pose: {position: {x: 0.70, y: -0.25, z: 0.35}, orientation: {x: 0.0, y: 1.0, z: 0.0, w: 0.0}}}" | F48: OK PICK_DONE peca_X | G48: ✓ Sucesso execução | H48: - | I48: ✓ Sucesso execução | J48: - | K48: ✓ Sucesso execução | L48: - | M48: ✓ Sucesso execução | N48: - | O48: ✓ Sucesso execução | P48: - | Q48: ✓ Sucesso execução | R48: - | S48: ✓ Sucesso execução | T48: - | U48: ✓ Sucesso execução | V48: - | W48: ✓ Sucesso execução | X48: - | Y48: ✓ Sucesso execução | Z48: -
C49: 2. TARGET PICK | D49: x=0.70, y=-0.25, z=0.35, q=(0,1,0,0) | E49: ros2 topic pub --once /target_pose geometry_msgs/msg/PoseStamped "{header: {frame_id: 'base'}, pose: {position: {x: 0.70, y: -0.25, z: 0.35}, orientation: {x: 0.0, y: 1.0, z: 0.0, w: 0.0}}}" | F49: OK TARGET_DONE | G49: ✓ Sucesso execução | H49: - | I49: ✓ Sucesso execução | J49: - | K49: ✓ Sucesso execução | L49: - | M49: ✓ Sucesso execução | N49: - | O49: ✓ Sucesso execução | P49: - | Q49: ✓ Sucesso execução | R49: - | S49: ✓ Sucesso execução | T49: - | U49: ✓ Sucesso execução | V49: - | W49: ✓ Sucesso execução | X49: - | Y49: ✓ Sucesso execução | Z49: -
C50: 3. IR_POSE | D50: pose superior → descida | E50: ros2 topic pub --once /tm12_step std_msgs/msg/String "{data: 'IR_POSE'}" | F50: OK MOVE_DONE | G50: ✓ Sucesso execução | H50: - | I50: ✓ Sucesso execução | J50: - | K50: ✓ Sucesso execução | L50: - | M50: ✓ Sucesso execução | N50: - | O50: ✓ Sucesso execução | P50: - | Q50: ✓ Sucesso execução | R50: - | S50: ✓ Sucesso execução | T50: - | U50: ✓ Sucesso execução | V50: - | W50: ✓ Sucesso execução | X50: - | Y50: ✓ Sucesso execução | Z50: -
C51: 4. FECHAR_GARRA | D51: attach virtual | E51: ros2 topic pub --once /tm12_step std_msgs/msg/String "{data: 'FECHAR_GARRA'}" | F51: OK CLOSE_DONE ATTACHED peca_X | G51: ✓ Sucesso execução | H51: - | I51: ✓ Sucesso execução | J51: - | K51: ✓ Sucesso execução | L51: - | M51: ✓ Sucesso execução | N51: - | O51: ✓ Sucesso execução | P51: - | Q51: ✓ Sucesso execução | R51: - | S51: ✓ Sucesso execução | T51: - | U51: ✓ Sucesso execução | V51: - | W51: ✓ Sucesso execução | X51: - | Y51: ✓ Sucesso execução | Z51: -
C52: 5. TARGET PLACE | D52: x=0.52, y=-0.25, z=0.42, q=(0,1,0,0) | E52: ros2 topic pub --once /target_pose geometry_msgs/msg/PoseStamped "{header: {frame_id: 'base'}, pose: {position: {x: 0.52, y: -0.25, z: 0.42}, orientation: {x: 0.0, y: 1.0, z: 0.0, w: 0.0}}}" | F52: OK TARGET_DONE | G52: ✓ Sucesso execução | H52: - | I52: ✓ Sucesso execução | J52: - | K52: ✓ Sucesso execução | L52: - | M52: ✓ Sucesso execução | N52: - | O52: ✓ Sucesso execução | P52: - | Q52: ✓ Sucesso execução | R52: - | S52: ✓ Sucesso execução | T52: - | U52: ✓ Sucesso execução | V52: - | W52: ✓ Sucesso execução | X52: - | Y52: ✓ Sucesso execução | Z52: -
C53: 6. IR_POSE | D53: transporte para place | E53: ros2 topic pub --once /tm12_step std_msgs/msg/String "{data: 'IR_POSE'}" | F53: OK MOVE_DONE | G53: ✓ Sucesso execução | H53: - | I53: ✓ Sucesso execução | J53: - | K53: ✓ Sucesso execução | L53: - | M53: ✓ Sucesso execução | N53: - | O53: ✓ Sucesso execução | P53: - | Q53: ✓ Sucesso execução | R53: - | S53: ✓ Sucesso execução | T53: - | U53: ✓ Sucesso execução | V53: - | W53: ✓ Sucesso execução | X53: - | Y53: ✓ Sucesso execução | Z53: -
C54: 7. ABRIR_GARRA | D54: detach virtual | E54: ros2 topic pub --once /tm12_step std_msgs/msg/String "{data: 'ABRIR_GARRA'}" | F54: OK OPEN_DONE | G54: ✓ Sucesso execução | H54: - | I54: ✓ Sucesso execução | J54: - | K54: ✓ Sucesso execução | L54: - | M54: ✓ Sucesso execução | N54: - | O54: ✓ Sucesso execução | P54: - | Q54: ✓ Sucesso execução | R54: - | S54: ✓ Sucesso execução | T54: - | U54: ✓ Sucesso execução | V54: - | W54: ✓ Sucesso execução | X54: - | Y54: ✓ Sucesso execução | Z54: -
C55: 8. TERMINAR_TAREFA | D55: ir para home | E55: ros2 topic pub --once /tm12_step std_msgs/msg/String "{data: 'TERMINAR_TAREFA'}" | F55: OK FINISH_DONE | G55: ✓ Sucesso execução | H55: - | I55: ✓ Sucesso execução | J55: - | K55: ✓ Sucesso execução | L55: - | M55: ✓ Sucesso execução | N55: - | O55: ✓ Sucesso execução | P55: - | Q55: ✓ Sucesso execução | R55: - | S55: ✓ Sucesso execução | T55: - | U55: ✓ Sucesso execução | V55: - | W55: ✓ Sucesso execução | X55: - | Y55: ✓ Sucesso execução | Z55: -
C56: 9. REMOVER_PEÇA | D56: eliminar peça do planning | E56: ros2 topic pub --once /tm12_step std_msgs/msg/String "{data: 'REMOVER_PECA:peca_1'}" | F56: OK REMOVE_DONE peca_ | G56: ✓ Sucesso execução | H56: - | I56: ✓ Sucesso execução | J56: - | K56: ✓ Sucesso execução | L56: - | M56: ✓ Sucesso execução | N56: - | O56: ✓ Sucesso execução | P56: - | Q56: ✓ Sucesso execução | R56: - | S56: ✓ Sucesso execução | T56: - | U56: ✓ Sucesso execução | V56: - | W56: ✓ Sucesso execução | X56: - | Y56: ✓ Sucesso execução | Z56: -
A58: CICLO 5: Pick (0.62, 0.18, 0.35) → Place (0.72, 0.28, 0.42)
A59: Repetições | B59: Execuções avaliadas | C59: Sucessos | D59: Falhas | E59: Taxa de sucesso | F59: Observações gerais
A60: 10 | B60: 90 | C60: =COUNTIF(G62:Z70,"✓ Sucesso execução") -> 89 | D60: =COUNTIF(G62:Z70,"⮾Falha real") -> 1 | E60: =IF(A60=0,"",(C60/9)/A60) -> 0.98888889 | F60: Falha deu colisão mas o provével foi peça antiga mal removida
A61: Ciclo | C61: Passo | D61: Pose / Estado | E61: Comando terminal | F61: Resultado esperado | G61: Resultado 1 | H61: Motivo falha 1 | I61: Resultado 2 | J61: Motivo falha 2 | K61: Resultado 3 | L61: Motivo falha 3 | M61: Resultado 4 | N61: Motivo falha 4 | O61: Resultado 5 | P61: Motivo falha 5 | Q61: Resultado 6 | R61: Motivo falha 6 | S61: Resultado 7 | T61: Motivo falha 7 | U61: Resultado 8 | V61: Motivo falha 8 | W61: Resultado 9 | X61: Motivo falha 9 | Y61: Resultado 10 | Z61: Motivo falha 10
A62: 5 | C62: 1. PICK | D62: x=0.62, y=0.18, z=0.35, q=(0,1,0,0) | E62: ros2 topic pub --once /pick_pose geometry_msgs/msg/PoseStamped "{header: {frame_id: 'base'}, pose: {position: {x: 0.62, y: 0.18, z: 0.35}, orientation: {x: 0.0, y: 1.0, z: 0.0, w: 0.0}}}" | F62: OK PICK_DONE peca_X | G62: ✓ Sucesso execução | H62: - | I62: ✓ Sucesso execução | J62: - | K62: ✓ Sucesso execução | L62: - | M62: ✓ Sucesso execução | N62: - | O62: ✓ Sucesso execução | P62: - | Q62: ✓ Sucesso execução | R62: - | S62: ✓ Sucesso execução | T62: - | U62: ✓ Sucesso execução | V62: - | W62: ✓ Sucesso execução | X62: - | Y62: ✓ Sucesso execução | Z62: -
C63: 2. TARGET PICK | D63: x=0.62, y=0.18, z=0.35, q=(0,1,0,0) | E63: ros2 topic pub --once /target_pose geometry_msgs/msg/PoseStamped "{header: {frame_id: 'base'}, pose: {position: {x: 0.62, y: 0.18, z: 0.35}, orientation: {x: 0.0, y: 1.0, z: 0.0, w: 0.0}}}" | F63: OK TARGET_DONE | G63: ✓ Sucesso execução | H63: - | I63: ✓ Sucesso execução | J63: - | K63: ✓ Sucesso execução | L63: - | M63: ✓ Sucesso execução | N63: - | O63: ✓ Sucesso execução | P63: - | Q63: ✓ Sucesso execução | R63: - | S63: ✓ Sucesso execução | T63: - | U63: ✓ Sucesso execução | V63: - | W63: ✓ Sucesso execução | X63: - | Y63: ✓ Sucesso execução | Z63: -
C64: 3. IR_POSE | D64: pose superior → descida | E64: ros2 topic pub --once /tm12_step std_msgs/msg/String "{data: 'IR_POSE'}" | F64: OK MOVE_DONE | G64: ✓ Sucesso execução | H64: - | I64: ✓ Sucesso execução | J64: - | K64: ✓ Sucesso execução | L64: - | M64: ✓ Sucesso execução | N64: - | O64: ✓ Sucesso execução | P64: - | Q64: ✓ Sucesso execução | R64: - | S64: ✓ Sucesso execução | T64: - | U64: ✓ Sucesso execução | V64: - | W64: ✓ Sucesso execução | X64: - | Y64: ✓ Sucesso execução | Z64: -
C65: 4. FECHAR_GARRA | D65: attach virtual | E65: ros2 topic pub --once /tm12_step std_msgs/msg/String "{data: 'FECHAR_GARRA'}" | F65: OK CLOSE_DONE ATTACHED peca_X | G65: ✓ Sucesso execução | H65: - | I65: ✓ Sucesso execução | J65: - | K65: ✓ Sucesso execução | L65: - | M65: ✓ Sucesso execução | N65: - | O65: ✓ Sucesso execução | P65: - | Q65: ✓ Sucesso execução | R65: - | S65: ✓ Sucesso execução | T65: - | U65: ✓ Sucesso execução | V65: - | W65: ✓ Sucesso execução | X65: - | Y65: ✓ Sucesso execução | Z65: -
C66: 5. TARGET PLACE | D66: x=0.72, y=0.28, z=0.42, q=(0,1,0,0) | E66: ros2 topic pub --once /target_pose geometry_msgs/msg/PoseStamped "{header: {frame_id: 'base'}, pose: {position: {x: 0.72, y: 0.28, z: 0.42}, orientation: {x: 0.0, y: 1.0, z: 0.0, w: 0.0}}}" | F66: OK TARGET_DONE | G66: ✓ Sucesso execução | H66: - | I66: ✓ Sucesso execução | J66: - | K66: ✓ Sucesso execução | L66: - | M66: ✓ Sucesso execução | N66: - | O66: ✓ Sucesso execução | P66: - | Q66: ✓ Sucesso execução | R66: - | S66: ✓ Sucesso execução | T66: - | U66: ✓ Sucesso execução | V66: - | W66: ✓ Sucesso execução | X66: - | Y66: ✓ Sucesso execução | Z66: -
C67: 6. IR_POSE | D67: transporte para place | E67: ros2 topic pub --once /tm12_step std_msgs/msg/String "{data: 'IR_POSE'}" | F67: OK MOVE_DONE | G67: ✓ Sucesso execução | H67: - | I67: ✓ Sucesso execução | J67: - | K67: ✓ Sucesso execução | L67: - | M67: ✓ Sucesso execução | N67: - | O67: ✓ Sucesso execução | P67: - | Q67: ✓ Sucesso execução | R67: - | S67: ✓ Sucesso execução | T67: - | U67: ✓ Sucesso execução | V67: - | W67: ✓ Sucesso execução | X67: - | Y67: ✓ Sucesso execução | Z67: -
C68: 7. ABRIR_GARRA | D68: detach virtual | E68: ros2 topic pub --once /tm12_step std_msgs/msg/String "{data: 'ABRIR_GARRA'}" | F68: OK OPEN_DONE | G68: ✓ Sucesso execução | H68: - | I68: ✓ Sucesso execução | J68: - | K68: ✓ Sucesso execução | L68: - | M68: ✓ Sucesso execução | N68: - | O68: ✓ Sucesso execução | P68: - | Q68: ✓ Sucesso execução | R68: - | S68: ✓ Sucesso execução | T68: - | U68: ✓ Sucesso execução | V68: - | W68: ✓ Sucesso execução | X68: - | Y68: ✓ Sucesso execução | Z68: -
C69: 8. TERMINAR_TAREFA | D69: ir para home | E69: ros2 topic pub --once /tm12_step std_msgs/msg/String "{data: 'TERMINAR_TAREFA'}" | F69: OK FINISH_DONE | G69: ✓ Sucesso execução | H69: - | I69: ⮾Falha real | J69: J3 torque limit value is 65 | K69: ✓ Sucesso execução | L69: - | M69: ✓ Sucesso execução | N69: - | O69: ✓ Sucesso execução | P69: - | Q69: ✓ Sucesso execução | R69: - | S69: ✓ Sucesso execução | T69: - | U69: ✓ Sucesso execução | V69: - | W69: ✓ Sucesso execução | X69: - | Y69: ✓ Sucesso execução | Z69: -
C70: 9. REMOVER_PEÇA | D70: eliminar peça do planning | E70: ros2 topic pub --once /tm12_step std_msgs/msg/String "{data: 'REMOVER_PECA:peca_1'}" | F70: OK REMOVE_DONE peca_ | G70: ✓ Sucesso execução | H70: - | I70: ✓ Sucesso execução | J70: - | K70: ✓ Sucesso execução | L70: - | M70: ✓ Sucesso execução | N70: - | O70: ✓ Sucesso execução | P70: - | Q70: ✓ Sucesso execução | R70: - | S70: ✓ Sucesso execução | T70: - | U70: ✓ Sucesso execução | V70: - | W70: ✓ Sucesso execução | X70: - | Y70: ✓ Sucesso execução | Z70: -
A72: CICLO 6: Pick (0.50, -0.30, 0.35) → Place (0.75, 0.10, 0.42)
A73: Repetições | B73: Execuções avaliadas | C73: Sucessos | D73: Falhas | E73: Taxa de sucesso | F73: Observações gerais
A74: 10 | B74: 90 | C74: =COUNTIF(G76:Z84,"✓ Sucesso execução") -> 90 | D74: =COUNTIF(G76:Z84,"⮾Falha real") -> 0 | E74: =IF(A74=0,"",(C74/9)/A74) -> 1
A75: Ciclo | C75: Passo | D75: Pose / Estado | E75: Comando terminal | F75: Resultado esperado | G75: Resultado 1 | H75: Motivo falha 1 | I75: Resultado 2 | J75: Motivo falha 2 | K75: Resultado 3 | L75: Motivo falha 3 | M75: Resultado 4 | N75: Motivo falha 4 | O75: Resultado 5 | P75: Motivo falha 5 | Q75: Resultado 6 | R75: Motivo falha 6 | S75: Resultado 7 | T75: Motivo falha 7 | U75: Resultado 8 | V75: Motivo falha 8 | W75: Resultado 9 | X75: Motivo falha 9 | Y75: Resultado 10 | Z75: Motivo falha 10
A76: 6 | C76: 1. PICK | D76: x=0.50, y=-0.30, z=0.35, q=(0,1,0,0) | E76: ros2 topic pub --once /pick_pose geometry_msgs/msg/PoseStamped "{header: {frame_id: 'base'}, pose: {position: {x: 0.50, y: -0.30, z: 0.35}, orientation: {x: 0.0, y: 1.0, z: 0.0, w: 0.0}}}" | F76: OK PICK_DONE peca_X | G76: ✓ Sucesso execução | H76: - | I76: ✓ Sucesso execução | J76: - | K76: ✓ Sucesso execução | L76: - | M76: ✓ Sucesso execução | N76: - | O76: ✓ Sucesso execução | P76: - | Q76: ✓ Sucesso execução | R76: - | S76: ✓ Sucesso execução | T76: - | U76: ✓ Sucesso execução | V76: - | W76: ✓ Sucesso execução | X76: - | Y76: ✓ Sucesso execução | Z76: -
C77: 2. TARGET PICK | D77: x=0.50, y=-0.30, z=0.35, q=(0,1,0,0) | E77: ros2 topic pub --once /target_pose geometry_msgs/msg/PoseStamped "{header: {frame_id: 'base'}, pose: {position: {x: 0.50, y: -0.30, z: 0.35}, orientation: {x: 0.0, y: 1.0, z: 0.0, w: 0.0}}}" | F77: OK TARGET_DONE | G77: ✓ Sucesso execução | H77: - | I77: ✓ Sucesso execução | J77: - | K77: ✓ Sucesso execução | L77: - | M77: ✓ Sucesso execução | N77: - | O77: ✓ Sucesso execução | P77: - | Q77: ✓ Sucesso execução | R77: - | S77: ✓ Sucesso execução | T77: - | U77: ✓ Sucesso execução | V77: - | W77: ✓ Sucesso execução | X77: - | Y77: ✓ Sucesso execução | Z77: -
C78: 3. IR_POSE | D78: pose superior → descida | E78: ros2 topic pub --once /tm12_step std_msgs/msg/String "{data: 'IR_POSE'}" | F78: OK MOVE_DONE | G78: ✓ Sucesso execução | H78: - | I78: ✓ Sucesso execução | J78: - | K78: ✓ Sucesso execução | L78: - | M78: ✓ Sucesso execução | N78: - | O78: ✓ Sucesso execução | P78: - | Q78: ✓ Sucesso execução | R78: - | S78: ✓ Sucesso execução | T78: - | U78: ✓ Sucesso execução | V78: - | W78: ✓ Sucesso execução | X78: - | Y78: ✓ Sucesso execução | Z78: -
C79: 4. FECHAR_GARRA | D79: attach virtual | E79: ros2 topic pub --once /tm12_step std_msgs/msg/String "{data: 'FECHAR_GARRA'}" | F79: OK CLOSE_DONE ATTACHED peca_X | G79: ✓ Sucesso execução | H79: - | I79: ✓ Sucesso execução | J79: - | K79: ✓ Sucesso execução | L79: - | M79: ✓ Sucesso execução | N79: - | O79: ✓ Sucesso execução | P79: - | Q79: ✓ Sucesso execução | R79: - | S79: ✓ Sucesso execução | T79: - | U79: ✓ Sucesso execução | V79: - | W79: ✓ Sucesso execução | X79: - | Y79: ✓ Sucesso execução | Z79: -
C80: 5. TARGET PLACE | D80: x=0.75, y=0.10, z=0.42, q=(0,1,0,0) | E80: ros2 topic pub --once /target_pose geometry_msgs/msg/PoseStamped "{header: {frame_id: 'base'}, pose: {position: {x: 0.75, y: 0.10, z: 0.42}, orientation: {x: 0.0, y: 1.0, z: 0.0, w: 0.0}}}" | F80: OK TARGET_DONE | G80: ✓ Sucesso execução | H80: - | I80: ✓ Sucesso execução | J80: - | K80: ✓ Sucesso execução | L80: - | M80: ✓ Sucesso execução | N80: - | O80: ✓ Sucesso execução | P80: - | Q80: ✓ Sucesso execução | R80: - | S80: ✓ Sucesso execução | T80: - | U80: ✓ Sucesso execução | V80: - | W80: ✓ Sucesso execução | X80: - | Y80: ✓ Sucesso execução | Z80: -
C81: 6. IR_POSE | D81: transporte para place | E81: ros2 topic pub --once /tm12_step std_msgs/msg/String "{data: 'IR_POSE'}" | F81: OK MOVE_DONE | G81: ✓ Sucesso execução | H81: - | I81: ✓ Sucesso execução | J81: - | K81: ✓ Sucesso execução | L81: - | M81: ✓ Sucesso execução | N81: - | O81: ✓ Sucesso execução | P81: - | Q81: ✓ Sucesso execução | R81: - | S81: ✓ Sucesso execução | T81: - | U81: ✓ Sucesso execução | V81: - | W81: ✓ Sucesso execução | X81: - | Y81: ✓ Sucesso execução | Z81: -
C82: 7. ABRIR_GARRA | D82: detach virtual | E82: ros2 topic pub --once /tm12_step std_msgs/msg/String "{data: 'ABRIR_GARRA'}" | F82: OK OPEN_DONE | G82: ✓ Sucesso execução | H82: - | I82: ✓ Sucesso execução | J82: - | K82: ✓ Sucesso execução | L82: - | M82: ✓ Sucesso execução | N82: - | O82: ✓ Sucesso execução | P82: - | Q82: ✓ Sucesso execução | R82: - | S82: ✓ Sucesso execução | T82: - | U82: ✓ Sucesso execução | V82: - | W82: ✓ Sucesso execução | X82: - | Y82: ✓ Sucesso execução | Z82: -
C83: 8. TERMINAR_TAREFA | D83: ir para home | E83: ros2 topic pub --once /tm12_step std_msgs/msg/String "{data: 'TERMINAR_TAREFA'}" | F83: OK FINISH_DONE | G83: ✓ Sucesso execução | H83: - | I83: ✓ Sucesso execução | J83: - | K83: ✓ Sucesso execução | L83: - | M83: ✓ Sucesso execução | N83: - | O83: ✓ Sucesso execução | P83: - | Q83: ✓ Sucesso execução | R83: - | S83: ✓ Sucesso execução | T83: - | U83: ✓ Sucesso execução | V83: - | W83: ✓ Sucesso execução | X83: - | Y83: ✓ Sucesso execução | Z83: -
C84: 9. REMOVER_PEÇA | D84: eliminar peça do planning | E84: ros2 topic pub --once /tm12_step std_msgs/msg/String "{data: 'REMOVER_PECA:peca_1'}" | F84: OK REMOVE_DONE peca_ | G84: ✓ Sucesso execução | H84: - | I84: ✓ Sucesso execução | J84: - | K84: ✓ Sucesso execução | L84: - | M84: ✓ Sucesso execução | N84: - | O84: ✓ Sucesso execução | P84: - | Q84: ✓ Sucesso execução | R84: - | S84: ✓ Sucesso execução | T84: - | U84: ✓ Sucesso execução | V84: - | W84: ✓ Sucesso execução | X84: - | Y84: ✓ Sucesso execução | Z84: -
A86: CICLO 7: Pick (0.75, -0.10, 0.35) → Place (0.50, 0.30, 0.42)
A87: Repetições | B87: Execuções avaliadas | C87: Sucessos | D87: Falhas | E87: Taxa de sucesso | F87: Observações gerais
A88: 10 | B88: 90 | C88: =COUNTIF(G90:Z98,"✓ Sucesso execução") -> 89 | D88: =COUNTIF(G90:Z98,"⮾Falha real") -> 1 | E88: =IF(A88=0,"",(C88/9)/A88) -> 0.98888889
A89: Ciclo | C89: Passo | D89: Pose / Estado | E89: Comando terminal | F89: Resultado esperado | G89: Resultado 1 | H89: Motivo falha 1 | I89: Resultado 2 | J89: Motivo falha 2 | K89: Resultado 3 | L89: Motivo falha 3 | M89: Resultado 4 | N89: Motivo falha 4 | O89: Resultado 5 | P89: Motivo falha 5 | Q89: Resultado 6 | R89: Motivo falha 6 | S89: Resultado 7 | T89: Motivo falha 7 | U89: Resultado 8 | V89: Motivo falha 8 | W89: Resultado 9 | X89: Motivo falha 9 | Y89: Resultado 10 | Z89: Motivo falha 10
A90: 7 | C90: 1. PICK | D90: x=0.75, y=-0.10, z=0.35, q=(0,1,0,0) | E90: ros2 topic pub --once /pick_pose geometry_msgs/msg/PoseStamped "{header: {frame_id: 'base'}, pose: {position: {x: 0.75, y: -0.10, z: 0.35}, orientation: {x: 0.0, y: 1.0, z: 0.0, w: 0.0}}}" | F90: OK PICK_DONE peca_X | G90: ✓ Sucesso execução | H90: - | I90: ✓ Sucesso execução | J90: - | K90: ✓ Sucesso execução | L90: - | M90: ✓ Sucesso execução | N90: - | O90: ✓ Sucesso execução | P90: - | Q90: ✓ Sucesso execução | R90: - | S90: ✓ Sucesso execução | T90: - | U90: ✓ Sucesso execução | V90: - | W90: ✓ Sucesso execução | X90: - | Y90: ✓ Sucesso execução | Z90: -
C91: 2. TARGET PICK | D91: x=0.75, y=-0.10, z=0.35, q=(0,1,0,0) | E91: ros2 topic pub --once /target_pose geometry_msgs/msg/PoseStamped "{header: {frame_id: 'base'}, pose: {position: {x: 0.75, y: -0.10, z: 0.35}, orientation: {x: 0.0, y: 1.0, z: 0.0, w: 0.0}}}" | F91: OK TARGET_DONE | G91: ✓ Sucesso execução | H91: - | I91: ✓ Sucesso execução | J91: - | K91: ✓ Sucesso execução | L91: - | M91: ✓ Sucesso execução | N91: - | O91: ✓ Sucesso execução | P91: - | Q91: ✓ Sucesso execução | R91: - | S91: ✓ Sucesso execução | T91: - | U91: ✓ Sucesso execução | V91: - | W91: ✓ Sucesso execução | X91: - | Y91: ✓ Sucesso execução | Z91: -
C92: 3. IR_POSE | D92: pose superior → descida | E92: ros2 topic pub --once /tm12_step std_msgs/msg/String "{data: 'IR_POSE'}" | F92: OK MOVE_DONE | G92: ✓ Sucesso execução | H92: - | I92: ✓ Sucesso execução | J92: - | K92: ✓ Sucesso execução | L92: - | M92: ✓ Sucesso execução | N92: - | O92: ✓ Sucesso execução | P92: - | Q92: ✓ Sucesso execução | R92: - | S92: ✓ Sucesso execução | T92: - | U92: ✓ Sucesso execução | V92: - | W92: ✓ Sucesso execução | X92: - | Y92: ✓ Sucesso execução | Z92: -
C93: 4. FECHAR_GARRA | D93: attach virtual | E93: ros2 topic pub --once /tm12_step std_msgs/msg/String "{data: 'FECHAR_GARRA'}" | F93: OK CLOSE_DONE ATTACHED peca_X | G93: ✓ Sucesso execução | H93: - | I93: ✓ Sucesso execução | J93: - | K93: ✓ Sucesso execução | L93: - | M93: ✓ Sucesso execução | N93: - | O93: ✓ Sucesso execução | P93: - | Q93: ✓ Sucesso execução | R93: - | S93: ✓ Sucesso execução | T93: - | U93: ✓ Sucesso execução | V93: - | W93: ✓ Sucesso execução | X93: - | Y93: ✓ Sucesso execução | Z93: -
C94: 5. TARGET PLACE | D94: x=0.50, y=0.30, z=0.42, q=(0,1,0,0) | E94: ros2 topic pub --once /target_pose geometry_msgs/msg/PoseStamped "{header: {frame_id: 'base'}, pose: {position: {x: 0.50, y: 0.30, z: 0.42}, orientation: {x: 0.0, y: 1.0, z: 0.0, w: 0.0}}}" | F94: OK TARGET_DONE | G94: ✓ Sucesso execução | H94: - | I94: ✓ Sucesso execução | J94: - | K94: ✓ Sucesso execução | L94: - | M94: ✓ Sucesso execução | N94: - | O94: ✓ Sucesso execução | P94: - | Q94: ✓ Sucesso execução | R94: - | S94: ✓ Sucesso execução | T94: - | U94: ✓ Sucesso execução | V94: - | W94: ✓ Sucesso execução | X94: - | Y94: ✓ Sucesso execução | Z94: -
C95: 6. IR_POSE | D95: transporte para place | E95: ros2 topic pub --once /tm12_step std_msgs/msg/String "{data: 'IR_POSE'}" | F95: OK MOVE_DONE | G95: ✓ Sucesso execução | H95: - | I95: ✓ Sucesso execução | J95: - | K95: ✓ Sucesso execução | L95: - | M95: ✓ Sucesso execução | N95: - | O95: ✓ Sucesso execução | P95: - | Q95: ✓ Sucesso execução | R95: - | S95: ✓ Sucesso execução | T95: - | U95: ✓ Sucesso execução | V95: - | W95: ✓ Sucesso execução | X95: - | Y95: ✓ Sucesso execução | Z95: -
C96: 7. ABRIR_GARRA | D96: detach virtual | E96: ros2 topic pub --once /tm12_step std_msgs/msg/String "{data: 'ABRIR_GARRA'}" | F96: OK OPEN_DONE | G96: ✓ Sucesso execução | H96: - | I96: ✓ Sucesso execução | J96: - | K96: ✓ Sucesso execução | L96: - | M96: ✓ Sucesso execução | N96: - | O96: ✓ Sucesso execução | P96: - | Q96: ✓ Sucesso execução | R96: - | S96: ✓ Sucesso execução | T96: - | U96: ✓ Sucesso execução | V96: - | W96: ✓ Sucesso execução | X96: - | Y96: ✓ Sucesso execução | Z96: -
C97: 8. TERMINAR_TAREFA | D97: ir para home | E97: ros2 topic pub --once /tm12_step std_msgs/msg/String "{data: 'TERMINAR_TAREFA'}" | F97: OK FINISH_DONE | G97: ✓ Sucesso execução | H97: - | I97: ✓ Sucesso execução | J97: - | K97: ✓ Sucesso execução | L97: - | M97: ✓ Sucesso execução | N97: - | O97: ✓ Sucesso execução | P97: - | Q97: ✓ Sucesso execução | R97: - | S97: ✓ Sucesso execução | T97: - | U97: ✓ Sucesso execução | V97: - | W97: ✓ Sucesso execução | X97: - | Y97: ⮾Falha real | Z97: Colisão com o objeto de place
C98: 9. REMOVER_PEÇA | D98: eliminar peça do planning | E98: ros2 topic pub --once /tm12_step std_msgs/msg/String "{data: 'REMOVER_PECA:peca_1'}" | F98: OK REMOVE_DONE peca_ | G98: ✓ Sucesso execução | H98: - | I98: ✓ Sucesso execução | J98: - | K98: ✓ Sucesso execução | L98: - | M98: ✓ Sucesso execução | N98: - | O98: ✓ Sucesso execução | P98: - | Q98: ✓ Sucesso execução | R98: - | S98: ✓ Sucesso execução | T98: - | U98: ✓ Sucesso execução | V98: - | W98: ✓ Sucesso execução | X98: - | Y98: ✓ Sucesso execução | Z98: -
A100: CICLO 8: Pick (0.55, 0.30, 0.35) → Place (0.75, -0.25, 0.42)
A101: Repetições | B101: Execuções avaliadas | C101: Sucessos | D101: Falhas | E101: Taxa de sucesso | F101: Observações gerais
A102: 10 | B102: 90 | C102: =COUNTIF(G104:Z112,"✓ Sucesso execução") -> 86 | D102: =COUNTIF(G104:Z112,"⮾Falha real") -> 4 | E102: =IF(A102=0,"",(C102/9)/A102) -> 0.95555556
A103: Ciclo | C103: Passo | D103: Pose / Estado | E103: Comando terminal | F103: Resultado esperado | G103: Resultado 1 | H103: Motivo falha 1 | I103: Resultado 2 | J103: Motivo falha 2 | K103: Resultado 3 | L103: Motivo falha 3 | M103: Resultado 4 | N103: Motivo falha 4 | O103: Resultado 5 | P103: Motivo falha 5 | Q103: Resultado 6 | R103: Motivo falha 6 | S103: Resultado 7 | T103: Motivo falha 7 | U103: Resultado 8 | V103: Motivo falha 8 | W103: Resultado 9 | X103: Motivo falha 9 | Y103: Resultado 10 | Z103: Motivo falha 10
A104: 8 | C104: 1. PICK | D104: x=0.55, y=0.30, z=0.35, q=(0,1,0,0) | E104: ros2 topic pub --once /pick_pose geometry_msgs/msg/PoseStamped "{header: {frame_id: 'base'}, pose: {position: {x: 0.55, y: 0.30, z: 0.35}, orientation: {x: 0.0, y: 1.0, z: 0.0, w: 0.0}}}" | F104: OK PICK_DONE peca_X | G104: ✓ Sucesso execução | H104: - | I104: ✓ Sucesso execução | J104: - | K104: ✓ Sucesso execução | L104: - | M104: ✓ Sucesso execução | N104: - | O104: ✓ Sucesso execução | P104: - | Q104: ✓ Sucesso execução | R104: - | S104: ✓ Sucesso execução | T104: - | U104: ✓ Sucesso execução | V104: - | W104: ✓ Sucesso execução | X104: - | Y104: ✓ Sucesso execução | Z104: -
C105: 2. TARGET PICK | D105: x=0.55, y=0.30, z=0.35, q=(0,1,0,0) | E105: ros2 topic pub --once /target_pose geometry_msgs/msg/PoseStamped "{header: {frame_id: 'base'}, pose: {position: {x: 0.55, y: 0.30, z: 0.35}, orientation: {x: 0.0, y: 1.0, z: 0.0, w: 0.0}}}" | F105: OK TARGET_DONE | G105: ✓ Sucesso execução | H105: - | I105: ✓ Sucesso execução | J105: - | K105: ✓ Sucesso execução | L105: - | M105: ✓ Sucesso execução | N105: - | O105: ✓ Sucesso execução | P105: - | Q105: ✓ Sucesso execução | R105: - | S105: ✓ Sucesso execução | T105: - | U105: ✓ Sucesso execução | V105: - | W105: ✓ Sucesso execução | X105: - | Y105: ✓ Sucesso execução | Z105: -
C106: 3. IR_POSE | D106: pose superior → descida | E106: ros2 topic pub --once /tm12_step std_msgs/msg/String "{data: 'IR_POSE'}" | F106: OK MOVE_DONE | G106: ✓ Sucesso execução | H106: - | I106: ✓ Sucesso execução | J106: - | K106: ⮾Falha real | L106: Colisão do braço na peça | M106: ✓ Sucesso execução | N106: - | O106: ⮾Falha real | P106: Colisão do braço na peça | Q106: ✓ Sucesso execução | R106: - | S106: ⮾Falha real | T106: Colisão do braço na peça | U106: ✓ Sucesso execução | V106: - | W106: ⮾Falha real | X106: Colisão do braço na peça | Y106: ✓ Sucesso execução | Z106: -
C107: 4. FECHAR_GARRA | D107: attach virtual | E107: ros2 topic pub --once /tm12_step std_msgs/msg/String "{data: 'FECHAR_GARRA'}" | F107: OK CLOSE_DONE ATTACHED peca_X | G107: ✓ Sucesso execução | H107: - | I107: ✓ Sucesso execução | J107: - | K107: ✓ Sucesso execução | L107: - | M107: ✓ Sucesso execução | N107: - | O107: ✓ Sucesso execução | P107: - | Q107: ✓ Sucesso execução | R107: - | S107: ✓ Sucesso execução | T107: - | U107: ✓ Sucesso execução | V107: - | W107: ✓ Sucesso execução | X107: - | Y107: ✓ Sucesso execução | Z107: -
...

Sheet Métricas PICK_POSE
A1: Ciclo | B1: Repetição | C1: Pose X | D1: Pose Y | E1: Pose Z | F1: Validação (SIM/NÃO) | G1: Peça criada (SIM/NÃO) | H1: Tempo resposta (ms) | I1: Resultado esperado | J1: Resultado obtido | K1: Status (✓/✗) | M1: Ciclo | N1: Repetição | O1: Pose X | P1: Pose Y | Q1: Pose Z | R1: Validação (SIM/NÃO) | S1: Peça criada (SIM/NÃO) | T1: Tempo resposta (ms) | U1: Resultado esperado | V1: Resultado obtido | W1: Status (✓/✗)
A2: 1 | B2: 1 | C2: 0.55 | D2: -0.2 | E2: 0.35 | F2: SIM | G2: SIM | H2: 152.9291 | I2: OK PICK_DONE | J2: OK PICK_DONE | K2: ✓ | M2: 6 | N2: 1 | O2: 0.5 | P2: -0.3 | Q2: 0.35 | R2: SIM | S2: SIM | T2: 252.5365 | U2: OK PICK_DONE | V2: OK PICK_DONE | W2: ✓
A3: 1 | B3: 2 | C3: 0.55 | D3: -0.2 | E3: 0.35 | F3: SIM | G3: SIM | H3: 152.0171 | I3: OK PICK_DONE | J3: OK PICK_DONE | K3: ✓ | M3: 6 | N3: 2 | O3: 0.5 | P3: -0.3 | Q3: 0.35 | R3: SIM | S3: SIM | T3: 151.9229 | U3: OK PICK_DONE | V3: OK PICK_DONE | W3: ✓
A4: 1 | B4: 3 | C4: 0.55 | D4: -0.2 | E4: 0.35 | F4: SIM | G4: SIM | H4: 155.1752 | I4: OK PICK_DONE | J4: OK PICK_DONE | K4: ✓ | M4: 6 | N4: 3 | O4: 0.5 | P4: -0.3 | Q4: 0.35 | R4: SIM | S4: SIM | T4: 152.0145 | U4: OK PICK_DONE | V4: OK PICK_DONE | W4: ✓
A5: 1 | B5: 4 | C5: 0.55 | D5: -0.2 | E5: 0.35 | F5: SIM | G5: SIM | H5: 54.7836 | I5: OK PICK_DONE | J5: OK PICK_DONE | K5: ✓ | M5: 6 | N5: 4 | O5: 0.5 | P5: -0.3 | Q5: 0.35 | R5: SIM | S5: SIM | T5: 151.9032 | U5: OK PICK_DONE | V5: OK PICK_DONE | W5: ✓
A6: 1 | B6: 5 | C6: 0.55 | D6: -0.2 | E6: 0.35 | F6: SIM | G6: SIM | H6: 152.1132 | I6: OK PICK_DONE | J6: OK PICK_DONE | K6: ✓ | M6: 6 | N6: 5 | O6: 0.5 | P6: -0.3 | Q6: 0.35 | R6: SIM | S6: SIM | T6: 151.7724 | U6: OK PICK_DONE | V6: OK PICK_DONE | W6: ✓
A7: 1 | B7: 6 | C7: 0.55 | D7: -0.2 | E7: 0.35 | F7: SIM | G7: SIM | H7: 152.9052 | I7: OK PICK_DONE | J7: OK PICK_DONE | K7: ✓ | M7: 6 | N7: 6 | O7: 0.5 | P7: -0.3 | Q7: 0.35 | R7: SIM | S7: SIM | T7: 152.6575 | U7: OK PICK_DONE | V7: OK PICK_DONE | W7: ✓
A8: 1 | B8: 7 | C8: 0.55 | D8: -0.2 | E8: 0.35 | F8: SIM | G8: SIM | H8: 152.6349 | I8: OK PICK_DONE | J8: OK PICK_DONE | K8: ✓ | M8: 6 | N8: 7 | O8: 0.5 | P8: -0.3 | Q8: 0.35 | R8: SIM | S8: SIM | T8: 151.5257 | U8: OK PICK_DONE | V8: OK PICK_DONE | W8: ✓
A9: 1 | B9: 8 | C9: 0.55 | D9: -0.2 | E9: 0.35 | F9: SIM | G9: SIM | H9: 156.9684 | I9: OK PICK_DONE | J9: OK PICK_DONE | K9: ✓ | M9: 6 | N9: 8 | O9: 0.5 | P9: -0.3 | Q9: 0.35 | R9: SIM | S9: SIM | T9: 151.6747 | U9: OK PICK_DONE | V9: OK PICK_DONE | W9: ✓
A10: 1 | B10: 9 | C10: 0.55 | D10: -0.2 | E10: 0.35 | F10: SIM | G10: SIM | H10: 151.895 | I10: OK PICK_DONE | J10: OK PICK_DONE | K10: ✓ | M10: 6 | N10: 9 | O10: 0.5 | P10: -0.3 | Q10: 0.35 | R10: SIM | S10: SIM | T10: 151.6407 | U10: OK PICK_DONE | V10: OK PICK_DONE | W10: ✓
A11: 1 | B11: 10 | C11: 0.55 | D11: -0.2 | E11: 0.35 | F11: SIM | G11: SIM | H11: 152.9899 | I11: OK PICK_DONE | J11: OK PICK_DONE | K11: ✓ | M11: 6 | N11: 10 | O11: 0.5 | P11: -0.3 | Q11: 0.35 | R11: SIM | S11: SIM | T11: 152.8852 | U11: OK PICK_DONE | V11: OK PICK_DONE | W11: ✓
G12: Média | H12: =AVERAGE(H2:H11) -> 143.44116 | S12: Média | T12: =AVERAGE(T2:T11) -> 162.05333
A13: Ciclo | B13: Repetição | C13: Pose X | D13: Pose Y | E13: Pose Z | F13: Validação (SIM/NÃO) | G13: Peça criada (SIM/NÃO) | H13: Tempo resposta (ms) | I13: Resultado esperado | J13: Resultado obtido | K13: Status (✓/✗) | M13: Ciclo | N13: Repetição | O13: Pose X | P13: Pose Y | Q13: Pose Z | R13: Validação (SIM/NÃO) | S13: Peça criada (SIM/NÃO) | T13: Tempo resposta (ms) | U13: Resultado esperado | V13: Resultado obtido | W13: Status (✓/✗)
A14: 2 | B14: 1 | C14: 0.6 | D14: 0 | E14: 0.35 | F14: SIM | G14: SIM | H14: 151.5393 | I14: OK PICK_DONE | J14: OK PICK_DONE | K14: ✓ | M14: 7 | N14: 1 | O14: 0.75 | P14: -0.1 | Q14: 0.35 | R14: SIM | S14: SIM | T14: 155.0503 | U14: OK PICK_DONE | V14: OK PICK_DONE | W14: ✓
A15: 2 | B15: 2 | C15: 0.6 | D15: 0 | E15: 0.35 | F15: SIM | G15: SIM | H15: 153.4231 | I15: OK PICK_DONE | J15: OK PICK_DONE | K15: ✓ | M15: 7 | N15: 2 | O15: 0.75 | P15: -0.1 | Q15: 0.35 | R15: SIM | S15: SIM | T15: 159.3707 | U15: OK PICK_DONE | V15: OK PICK_DONE | W15: ✓
A16: 2 | B16: 3 | C16: 0.6 | D16: 0 | E16: 0.35 | F16: SIM | G16: SIM | H16: 156.8539 | I16: OK PICK_DONE | J16: OK PICK_DONE | K16: ✓ | M16: 7 | N16: 3 | O16: 0.75 | P16: -0.1 | Q16: 0.35 | R16: SIM | S16: SIM | T16: 152.4816 | U16: OK PICK_DONE | V16: OK PICK_DONE | W16: ✓
A17: 2 | B17: 4 | C17: 0.6 | D17: 0 | E17: 0.35 | F17: SIM | G17: SIM | H17: 152.025 | I17: OK PICK_DONE | J17: OK PICK_DONE | K17: ✓ | M17: 7 | N17: 4 | O17: 0.75 | P17: -0.1 | Q17: 0.35 | R17: SIM | S17: SIM | T17: 152.178 | U17: OK PICK_DONE | V17: OK PICK_DONE | W17: ✓
A18: 2 | B18: 5 | C18: 0.6 | D18: 0 | E18: 0.35 | F18: SIM | G18: SIM | H18: 151.8412 | I18: OK PICK_DONE | J18: OK PICK_DONE | K18: ✓ | M18: 7 | N18: 5 | O18: 0.75 | P18: -0.1 | Q18: 0.35 | R18: SIM | S18: SIM | T18: 151.7432 | U18: OK PICK_DONE | V18: OK PICK_DONE | W18: ✓
A19: 2 | B19: 6 | C19: 0.6 | D19: 0 | E19: 0.35 | F19: SIM | G19: SIM | H19: 152.6213 | I19: OK PICK_DONE | J19: OK PICK_DONE | K19: ✓ | M19: 7 | N19: 6 | O19: 0.75 | P19: -0.1 | Q19: 0.35 | R19: SIM | S19: SIM | T19: 152.6527 | U19: OK PICK_DONE | V19: OK PICK_DONE | W19: ✓
A20: 2 | B20: 7 | C20: 0.6 | D20: 0 | E20: 0.35 | F20: SIM | G20: SIM | H20: 152.0646 | I20: OK PICK_DONE | J20: OK PICK_DONE | K20: ✓ | M20: 7 | N20: 7 | O20: 0.75 | P20: -0.1 | Q20: 0.35 | R20: SIM | S20: SIM | T20: 151.7746 | U20: OK PICK_DONE | V20: OK PICK_DONE | W20: ✓
A21: 2 | B21: 8 | C21: 0.6 | D21: 0 | E21: 0.35 | F21: SIM | G21: SIM | H21: 155.8323 | I21: OK PICK_DONE | J21: OK PICK_DONE | K21: ✓ | M21: 7 | N21: 8 | O21: 0.75 | P21: -0.1 | Q21: 0.35 | R21: SIM | S21: SIM | T21: 155.0589 | U21: OK PICK_DONE | V21: OK PICK_DONE | W21: ✓
A22: 2 | B22: 9 | C22: 0.6 | D22: 0 | E22: 0.35 | F22: SIM | G22: SIM | H22: 151.6738 | I22: OK PICK_DONE | J22: OK PICK_DONE | K22: ✓ | M22: 7 | N22: 9 | O22: 0.75 | P22: -0.1 | Q22: 0.35 | R22: SIM | S22: SIM | T22: 152.0276 | U22: OK PICK_DONE | V22: OK PICK_DONE | W22: ✓
A23: 2 | B23: 10 | C23: 0.6 | D23: 0 | E23: 0.35 | F23: SIM | G23: SIM | H23: 153.3108 | I23: OK PICK_DONE | J23: OK PICK_DONE | K23: ✓ | M23: 7 | N23: 10 | O23: 0.75 | P23: -0.1 | Q23: 0.35 | R23: SIM | S23: SIM | T23: 152.8051 | U23: OK PICK_DONE | V23: OK PICK_DONE | W23: ✓
G24: Média | H24: =AVERAGE(H14:H23) -> 153.11853 | S24: Média | T24: =AVERAGE(T14:T23) -> 153.51427
A25: Ciclo | B25: Repetição | C25: Pose X | D25: Pose Y | E25: Pose Z | F25: Validação (SIM/NÃO) | G25: Peça criada (SIM/NÃO) | H25: Tempo resposta (ms) | I25: Resultado esperado | J25: Resultado obtido | K25: Status (✓/✗) | M25: Ciclo | N25: Repetição | O25: Pose X | P25: Pose Y | Q25: Pose Z | R25: Validação (SIM/NÃO) | S25: Peça criada (SIM/NÃO) | T25: Tempo resposta (ms) | U25: Resultado esperado | V25: Resultado obtido | W25: Status (✓/✗)
A26: 3 | B26: 1 | C26: 0.52 | D26: 0.25 | E26: 0.35 | F26: SIM | G26: SIM | H26: 152.4751 | I26: OK PICK_DONE | J26: OK PICK_DONE | K26: ✓ | M26: 8 | N26: 1 | O26: 0.55 | P26: 0.3 | Q26: 0.35 | R26: SIM | S26: SIM | T26: 154.0318 | U26: OK PICK_DONE | V26: OK PICK_DONE | W26: ✓
A27: 3 | B27: 2 | C27: 0.52 | D27: 0.25 | E27: 0.35 | F27: SIM | G27: SIM | H27: 152.5791 | I27: OK PICK_DONE | J27: OK PICK_DONE | K27: ✓ | M27: 8 | N27: 2 | O27: 0.55 | P27: 0.3 | Q27: 0.35 | R27: SIM | S27: SIM | T27: 151.9642 | U27: OK PICK_DONE | V27: OK PICK_DONE | W27: ✓
A28: 3 | B28: 3 | C28: 0.52 | D28: 0.25 | E28: 0.35 | F28: SIM | G28: SIM | H28: 161.6621 | I28: OK PICK_DONE | J28: OK PICK_DONE | K28: ✓ | M28: 8 | N28: 3 | O28: 0.55 | P28: 0.3 | Q28: 0.35 | R28: SIM | S28: SIM | T28: 152.4086 | U28: OK PICK_DONE | V28: OK PICK_DONE | W28: ✓
A29: 3 | B29: 4 | C29: 0.52 | D29: 0.25 | E29: 0.35 | F29: SIM | G29: SIM | H29: 156.4419 | I29: OK PICK_DONE | J29: OK PICK_DONE | K29: ✓ | M29: 8 | N29: 4 | O29: 0.55 | P29: 0.3 | Q29: 0.35 | R29: SIM | S29: SIM | T29: 151.7193 | U29: OK PICK_DONE | V29: OK PICK_DONE | W29: ✓
A30: 3 | B30: 5 | C30: 0.52 | D30: 0.25 | E30: 0.35 | F30: SIM | G30: SIM | H30: 142.0629 | I30: OK PICK_DONE | J30: OK PICK_DONE | K30: ✓ | M30: 8 | N30: 5 | O30: 0.55 | P30: 0.3 | Q30: 0.35 | R30: SIM | S30: SIM | T30: 156.5514 | U30: OK PICK_DONE | V30: OK PICK_DONE | W30: ✓
A31: 3 | B31: 6 | C31: 0.52 | D31: 0.25 | E31: 0.35 | F31: SIM | G31: SIM | H31: 151.8264 | I31: OK PICK_DONE | J31: OK PICK_DONE | K31: ✓ | M31: 8 | N31: 6 | O31: 0.55 | P31: 0.3 | Q31: 0.35 | R31: SIM | S31: SIM | T31: 152.8068 | U31: OK PICK_DONE | V31: OK PICK_DONE | W31: ✓
A32: 3 | B32: 7 | C32: 0.52 | D32: 0.25 | E32: 0.35 | F32: SIM | G32: SIM | H32: 151.7611 | I32: OK PICK_DONE | J32: OK PICK_DONE | K32: ✓ | M32: 8 | N32: 7 | O32: 0.55 | P32: 0.3 | Q32: 0.35 | R32: SIM | S32: SIM | T32: 154.1982 | U32: OK PICK_DONE | V32: OK PICK_DONE | W32: ✓
A33: 3 | B33: 8 | C33: 0.52 | D33: 0.25 | E33: 0.35 | F33: SIM | G33: SIM | H33: 152.1397 | I33: OK PICK_DONE | J33: OK PICK_DONE | K33: ✓ | M33: 8 | N33: 8 | O33: 0.55 | P33: 0.3 | Q33: 0.35 | R33: SIM | S33: SIM | T33: 151.2569 | U33: OK PICK_DONE | V33: OK PICK_DONE | W33: ✓
A34: 3 | B34: 9 | C34: 0.52 | D34: 0.25 | E34: 0.35 | F34: SIM | G34: SIM | H34: 120.0995 | I34: OK PICK_DONE | J34: OK PICK_DONE | K34: ✓ | M34: 8 | N34: 9 | O34: 0.55 | P34: 0.3 | Q34: 0.35 | R34: SIM | S34: SIM | T34: 151.9668 | U34: OK PICK_DONE | V34: OK PICK_DONE | W34: ✓
A35: 3 | B35: 10 | C35: 0.52 | D35: 0.25 | E35: 0.35 | F35: SIM | G35: SIM | H35: 152.0126 | I35: OK PICK_DONE | J35: OK PICK_DONE | K35: ✓ | M35: 8 | N35: 10 | O35: 0.55 | P35: 0.3 | Q35: 0.35 | R35: SIM | S35: SIM | T35: 151.8421 | U35: OK PICK_DONE | V35: OK PICK_DONE | W35: ✓
G36: Média | H36: =AVERAGE(H26:H35) -> 149.30604 | S36: Média | T36: =AVERAGE(T26:T35) -> 152.87461
A37: Ciclo | B37: Repetição | C37: Pose X | D37: Pose Y | E37: Pose Z | F37: Validação (SIM/NÃO) | G37: Peça criada (SIM/NÃO) | H37: Tempo resposta (ms) | I37: Resultado esperado | J37: Resultado obtido | K37: Status (✓/✗) | M37: Ciclo | N37: Repetição | O37: Pose X | P37: Pose Y | Q37: Pose Z | R37: Validação (SIM/NÃO) | S37: Peça criada (SIM/NÃO) | T37: Tempo resposta (ms) | U37: Resultado esperado | V37: Resultado obtido | W37: Status (✓/✗)
A38: 4 | B38: 1 | C38: 0.7 | D38: -0.25 | E38: 0.35 | F38: SIM | G38: SIM | H38: 151.8235 | I38: OK PICK_DONE | J38: OK PICK_DONE | K38: ✓ | M38: 9 | N38: 1 | O38: 0.5 | P38: -0.3 | Q38: 0.35 | R38: SIM | S38: SIM | T38: 151.1631 | U38: OK PICK_DONE | V38: OK PICK_DONE | W38: ✓
A39: 4 | B39: 2 | C39: 0.7 | D39: -0.25 | E39: 0.35 | F39: SIM | G39: SIM | H39: 151.8672 | I39: OK PICK_DONE | J39: OK PICK_DONE | K39: ✓ | M39: 9 | N39: 2 | O39: 0.5 | P39: -0.3 | Q39: 0.35 | R39: SIM | S39: SIM | T39: 151.9928 | U39: OK PICK_DONE | V39: OK PICK_DONE | W39: ✓
A40: 4 | B40: 3 | C40: 0.7 | D40: -0.25 | E40: 0.35 | F40: SIM | G40: SIM | H40: 151.6366 | I40: OK PICK_DONE | J40: OK PICK_DONE | K40: ✓ | M40: 9 | N40: 3 | O40: 0.5 | P40: -0.3 | Q40: 0.35 | R40: SIM | S40: SIM | T40: 151.9761 | U40: OK PICK_DONE | V40: OK PICK_DONE | W40: ✓
A41: 4 | B41: 4 | C41: 0.7 | D41: -0.25 | E41: 0.35 | F41: SIM | G41: SIM | H41: 152.3657 | I41: OK PICK_DONE | J41: OK PICK_DONE | K41: ✓ | M41: 9 | N41: 4 | O41: 0.5 | P41: -0.3 | Q41: 0.35 | R41: SIM | S41: SIM | T41: 152.1318 | U41: OK PICK_DONE | V41: OK PICK_DONE | W41: ✓
A42: 4 | B42: 5 | C42: 0.7 | D42: -0.25 | E42: 0.35 | F42: SIM | G42: SIM | H42: 152.0212 | I42: OK PICK_DONE | J42: OK PICK_DONE | K42: ✓ | M42: 9 | N42: 5 | O42: 0.5 | P42: -0.3 | Q42: 0.35 | R42: SIM | S42: SIM | T42: 151.7551 | U42: OK PICK_DONE | V42: OK PICK_DONE | W42: ✓
A43: 4 | B43: 6 | C43: 0.7 | D43: -0.25 | E43: 0.35 | F43: SIM | G43: SIM | H43: 148.6753 | I43: OK PICK_DONE | J43: OK PICK_DONE | K43: ✓ | M43: 9 | N43: 6 | O43: 0.5 | P43: -0.3 | Q43: 0.35 | R43: SIM | S43: SIM | T43: 152.112 | U43: OK PICK_DONE | V43: OK PICK_DONE | W43: ✓
A44: 4 | B44: 7 | C44: 0.7 | D44: -0.25 | E44: 0.35 | F44: SIM | G44: SIM | H44: 152.0221 | I44: OK PICK_DONE | J44: OK PICK_DONE | K44: ✓ | M44: 9 | N44: 7 | O44: 0.5 | P44: -0.3 | Q44: 0.35 | R44: SIM | S44: SIM | T44: 152.5421 | U44: OK PICK_DONE | V44: OK PICK_DONE | W44: ✓
A45: 4 | B45: 8 | C45: 0.7 | D45: -0.25 | E45: 0.35 | F45: SIM | G45: SIM | H45: 150.698 | I45: OK PICK_DONE | J45: OK PICK_DONE | K45: ✓ | M45: 9 | N45: 8 | O45: 0.5 | P45: -0.3 | Q45: 0.35 | R45: SIM | S45: SIM | T45: 151.7284 | U45: OK PICK_DONE | V45: OK PICK_DONE | W45: ✓
A46: 4 | B46: 9 | C46: 0.7 | D46: -0.25 | E46: 0.35 | F46: SIM | G46: SIM | H46: 162.0431 | I46: OK PICK_DONE | J46: OK PICK_DONE | K46: ✓ | M46: 9 | N46: 9 | O46: 0.5 | P46: -0.3 | Q46: 0.35 | R46: SIM | S46: SIM | T46: 147.4965 | U46: OK PICK_DONE | V46: OK PICK_DONE | W46: ✓
A47: 4 | B47: 10 | C47: 0.52 | D47: -0.25 | E47: 0.35 | F47: SIM | G47: SIM | H47: 152.5292 | I47: OK PICK_DONE | J47: OK PICK_DONE | K47: ✓ | M47: 9 | N47: 10 | O47: 0.5 | P47: -0.3 | Q47: 0.35 | R47: SIM | S47: SIM | T47: 153.7588 | U47: OK PICK_DONE | V47: OK PICK_DONE | W47: ✓
G48: Média | H48: =AVERAGE(H38:H47) -> 152.56819 | S48: Média | T48: =AVERAGE(T38:T47) -> 151.66567
A49: Ciclo | B49: Repetição | C49: Pose X | D49: Pose Y | E49: Pose Z | F49: Validação (SIM/NÃO) | G49: Peça criada (SIM/NÃO) | H49: Tempo resposta (ms) | I49: Resultado esperado | J49: Resultado obtido | K49: Status (✓/✗) | M49: Ciclo | N49: Repetição | O49: Pose X | P49: Pose Y | Q49: Pose Z | R49: Validação (SIM/NÃO) | S49: Peça criada (SIM/NÃO) | T49: Tempo resposta (ms) | U49: Resultado esperado | V49: Resultado obtido | W49: Status (✓/✗)
A50: 5 | B50: 1 | C50: 0.62 | D50: 0.18 | E50: 0.35 | F50: SIM | G50: SIM | H50: 155.6973 | I50: OK PICK_DONE | J50: OK PICK_DONE | K50: ✓ | M50: 10 | N50: 1 | O50: 0.75 | P50: 0.3 | Q50: 0.35 | R50: SIM | S50: SIM | T50: 159.6415 | U50: OK PICK_DONE | V50: OK PICK_DONE | W50: ✓
A51: 5 | B51: 2 | C51: 0.62 | D51: 0.18 | E51: 0.35 | F51: SIM | G51: SIM | H51: 152.0994 | I51: OK PICK_DONE | J51: OK PICK_DONE | K51: ✓ | M51: 10 | N51: 2 | O51: 0.75 | P51: 0.3 | Q51: 0.35 | R51: SIM | S51: SIM | T51: 152.0512 | U51: OK PICK_DONE | V51: OK PICK_DONE | W51: ✓
A52: 5 | B52: 3 | C52: 0.62 | D52: 0.18 | E52: 0.35 | F52: SIM | G52: SIM | H52: 152.1919 | I52: OK PICK_DONE | J52: OK PICK_DONE | K52: ✓ | M52: 10 | N52: 3 | O52: 0.75 | P52: 0.3 | Q52: 0.35 | R52: SIM | S52: SIM | T52: 151.7828 | U52: OK PICK_DONE | V52: OK PICK_DONE | W52: ✓
A53: 5 | B53: 4 | C53: 0.62 | D53: 0.18 | E53: 0.35 | F53: SIM | G53: SIM | H53: 151.9523 | I53: OK PICK_DONE | J53: OK PICK_DONE | K53: ✓ | M53: 10 | N53: 4 | O53: 0.75 | P53: 0.3 | Q53: 0.35 | R53: SIM | S53: SIM | T53: 151.5344 | U53: OK PICK_DONE | V53: OK PICK_DONE | W53: ✓
A54: 5 | B54: 5 | C54: 0.62 | D54: 0.18 | E54: 0.35 | F54: SIM | G54: SIM | H54: 152.1189 | I54: OK PICK_DONE | J54: OK PICK_DONE | K54: ✓ | M54: 10 | N54: 5 | O54: 0.75 | P54: 0.3 | Q54: 0.35 | R54: SIM | S54: SIM | T54: 152.4341 | U54: OK PICK_DONE | V54: OK PICK_DONE | W54: ✓
A55: 5 | B55: 6 | C55: 0.62 | D55: 0.18 | E55: 0.35 | F55: SIM | G55: SIM | H55: 151.8147 | I55: OK PICK_DONE | J55: OK PICK_DONE | K55: ✓ | M55: 10 | N55: 6 | O55: 0.75 | P55: 0.3 | Q55: 0.35 | R55: SIM | S55: SIM | T55: 152.3049 | U55: OK PICK_DONE | V55: OK PICK_DONE | W55: ✓
A56: 5 | B56: 7 | C56: 0.62 | D56: 0.18 | E56: 0.35 | F56: SIM | G56: SIM | H56: 152.5493 | I56: OK PICK_DONE | J56: OK PICK_DONE | K56: ✓ | M56: 10 | N56: 7 | O56: 0.75 | P56: 0.3 | Q56: 0.35 | R56: SIM | S56: SIM | T56: 152.1719 | U56: OK PICK_DONE | V56: OK PICK_DONE | W56: ✓
A57: 5 | B57: 8 | C57: 0.62 | D57: 0.18 | E57: 0.35 | F57: SIM | G57: SIM | H57: 152.2031 | I57: OK PICK_DONE | J57: OK PICK_DONE | K57: ✓ | M57: 10 | N57: 8 | O57: 0.75 | P57: 0.3 | Q57: 0.35 | R57: SIM | S57: SIM | T57: 153.9531 | U57: OK PICK_DONE | V57: OK PICK_DONE | W57: ✓
A58: 5 | B58: 9 | C58: 0.62 | D58: 0.18 | E58: 0.35 | F58: SIM | G58: SIM | H58: 151.3426 | I58: OK PICK_DONE | J58: OK PICK_DONE | K58: ✓ | M58: 10 | N58: 9 | O58: 0.75 | P58: 0.3 | Q58: 0.35 | R58: SIM | S58: SIM | T58: 151.9287 | U58: OK PICK_DONE | V58: OK PICK_DONE | W58: ✓
A59: 5 | B59: 10 | C59: 0.62 | D59: 0.18 | E59: 0.35 | F59: SIM | G59: SIM | H59: 152.5195 | I59: OK PICK_DONE | J59: OK PICK_DONE | K59: ✓ | M59: 10 | N59: 10 | O59: 0.75 | P59: 0.3 | Q59: 0.35 | R59: SIM | S59: SIM | T59: 151.4128 | U59: OK PICK_DONE | V59: OK PICK_DONE | W59: ✓
G60: Média | H60: =AVERAGE(H50:H59) -> 152.4489 | S60: Média | T60: =AVERAGE(T50:T59) -> 152.92154

Sheet Métricas TARGET_POSE
A1: Ciclo | B1: Repetição | C1: Pose X | D1: Pose Y | E1: Pose Z | F1: Validação destino (SIM/NÃO) | G1: Aceitação/Rejeição | H1: Tempo resposta (ms) | I1: Resultado esperado | J1: Resultado obtido | K1: Status (✓/✗) | M1: Ciclo | N1: Repetição | O1: Pose X | P1: Pose Y | Q1: Pose Z | R1: Validação destino (SIM/NÃO) | S1: Aceitação/Rejeição | T1: Tempo resposta (ms) | U1: Resultado esperado | V1: Resultado obtido | W1: Status (✓/✗)
A2: 1 | B2: 1 | C2: 0.55 | D2: -0.2 | E2: 0.35 | F2: SIM | G2: Aceitação | H2: 1.863 | I2: OK TARGET_DONE | J2: OK TARGET_DONE | K2: ✓ | M2: 2 | N2: 1 | O2: 0.6 | P2: 0 | Q2: 0.35 | R2: SIM | S2: Aceitação | T2: 1.7669 | U2: OK TARGET_DONE | V2: OK TARGET_DONE | W2: ✓
A3: 1 | B3: 1 | C3: 0.7 | D3: 0.2 | E3: 0.42 | F3: SIM | G3: Aceitação | H3: 1.9202 | I3: OK TARGET_DONE | J3: OK TARGET_DONE | K3: ✓ | M3: 2 | N3: 1 | O3: 0.5 | P3: 0.25 | Q3: 0.42 | R3: SIM | S3: Aceitação | T3: 2.8882 | U3: OK TARGET_DONE | V3: OK TARGET_DONE | W3: ✓
A4: 1 | B4: 2 | C4: 0.55 | D4: -0.2 | E4: 0.35 | F4: SIM | G4: Aceitação | H4: 2.0883 | I4: OK TARGET_DONE | J4: OK TARGET_DONE | K4: ✓ | M4: 2 | N4: 2 | O4: 0.6 | P4: 0 | Q4: 0.35 | R4: SIM | S4: Aceitação | T4: 3.2291 | U4: OK TARGET_DONE | V4: OK TARGET_DONE | W4: ✓
A5: 1 | B5: 2 | C5: 0.7 | D5: 0.2 | E5: 0.42 | F5: SIM | G5: Aceitação | H5: 2.8312 | I5: OK TARGET_DONE | J5: OK TARGET_DONE | K5: ✓ | M5: 2 | N5: 2 | O5: 0.5 | P5: 0.25 | Q5: 0.42 | R5: SIM | S5: Aceitação | T5: 1.739 | U5: OK TARGET_DONE | V5: OK TARGET_DONE | W5: ✓
A6: 1 | B6: 3 | C6: 0.55 | D6: -0.2 | E6: 0.35 | F6: SIM | G6: Aceitação | H6: 1.6222 | I6: OK TARGET_DONE | J6: OK TARGET_DONE | K6: ✓ | M6: 2 | N6: 3 | O6: 0.6 | P6: 0 | Q6: 0.35 | R6: SIM | S6: Aceitação | T6: 1.5159 | U6: OK TARGET_DONE | V6: OK TARGET_DONE | W6: ✓
A7: 1 | B7: 3 | C7: 0.7 | D7: 0.2 | E7: 0.42 | F7: SIM | G7: Aceitação | H7: 1.4801 | I7: OK TARGET_DONE | J7: OK TARGET_DONE | K7: ✓ | M7: 2 | N7: 3 | O7: 0.5 | P7: 0.25 | Q7: 0.42 | R7: SIM | S7: Aceitação | T7: 1.802 | U7: OK TARGET_DONE | V7: OK TARGET_DONE | W7: ✓
A8: 1 | B8: 4 | C8: 0.55 | D8: -0.2 | E8: 0.35 | F8: SIM | G8: Aceitação | H8: 1.6222 | I8: OK TARGET_DONE | J8: OK TARGET_DONE | K8: ✓ | M8: 2 | N8: 4 | O8: 0.6 | P8: 0 | Q8: 0.35 | R8: SIM | S8: Aceitação | T8: 1.934 | U8: OK TARGET_DONE | V8: OK TARGET_DONE | W8: ✓
A9: 1 | B9: 4 | C9: 0.7 | D9: 0.2 | E9: 0.42 | F9: SIM | G9: Aceitação | H9: 1.4801 | I9: OK TARGET_DONE | J9: OK TARGET_DONE | K9: ✓ | M9: 2 | N9: 4 | O9: 0.5 | P9: 0.25 | Q9: 0.42 | R9: SIM | S9: Aceitação | T9: 1.9865 | U9: OK TARGET_DONE | V9: OK TARGET_DONE | W9: ✓
A10: 1 | B10: 5 | C10: 0.55 | D10: -0.2 | E10: 0.35 | F10: SIM | G10: Aceitação | H10: 1.8461 | I10: OK TARGET_DONE | J10: OK TARGET_DONE | K10: ✓ | M10: 2 | N10: 5 | O10: 0.6 | P10: 0 | Q10: 0.35 | R10: SIM | S10: Aceitação | T10: 2.0471 | U10: OK TARGET_DONE | V10: OK TARGET_DONE | W10: ✓
A11: 1 | B11: 5 | C11: 0.7 | D11: 0.2 | E11: 0.42 | F11: SIM | G11: Aceitação | H11: 2.6207 | I11: OK TARGET_DONE | J11: OK TARGET_DONE | K11: ✓ | M11: 2 | N11: 5 | O11: 0.5 | P11: 0.25 | Q11: 0.42 | R11: SIM | S11: Aceitação | T11: 1.8716 | U11: OK TARGET_DONE | V11: OK TARGET_DONE | W11: ✓
A12: 1 | B12: 6 | C12: 0.55 | D12: -0.2 | E12: 0.35 | F12: SIM | G12: Aceitação | H12: 2.0251 | I12: OK TARGET_DONE | J12: OK TARGET_DONE | K12: ✓ | M12: 2 | N12: 6 | O12: 0.6 | P12: 0 | Q12: 0.35 | R12: SIM | S12: Aceitação | T12: 2.5425 | U12: OK TARGET_DONE | V12: OK TARGET_DONE | W12: ✓
A13: 1 | B13: 6 | C13: 0.7 | D13: 0.2 | E13: 0.42 | F13: SIM | G13: Aceitação | H13: 1.7364 | I13: OK TARGET_DONE | J13: OK TARGET_DONE | K13: ✓ | M13: 2 | N13: 6 | O13: 0.5 | P13: 0.25 | Q13: 0.42 | R13: SIM | S13: Aceitação | T13: 2.0254 | U13: OK TARGET_DONE | V13: OK TARGET_DONE | W13: ✓
... A21: 1 | B21: 10 | C21: 0.7 | D21: 0.2 | E21: 0.42 | F21: SIM | G21: Aceitação | H21: 2.0235 | I21: OK TARGET_DONE | J21: OK TARGET_DONE | K21: ✓ | M21: 2 | N21: 10 | O21: 0.5 | P21: 0.25 | Q21: 0.42 | R21: SIM | S21: Aceitação | T21: 1.9956 | U21: OK TARGET_DONE | V21: OK TARGET_DONE | W21: ✓
G22: Média | H22: =AVERAGE(H2:H21) -> 1.878405 | S22: Média | T22: =AVERAGE(T2:T21) -> 2.221095
A23: Ciclo | B23: Repetição | C23: Pose X | D23: Pose Y | E23: Pose Z | F23: Validação destino (SIM/NÃO) | G23: Aceitação/Rejeição | H23: Tempo resposta (ms) | I23: Resultado esperado | J23: Resultado obtido | K23: Status (✓/✗) | M23: Ciclo | N23: Repetição | O23: Pose X | P23: Pose Y | Q23: Pose Z | R23: Validação destino (SIM/NÃO) | S23: Aceitação/Rejeição | T23: Tempo resposta (ms) | U23: Resultado esperado | V23: Resultado obtido | W23: Status (✓/✗)
A24: 3 | B24: 1 | C24: 0.52 | D24: 0.25 | E24: 0.35 | F24: SIM | G24: Aceitação | H24: 1.8642 | I24: OK TARGET_DONE | J24: OK TARGET_DONE | K24: ✓ | M24: 4 | N24: 1 | O24: 0.7 | P24: -0.25 | Q24: 0.35 | R24: SIM | S24: Aceitação | T24: 1.6856 | U24: OK TARGET_DONE | V24: OK TARGET_DONE | W24: ✓
A25: 3 | B25: 1 | C25: 0.72 | D25: -0.2 | E25: 0.42 | F25: SIM | G25: Aceitação | H25: 1.6754 | I25: OK TARGET_DONE | J25: OK TARGET_DONE | K25: ✓ | M25: 4 | N25: 1 | O25: 0.52 | P25: -0.25 | Q25: 0.42 | R25: SIM | S25: Aceitação | T25: 1.6775 | U25: OK TARGET_DONE | V25: OK TARGET_DONE | W25: ✓
A26: 3 | B26: 2 | C26: 0.52 | D26: 0.25 | E26: 0.35 | F26: SIM | G26: Aceitação | H26: 1.7283 | I26: OK TARGET_DONE | J26: OK TARGET_DONE | K26: ✓ | M26: 4 | N26: 2 | O26: 0.7 | P26: -0.25 | Q26: 0.35 | R26: SIM | S26: Aceitação | T26: 1.6598 | U26: OK TARGET_DONE | V26: OK TARGET_DONE | W26: ✓
A27: 3 | B27: 2 | C27: 0.72 | D27: -0.2 | E27: 0.42 | F27: SIM | G27: Aceitação | H27: 1.9629 | I27: OK TARGET_DONE | J27: OK TARGET_DONE | K27: ✓ | M27: 4 | N27: 2 | O27: 0.52 | P27: -0.25 | Q27: 0.42 | R27: SIM | S27: Aceitação | T27: 1.4706 | U27: OK TARGET_DONE | V27: OK TARGET_DONE | W27: ✓
A28: 3 | B28: 3 | C28: 0.52 | D28: 0.25 | E28: 0.35 | F28: SIM | G28: Aceitação | H28: 2.6596 | I28: OK TARGET_DONE | J28: OK TARGET_DONE | K28: ✓ | M28: 4 | N28: 3 | O28: 0.7 | P28: -0.25 | Q28: 0.35 | R28: SIM | S28: Aceitação | T28: 1.7114 | U28: OK TARGET_DONE | V28: OK TARGET_DONE | W28: ✓
A29: 3 | B29: 3 | C29: 0.72 | D29: -0.2 | E29: 0.42 | F29: SIM | G29: Aceitação | H29: 1.812 | I29: OK TARGET_DONE | J29: OK TARGET_DONE | K29: ✓ | M29: 4 | N29: 3 | O29: 0.52 | P29: -0.25 | Q29: 0.42 | R29: SIM | S29: Aceitação | T29: 1.585 | U29: OK TARGET_DONE | V29: OK TARGET_DONE | W29: ✓
A30: 3 | B30: 4 | C30: 0.52 | D30: 0.25 | E30: 0.35 | F30: SIM | G30: Aceitação | H30: 1.8268 | I30: OK TARGET_DONE | J30: OK TARGET_DONE | K30: ✓ | M30: 4 | N30: 4 | O30: 0.7 | P30: -0.25 | Q30: 0.35 | R30: SIM | S30: Aceitação | T30: 2.09 | U30: OK TARGET_DONE | V30: OK TARGET_DONE | W30: ✓
A31: 3 | B31: 4 | C31: 0.72 | D31: -0.2 | E31: 0.42 | F31: SIM | G31: Aceitação | H31: 1.5857 | I31: OK TARGET_DONE | J31: OK TARGET_DONE | K31: ✓ | M31: 4 | N31: 4 | O31: 0.52 | P31: -0.25 | Q31: 0.42 | R31: SIM | S31: Aceitação | T31: 2.9373 | U31: OK TARGET_DONE | V31: OK TARGET_DONE | W31: ✓
A32: 3 | B32: 5 | C32: 0.52 | D32: 0.25 | E32: 0.35 | F32: SIM | G32: Aceitação | H32: 2.2752 | I32: OK TARGET_DONE | J32: OK TARGET_DONE | K32: ✓ | M32: 4 | N32: 5 | O32: 0.7 | P32: -0.25 | Q32: 0.35 | R32: SIM | S32: Aceitação | T32: 1.5385 | U32: OK TARGET_DONE | V32: OK TARGET_DONE | W32: ✓
A33: 3 | B33: 5 | C33: 0.72 | D33: -0.2 | E33: 0.42 | F33: SIM | G33: Aceitação | H33: 1.6742 | I33: OK TARGET_DONE | J33: OK TARGET_DONE | K33: ✓ | M33: 4 | N33: 5 | O33: 0.52 | P33: -0.25 | Q33: 0.42 | R33: SIM | S33: Aceitação | T33: 3.0162 | U33: OK TARGET_DONE | V33: OK TARGET_DONE | W33: ✓
A34: 3 | B34: 6 | C34: 0.52 | D34: 0.25 | E34: 0.35 | F34: SIM | G34: Aceitação | H34: 1.9295 | I34: OK TARGET_DONE | J34: OK TARGET_DONE | K34: ✓ | M34: 4 | N34: 6 | O34: 0.7 | P34: -0.25 | Q34: 0.35 | R34: SIM | S34: Aceitação | T34: 1.8439 | U34: OK TARGET_DONE | V34: OK TARGET_DONE | W34: ✓
A35: 3 | B35: 6 | C35: 0.72 | D35: -0.2 | E35: 0.42 | F35: SIM | G35: Aceitação | H35: 2.9301 | I35: OK TARGET_DONE | J35: OK TARGET_DONE | K35: ✓ | M35: 4 | N35: 6 | O35: 0.52 | P35: -0.25 | Q35: 0.42 | R35: SIM | S35: Aceitação | T35: 1.7278 | U35: OK TARGET_DONE | V35: OK TARGET_DONE | W35: ✓
... A43: 3 | B43: 10 | C43: 0.72 | D43: -0.2 | E43: 0.42 | F43: SIM | G43: Aceitação | H43: 2.1536 | I43: OK TARGET_DONE | J43: OK TARGET_DONE | K43: ✓ | M43: 4 | N43: 10 | O43: 0.52 | P43: -0.25 | Q43: 0.42 | R43: SIM | S43: Aceitação | T43: 1.873 | U43: OK TARGET_DONE | V43: OK TARGET_DONE | W43: ✓
G44: Média | H44: =AVERAGE(H24:H43) -> 1.938595 | S44: Média | T44: =AVERAGE(T24:T43) -> 1.891855
A45: Ciclo | B45: Repetição | C45: Pose X | D45: Pose Y | E45: Pose Z | F45: Validação destino (SIM/NÃO) | G45: Aceitação/Rejeição | H45: Tempo resposta (ms) | I45: Resultado esperado | J45: Resultado obtido | K45: Status (✓/✗) | M45: Ciclo | N45: Repetição | O45: Pose X | P45: Pose Y | Q45: Pose Z | R45: Validação destino (SIM/NÃO) | S45: Aceitação/Rejeição | T45: Tempo resposta (ms) | U45: Resultado esperado | V45: Resultado obtido | W45: Status (✓/✗)
A46: 5 | B46: 1 | C46: 0.62 | D46: 0.18 | E46: 0.35 | F46: SIM | G46: Aceitação | H46: 1.6365 | I46: OK TARGET_DONE | J46: OK TARGET_DONE | K46: ✓ | M46: 6 | N46: 1 | O46: 0.5 | P46: -0.3 | Q46: 0.35 | R46: SIM | S46: Aceitação | T46: 1.7896 | U46: OK TARGET_DONE | V46: OK TARGET_DONE | W46: ✓
A47: 5 | B47: 1 | C47: 0.72 | D47: 0.28 | E47: 0.42 | F47: SIM | G47: Aceitação | H47: 2.0521 | I47: OK TARGET_DONE | J47: OK TARGET_DONE | K47: ✓ | M47: 6 | N47: 1 | O47: 0.75 | P47: 0.1 | Q47: 0.42 | R47: SIM | S47: Aceitação | T47: 2.6116 | U47: OK TARGET_DONE | V47: OK TARGET_DONE | W47: ✓
A48: 5 | B48: 2 | C48: 0.62 | D48: 0.18 | E48: 0.35 | F48: SIM | G48: Aceitação | H48: 1.5466 | I48: OK TARGET_DONE | J48: OK TARGET_DONE | K48: ✓ | M48: 6 | N48: 2 | O48: 0.5 | P48: -0.3 | Q48: 0.35 | R48: SIM | S48: Aceitação | T48: 1.9436 | U48: OK TARGET_DONE | V48: OK TARGET_DONE | W48: ✓
A49: 5 | B49: 2 | C49: 0.72 | D49: 0.28 | E49: 0.42 | F49: SIM | G49: Aceitação | H49: 1.6193 | I49: OK TARGET_DONE | J49: OK TARGET_DONE | K49: ✓ | M49: 6 | N49: 2 | O49: 0.75 | P49: 0.1 | Q49: 0.42 | R49: SIM | S49: Aceitação | T49: 2.198 | U49: OK TARGET_DONE | V49: OK TARGET_DONE | W49: ✓
A50: 5 | B50: 3 | C50: 0.62 | D50: 0.18 | E50: 0.35 | F50: SIM | G50: Aceitação | H50: 2.8617 | I50: OK TARGET_DONE | J50: OK TARGET_DONE | K50: ✓ | M50: 6 | N50: 3 | O50: 0.5 | P50: -0.3 | Q50: 0.35 | R50: SIM | S50: Aceitação | T50: 1.7622 | U50: OK TARGET_DONE | V50: OK TARGET_DONE | W50: ✓
A51: 5 | B51: 3 | C51: 0.72 | D51: 0.28 | E51: 0.42 | F51: SIM | G51: Aceitação | H51: 2.9683 | I51: OK TARGET_DONE | J51: OK TARGET_DONE | K51: ✓ | M51: 6 | N51: 3 | O51: 0.75 | P51: 0.1 | Q51: 0.42 | R51: SIM | S51: Aceitação | T51: 2.1009 | U51: OK TARGET_DONE | V51: OK TARGET_DONE | W51: ✓
A52: 5 | B52: 4 | C52: 0.62 | D52: 0.18 | E52: 0.35 | F52: SIM | G52: Aceitação | H52: 1.8072 | I52: OK TARGET_DONE | J52: OK TARGET_DONE | K52: ✓ | M52: 6 | N52: 4 | O52: 0.5 | P52: -0.3 | Q52: 0.35 | R52: SIM | S52: Aceitação | T52: 2.0564 | U52: OK TARGET_DONE | V52: OK TARGET_DONE | W52: ✓
A53: 5 | B53: 4 | C53: 0.72 | D53: 0.28 | E53: 0.42 | F53: SIM | G53: Aceitação | H53: 1.9119 | I53: OK TARGET_DONE | J53: OK TARGET_DONE | K53: ✓ | M53: 6 | N53: 4 | O53: 0.75 | P53: 0.1 | Q53: 0.42 | R53: SIM | S53: Aceitação | T53: 2.2185 | U53: OK TARGET_DONE | V53: OK TARGET_DONE | W53: ✓
A54: 5 | B54: 5 | C54: 0.62 | D54: 0.18 | E54: 0.35 | F54: SIM | G54: Aceitação | H54: 1.9355 | I54: OK TARGET_DONE | J54: OK TARGET_DONE | K54: ✓ | M54: 6 | N54: 5 | O54: 0.5 | P54: -0.3 | Q54: 0.35 | R54: SIM | S54: Aceitação | T54: 1.6861 | U54: OK TARGET_DONE | V54: OK TARGET_DONE | W54: ✓
A55: 5 | B55: 5 | C55: 0.72 | D55: 0.28 | E55: 0.42 | F55: SIM | G55: Aceitação | H55: 2.7595 | I55: OK TARGET_DONE | J55: OK TARGET_DONE | K55: ✓ | M55: 6 | N55: 5 | O55: 0.75 | P55: 0.1 | Q55: 0.42 | R55: SIM | S55: Aceitação | T55: 3.1998 | U55: OK TARGET_DONE | V55: OK TARGET_DONE | W55: ✓
A56: 5 | B56: 6 | C56: 0.62 | D56: 0.18 | E56: 0.35 | F56: SIM | G56: Aceitação | H56: 1.9298 | I56: OK TARGET_DONE | J56: OK TARGET_DONE | K56: ✓ | M56: 6 | N56: 6 | O56: 0.5 | P56: -0.3 | Q56: 0.35 | R56: SIM | S56: Aceitação | T56: 1.6477 | U56: OK TARGET_DONE | V56: OK TARGET_DONE | W56: ✓
A57: 5 | B57: 6 | C57: 0.72 | D57: 0.28 | E57: 0.42 | F57: SIM | G57: Aceitação | H57: 1.9007 | I57: OK TARGET_DONE | J57: OK TARGET_DONE | K57: ✓ | M57: 6 | N57: 6 | O57: 0.75 | P57: 0.1 | Q57: 0.42 | R57: SIM | S57: Aceitação | T57: 1.8783 | U57: OK TARGET_DONE | V57: OK TARGET_DONE | W57: ✓
... A65: 5 | B65: 10 | C65: 0.72 | D65: 0.28 | E65: 0.42 | F65: SIM | G65: Aceitação | H65: 1.4441 | I65: OK TARGET_DONE | J65: OK TARGET_DONE | K65: ✓ | M65: 6 | N65: 10 | O65: 0.75 | P65: 0.1 | Q65: 0.42 | R65: SIM | S65: Aceitação | T65: 1.5605 | U65: OK TARGET_DONE | V65: OK TARGET_DONE | W65: ✓
G66: Média | H66: =AVERAGE(H46:H65) -> 2.00889 | S66: Média | T66: =AVERAGE(T46:T65) -> 1.924
A67: Ciclo | B67: Repetição | C67: Pose X | D67: Pose Y | E67: Pose Z | F67: Validação destino (SIM/NÃO) | G67: Aceitação/Rejeição | H67: Tempo resposta (ms) | I67: Resultado esperado | J67: Resultado obtido | K67: Status (✓/✗) | M67: Ciclo | N67: Repetição | O67: Pose X | P67: Pose Y | Q67: Pose Z | R67: Validação destino (SIM/NÃO) | S67: Aceitação/Rejeição | T67: Tempo resposta (ms) | U67: Resultado esperado | V67: Resultado obtido | W67: Status (✓/✗)
A68: 7 | B68: 1 | C68: 0.75 | D68: -0.1 | E68: 0.35 | F68: SIM | G68: Aceitação | H68: 1.7071 | I68: OK TARGET_DONE | J68: OK TARGET_DONE | K68: ✓ | M68: 8 | N68: 1 | O68: 0.55 | P68: 0.3 | Q68: 0.35 | R68: SIM | S68: Aceitação | T68: 1.3294 | U68: OK TARGET_DONE | V68: OK TARGET_DONE | W68: ✓
A69: 7 | B69: 1 | C69: 0.5 | D69: 0.3 | E69: 0.42 | F69: SIM | G69: Aceitação | H69: 1.9329 | I69: OK TARGET_DONE | J69: OK TARGET_DONE | K69: ✓ | M69: 8 | N69: 1 | O69: 0.75 | P69: -0.25 | Q69: 0.42 | R69: SIM | S69: Aceitação | T69: 1.5965 | U69: OK TARGET_DONE | V69: OK TARGET_DONE | W69: ✓
A70: 7 | B70: 2 | C70: 0.75 | D70: -0.1 | E70: 0.35 | F70: SIM | G70: Aceitação | H70: 2.0618 | I70: OK TARGET_DONE | J70: OK TARGET_DONE | K70: ✓ | M70: 8 | N70: 2 | O70: 0.55 | P70: 0.3 | Q70: 0.35 | R70: SIM | S70: Aceitação | T70: 1.807 | U70: OK TARGET_DONE | V70: OK TARGET_DONE | W70: ✓
A71: 7 | B71: 2 | C71: 0.5 | D71: 0.3 | E71: 0.42 | F71: SIM | G71: Aceitação | H71: 1.8332 | I71: OK TARGET_DONE | J71: OK TARGET_DONE | K71: ✓ | M71: 8 | N71: 2 | O71: 0.75 | P71: -0.25 | Q71: 0.42 | R71: SIM | S71: Aceitação | T71: 1.94 | U71: OK TARGET_DONE | V71: OK TARGET_DONE | W71: ✓
A72: 7 | B72: 3 | C72: 0.75 | D72: -0.1 | E72: 0.35 | F72: SIM | G72: Aceitação | H72: 1.442 | I72: OK TARGET_DONE | J72: OK TARGET_DONE | K72: ✓ | M72: 8 | N72: 3 | O72: 0.55 | P72: 0.3 | Q72: 0.35 | R72: SIM | S72: Aceitação | T72: 2.1501 | U72: OK TARGET_DONE | V72: OK TARGET_DONE | W72: ✓
A73: 7 | B73: 3 | C73: 0.5 | D73: 0.3 | E73: 0.42 | F73: SIM | G73: Aceitação | H73: 2.4388 | I73: OK TARGET_DONE | J73: OK TARGET_DONE | K73: ✓ | M73: 8 | N73: 3 | O73: 0.75 | P73: -0.25 | Q73: 0.42 | R73: SIM | S73: Aceitação | T73: 2.1265 | U73: OK TARGET_DONE | V73: OK TARGET_DONE | W73: ✓
A74: 7 | B74: 4 | C74: 0.75 | D74: -0.1 | E74: 0.35 | F74: SIM | G74: Aceitação | H74: 1.6196 | I74: OK TARGET_DONE | J74: OK TARGET_DONE | K74: ✓ | M74: 8 | N74: 4 | O74: 0.55 | P74: 0.3 | Q74: 0.35 | R74: SIM | S74: Aceitação | T74: 2.7037 | U74: OK TARGET_DONE | V74: OK TARGET_DONE | W74: ✓
A75: 7 | B75: 4 | C75: 0.5 | D75: 0.3 | E75: 0.42 | F75: SIM | G75: Aceitação | H75: 2.3296 | I75: OK TARGET_DONE | J75: OK TARGET_DONE | K75: ✓ | M75: 8 | N75: 4 | O75: 0.75 | P75: -0.25 | Q75: 0.42 | R75: SIM | S75: Aceitação | T75: 2.4032 | U75: OK TARGET_DONE | V75: OK TARGET_DONE | W75: ✓
A76: 7 | B76: 5 | C76: 0.75 | D76: -0.1 | E76: 0.35 | F76: SIM | G76: Aceitação | H76: 1.6029 | I76: OK TARGET_DONE | J76: OK TARGET_DONE | K76: ✓ | M76: 8 | N76: 5 | O76: 0.55 | P76: 0.3 | Q76: 0.35 | R76: SIM | S76: Aceitação | T76: 1.6677 | U76: OK TARGET_DONE | V76: OK TARGET_DONE | W76: ✓
A77: 7 | B77: 5 | C77: 0.5 | D77: 0.3 | E77: 0.42 | F77: SIM | G77: Aceitação | H77: 1.9593 | I77: OK TARGET_DONE | J77: OK TARGET_DONE | K77: ✓ | M77: 8 | N77: 5 | O77: 0.75 | P77: -0.25 | Q77: 0.42 | R77: SIM | S77: Aceitação | T77: 1.9727 | U77: OK TARGET_DONE | V77: OK TARGET_DONE | W77: ✓
A78: 7 | B78: 6 | C78: 0.75 | D78: -0.1 | E78: 0.35 | F78: SIM | G78: Aceitação | H78: 1.8685 | I78: OK TARGET_DONE | J78: OK TARGET_DONE | K78: ✓ | M78: 8 | N78: 6 | O78: 0.55 | P78: 0.3 | Q78: 0.35 | R78: SIM | S78: Aceitação | T78: 1.8339 | U78: OK TARGET_DONE | V78: OK TARGET_DONE | W78: ✓
A79: 7 | B79: 6 | C79: 0.5 | D79: 0.3 | E79: 0.42 | F79: SIM | G79: Aceitação | H79: 1.636 | I79: OK TARGET_DONE | J79: OK TARGET_DONE | K79: ✓ | M79: 8 | N79: 6 | O79: 0.75 | P79: -0.25 | Q79: 0.42 | R79: SIM | S79: Aceitação | T79: 2.3603 | U79: OK TARGET_DONE | V79: OK TARGET_DONE | W79: ✓
... A87: 7 | B87: 10 | C87: 0.5 | D87: 0.3 | E87: 0.42 | F87: SIM | G87: Aceitação | H87: 1.6167 | I87: OK TARGET_DONE | J87: OK TARGET_DONE | K87: ✓ | M87: 8 | N87: 10 | O87: 0.75 | P87: -0.25 | Q87: 0.42 | R87: SIM | S87: Aceitação | T87: 1.5535 | U87: OK TARGET_DONE | V87: OK TARGET_DONE | W87: ✓
G88: Média | H88: =AVERAGE(H68:H87) -> 1.75213 | S88: Média | T88: =AVERAGE(T68:T87) -> 1.97884
A89: Ciclo | B89: Repetição | C89: Pose X | D89: Pose Y | E89: Pose Z | F89: Validação destino (SIM/NÃO) | G89: Aceitação/Rejeição | H89: Tempo resposta (ms) | I89: Resultado esperado | J89: Resultado obtido | K89: Status (✓/✗) | M89: Ciclo | N89: Repetição | O89: Pose X | P89: Pose Y | Q89: Pose Z | R89: Validação destino (SIM/NÃO) | S89: Aceitação/Rejeição | T89: Tempo resposta (ms) | U89: Resultado esperado | V89: Resultado obtido | W89: Status (✓/✗)
A90: 9 | B90: 1 | C90: 0.5 | D90: -0.3 | E90: 0.35 | F90: SIM | G90: Aceitação | H90: 2.3789 | I90: OK TARGET_DONE | J90: OK TARGET_DONE | K90: ✓ | M90: 10 | N90: 1 | O90: 0.75 | P90: 0.3 | Q90: 0.35 | R90: SIM | S90: Aceitação | T90: 3.1376 | U90: OK TARGET_DONE | V90: OK TARGET_DONE | W90: ✓
A91: 9 | B91: 1 | C91: 0.75 | D91: 0.3 | E91: 0.42 | F91: SIM | G91: Aceitação | H91: 2.2445 | I91: OK TARGET_DONE | J91: OK TARGET_DONE | K91: ✓ | M91: 10 | N91: 1 | O91: 0.5 | P91: -0.3 | Q91: 0.42 | R91: SIM | S91: Aceitação | T91: 1.8649 | U91: OK TARGET_DONE | V91: OK TARGET_DONE | W91: ✓
A92: 9 | B92: 2 | C92: 0.5 | D92: -0.3 | E92: 0.35 | F92: SIM | G92: Aceitação | H92: 1.879 | I92: OK TARGET_DONE | J92: OK TARGET_DONE | K92: ✓ | M92: 10 | N92: 2 | O92: 0.75 | P92: 0.3 | Q92: 0.35 | R92: SIM | S92: Aceitação | T92: 2.0778 | U92: OK TARGET_DONE | V92: OK TARGET_DONE | W92: ✓
A93: 9 | B93: 2 | C93: 0.75 | D93: 0.3 | E93: 0.42 | F93: SIM | G93: Aceitação | H93: 1.9622 | I93: OK TARGET_DONE | J93: OK TARGET_DONE | K93: ✓ | M93: 10 | N93: 2 | O93: 0.5 | P93: -0.3 | Q93: 0.42 | R93: SIM | S93: Aceitação | T93: 1.8723 | U93: OK TARGET_DONE | V93: OK TARGET_DONE | W93: ✓
A94: 9 | B94: 3 | C94: 0.5 | D94: -0.3 | E94: 0.35 | F94: SIM | G94: Aceitação | H94: 2.1794 | I94: OK TARGET_DONE | J94: OK TARGET_DONE | K94: ✓ | M94: 10 | N94: 3 | O94: 0.75 | P94: 0.3 | Q94: 0.35 | R94: SIM | S94: Aceitação | T94: 1.8654 | U94: OK TARGET_DONE | V94: OK TARGET_DONE | W94: ✓
A95: 9 | B95: 3 | C95: 0.75 | D95: 0.3 | E95: 0.42 | F95: SIM | G95: Aceitação | H95: 1.574 | I95: OK TARGET_DONE | J95: OK TARGET_DONE | K95: ✓ | M95: 10 | N95: 3 | O95: 0.5 | P95: -0.3 | Q95: 0.42 | R95: SIM | S95: Aceitação | T95: 2.9664 | U95: OK TARGET_DONE | V95: OK TARGET_DONE | W95: ✓
A96: 9 | B96: 4 | C96: 0.5 | D96: -0.3 | E96: 0.35 | F96: SIM | G96: Aceitação | H96: 1.7142 | I96: OK TARGET_DONE | J96: OK TARGET_DONE | K96: ✓ | M96: 10 | N96: 4 | O96: 0.75 | P96: 0.3 | Q96: 0.35 | R96: SIM | S96: Aceitação | T96: 2.0216 | U96: OK TARGET_DONE | V96: OK TARGET_DONE | W96: ✓
A97: 9 | B97: 4 | C97: 0.75 | D97: 0.3 | E97: 0.42 | F97: SIM | G97: Aceitação | H97: 2.1551 | I97: OK TARGET_DONE | J97: OK TARGET_DONE | K97: ✓ | M97: 10 | N97: 4 | O97: 0.5 | P97: -0.3 | Q97: 0.42 | R97: SIM | S97: Aceitação | T97: 2.2898 | U97: OK TARGET_DONE | V97: OK TARGET_DONE | W97: ✓
A98: 9 | B98: 5 | C98: 0.5 | D98: -0.3 | E98: 0.35 | F98: SIM | G98: Aceitação | H98: 2.4319 | I98: OK TARGET_DONE | J98: OK TARGET_DONE | K98: ✓ | M98: 10 | N98: 5 | O98: 0.75 | P98: 0.3 | Q98: 0.35 | R98: SIM | S98: Aceitação | T98: 1.8857 | U98: OK TARGET_DONE | V98: OK TARGET_DONE | W98: ✓
A99: 9 | B99: 5 | C99: 0.75 | D99: 0.3 | E99: 0.42 | F99: SIM | G99: Aceitação | H99: 1.9183 | I99: OK TARGET_DONE | J99: OK TARGET_DONE | K99: ✓ | M99: 10 | N99: 5 | O99: 0.5 | P99: -0.3 | Q99: 0.42 | R99: SIM | S99: Aceitação | T99: 4.9717 | U99: OK TARGET_DONE | V99: OK TARGET_DONE | W99: ✓
A100: 9 | B100: 6 | C100: 0.5 | D100: -0.3 | E100: 0.35 | F100: SIM | G100: Aceitação | H100: 2.0492 | I100: OK TARGET_DONE | J100: OK TARGET_DONE | K100: ✓ | M100: 10 | N100: 6 | O100: 0.75 | P100: 0.3 | Q100: 0.35 | R100: SIM | S100: Aceitação | T100: 7.6418 | U100: OK TARGET_DONE | V100: OK TARGET_DONE | W100: ✓
A101: 9 | B101: 6 | C101: 0.75 | D101: 0.3 | E101: 0.42 | F101: SIM | G101: Aceitação | H101: 2.2047 | I101: OK TARGET_DONE | J101: OK TARGET_DONE | K101: ✓ | M101: 10 | N101: 6 | O101: 0.5 | P101: -0.3 | Q101: 0.42 | R101: SIM | S101: Aceitação | T101: 1.7817 | U101: OK TARGET_DONE | V101: OK TARGET_DONE | W101: ✓
... A109: 9 | B109: 10 | C109: 0.75 | D109: 0.3 | E109: 0.42 | F109: SIM | G109: Aceitação | H109: 2.445 | I109: OK TARGET_DONE | J109: OK TARGET_DONE | K109: ✓ | M109: 10 | N109: 10 | O109: 0.5 | P109: -0.3 | Q109: 0.42 | R109: SIM | S109: Aceitação | T109: 2.1541 | U109: OK TARGET_DONE | V109: OK TARGET_DONE | W109: ✓
G110: Média | H110: =AVERAGE(H90:H109) -> 2.11121 | S110: Média | T110: =AVERAGE(T90:T109) -> 2.546605

Sheet Métricas IR_POSE
A1: Ciclo 1
A2: Repetição | B2: Tipo (Pick/Place) | C2: Pose X alvo (m) | D2: Pose Y alvo (m) | E2: Pose Z alvo (m) | F2: Pose X real (m) | H2: Pose Y real (m) | J2: Pose Z real (m) | L2: Erro X (mm) | N2: Erro Y (mm) | P2: Erro Z (mm) | R2: Erro euclidiano (mm) | T2: Desvio Padrão X (m) | V2: Desvio Padrão Y (m) | X2: Desvio Padrão Z (m) | Z2: Tempo planeamento (s) | AB2: Tempo execução (s) | AD2: Tempo total (s) | AF2: Sucesso / Falha | AG2: Trajetória alterada entre simulado e real (SIM / NÃO) | AH2: N.º tentativas | AI2: Status (✓ / ✗)
F3: Real | G3: Simulado | H3: Real | I3: Simulado | J3: Real | K3: Simulado | L3: Real | M3: Simulado | N3: Real | O3: Simulado | P3: Real | Q3: Simulado | R3: Real | S3: Simulado | T3: Real | U3: Simulado | V3: Real | W3: Simulado | X3: Real | Y3: Simulado | Z3: Simulado | AA3: Real | AB3: Simulado | AC3: Real | AD3: Simulado | AE3: Real
A4: 1 | B4: Pick | C4: 0.55 | D4: -0.2 | E4: 0.35 | F4: 0.5503 | G4: 0.5499 | H4: -0.1994 | I4: -0.2004 | J4: 0.3999 | K4: 0.35 | L4: =ABS(F4-C4)*1000 -> 0.3 | M4: =ABS(G4-C4)*1000 -> 0.1 | N4: =ABS(H4-D4)*1000 -> 0.6 | O4: =ABS(I4-D4)*1000 -> 0.4 | P4: =ABS(J4-E4)*1000 -> 49.9 | Q4: =ABS(K4-E4)*1000 -> 0 | R4: =SQRT(SUMSQ(L4,N4,P4)) -> 49.904509 | S4: =SQRT(SUMSQ(M4,O4,Q4)) -> 0.41231056 | T4: =_xlfn.STDEV.S(F4:F23) -> 0.076960531 | U4: =_xlfn.STDEV.S(G4:G23) -> 0.07694431 | V4: =_xlfn.STDEV.S(H4:H23) -> 0.20485822 | W4: =_xlfn.STDEV.S(I4:I23) -> 0.20525263 | X4: =_xlfn.STDEV.S(J4:J23) -> 0.036022263 | Y4: =_xlfn.STDEV.S(K4:K23) -> 0.03583934 | Z4: 0.5499 | AA4: 0.5568 | AB4: 5.7748 | AC4: 8.6633 | AD4: =AB4+Z4 -> 6.3247 | AE4: =AC4+AA4 -> 9.2201 | AF4: Sucesso | AG4: NÃO | AH4: 1 | AI4: ✓
A5: 1 | B5: Place | C5: 0.7 | D5: 0.2 | E5: 0.42 | F5: 0.7 | G5: 0.7001 | H5: 0.1985 | I5: 0.2003 | J5: 0.4704 | K5: 0.4198 | L5: =ABS(F5-C5)*1000 -> 0 | M5: =ABS(G5-C5)*1000 -> 0.1 | N5: =ABS(H5-D5)*1000 -> 1.5 | O5: =ABS(I5-D5)*1000 -> 0.3 | P5: =ABS(J5-E5)*1000 -> 50.4 | Q5: =ABS(K5-E5)*1000 -> 0.2 | R5: =SQRT(SUMSQ(L5,N5,P5)) -> 50.422316 | S5: =SQRT(SUMSQ(M5,O5,Q5)) -> 0.37416574 | Z5: 0.5377 | AA5: 0.5452 | AB5: 7.0453 | AC5: 8.9175 | AD5: =AB5+Z5 -> 7.583 | AE5: =AC5+AA5 -> 9.4627 | AF5: Sucesso | AG5: NÃO | AH5: 1 | AI5: ✓
A6: 2 | B6: Pick | C6: 0.55 | D6: -0.2 | E6: 0.35 | F6: 0.5495 | G6: 0.5503 | H6: -0.2007 | I6: -0.2005 | J6: 0.4004 | K6: 0.3496 | L6: =ABS(F6-C6)*1000 -> 0.5 | M6: =ABS(G6-C6)*1000 -> 0.3 | N6: =ABS(H6-D6)*1000 -> 0.7 | O6: =ABS(I6-D6)*1000 -> 0.5 | P6: =ABS(J6-E6)*1000 -> 50.4 | Q6: =ABS(K6-E6)*1000 -> 0.4 | R6: =SQRT(SUMSQ(L6,N6,P6)) -> 50.407341 | S6: =SQRT(SUMSQ(M6,O6,Q6)) -> 0.70710678 | Z6: 0.5476 | AA6: 0.5397 | AB6: 7.0447 | AC6: 8.3768 | AD6: =AB6+Z6 -> 7.5923 | AE6: =AC6+AA6 -> 8.9165 | AF6: Sucesso | AG6: NÃO | AH6: 1 | AI6: ✓
A7: 2 | B7: Place | C7: 0.7 | D7: 0.2 | E7: 0.42 | F7: 0.7007 | G7: 0.7005 | H7: 0.199 | I7: 0.2004 | J7: 0.4701 | K7: 0.4204 | L7: =ABS(F7-C7)*1000 -> 0.7 | M7: =ABS(G7-C7)*1000 -> 0.5 | N7: =ABS(H7-D7)*1000 -> 1 | O7: =ABS(I7-D7)*1000 -> 0.4 | P7: =ABS(J7-E7)*1000 -> 50.1 | Q7: =ABS(K7-E7)*1000 -> 0.4 | R7: =SQRT(SUMSQ(L7,N7,P7)) -> 50.114868 | S7: =SQRT(SUMSQ(M7,O7,Q7)) -> 0.75498344 | Z7: 0.54663 | AA7: 0.5287 | AB7: 7.0579 | AC7: 7.2565 | AD7: =AB7+Z7 -> 7.60453 | AE7: =AC7+AA7 -> 7.7852 | AF7: Sucesso | AG7: NÃO | AH7: 1 | AI7: ✓
A8: 3 | B8: Pick | C8: 0.55 | D8: -0.2 | E8: 0.35 | F8: 0.5497 | G8: 0.5494 | H8: -0.1996 | I8: -0.1995 | J8: 0.4004 | K8: 0.3504 | L8: =ABS(F8-C8)*1000 -> 0.3 | M8: =ABS(G8-C8)*1000 -> 0.6 | N8: =ABS(H8-D8)*1000 -> 0.4 | O8: =ABS(I8-D8)*1000 -> 0.5 | P8: =ABS(J8-E8)*1000 -> 50.4 | Q8: =ABS(K8-E8)*1000 -> 0.4 | R8: =SQRT(SUMSQ(L8,N8,P8)) -> 50.40248 | S8: =SQRT(SUMSQ(M8,O8,Q8)) -> 0.87749644 | Z8: 0.5506 | AA8: 0.5258 | AB8: 7.0635 | AC8: 8.7325 | AD8: =AB8+Z8 -> 7.6141 | AE8: =AC8+AA8 -> 9.2583 | AF8: Sucesso | AG8: NÃO | AH8: 1 | AI8: ✓
A9: 3 | B9: Place | C9: 0.7 | D9: 0.2 | E9: 0.42 | F9: 0.701 | G9: 0.7002 | H9: 0.1992 | I9: 0.1996 | J9: 0.4702 | K9: 0.4204 | L9: =ABS(F9-C9)*1000 -> 1 | M9: =ABS(G9-C9)*1000 -> 0.2 | N9: =ABS(H9-D9)*1000 -> 0.8 | O9: =ABS(I9-D9)*1000 -> 0.4 | P9: =ABS(J9-E9)*1000 -> 50.2 | Q9: =ABS(K9-E9)*1000 -> 0.4 | R9: =SQRT(SUMSQ(L9,N9,P9)) -> 50.216332 | S9: =SQRT(SUMSQ(M9,O9,Q9)) -> 0.6 | Z9: 0.6024 | AA9: 0.5479 | AB9: 7.0443 | AC9: 9.6724 | AD9: =AB9+Z9 -> 7.6467 | AE9: =AC9+AA9 -> 10.2203 | AF9: Sucesso | AG9: NÃO | AH9: 1 | AI9: ✓
A10: 4 | B10: Pick | C10: 0.55 | D10: -0.2 | E10: 0.35 | F10: 0.5497 | G10: 0.5496 | H10: -0.2005 | I10: -0.1995 | J10: 0.3992 | K10: 0.3504 | L10: =ABS(F10-C10)*1000 -> 0.3 | M10: =ABS(G10-C10)*1000 -> 0.4 | N10: =ABS(H10-D10)*1000 -> 0.5 | O10: =ABS(I10-D10)*1000 -> 0.5 | P10: =ABS(J10-E10)*1000 -> 49.2 | Q10: =ABS(K10-E10)*1000 -> 0.4 | R10: =SQRT(SUMSQ(L10,N10,P10)) -> 49.203455 | S10: =SQRT(SUMSQ(M10,O10,Q10)) -> 0.75498344 | Z10: 0.5506 | AA10: 0.5359 | AB10: 7.0635 | AC10: 8.8219 | AD10: =AB10+Z10 -> 7.6141 | AE10: =AC10+AA10 -> 9.3578 | AF10: Sucesso | AG10: NÃO | AH10: 1 | AI10: ✓
A11: 4 | B11: Place | C11: 0.7 | D11: 0.2 | E11: 0.42 | F11: 0.6989 | G11: 0.7002 | H11: 0.1996 | I11: 0.1996 | J11: 0.4698 | K11: 0.4204 | L11: =ABS(F11-C11)*1000 -> 1.1 | M11: =ABS(G11-C11)*1000 -> 0.2 | N11: =ABS(H11-D11)*1000 -> 0.4 | O11: =ABS(I11-D11)*1000 -> 0.4 | P11: =ABS(J11-E11)*1000 -> 49.8 | Q11: =ABS(K11-E11)*1000 -> 0.4 | R11: =SQRT(SUMSQ(L11,N11,P11)) -> 49.813753 | S11: =SQRT(SUMSQ(M11,O11,Q11)) -> 0.6 | Z11: 0.6024 | AA11: 0.4331 | AB11: 7.0443 | AC11: 7.2138 | AD11: =AB11+Z11 -> 7.6467 | AE11: =AC11+AA11 -> 7.6469 | AF11: Sucesso | AG11: NÃO | AH11: 1 | AI11: ✓
A12: 5 | B12: Pick | C12: 0.55 | D12: -0.2 | E12: 0.35 | F12: 0.5495 | G12: 0.5503 | H12: -0.2008 | I12: -0.2008 | J12: 0.4012 | K12: 0.3496 | L12: =ABS(F12-C12)*1000 -> 0.5 | M12: =ABS(G12-C12)*1000 -> 0.3 | N12: =ABS(H12-D12)*1000 -> 0.8 | O12: =ABS(I12-D12)*1000 -> 0.8 | P12: =ABS(J12-E12)*1000 -> 51.2 | Q12: =ABS(K12-E12)*1000 -> 0.4 | R12: =SQRT(SUMSQ(L12,N12,P12)) -> 51.208691 | S12: =SQRT(SUMSQ(M12,O12,Q12)) -> 0.94339811 | Z12: 0.5338 | AA12: 0.5404 | AB12: 7.0512 | AC12: 8.3639 | AD12: =AB12+Z12 -> 7.585 | AE12: =AC12+AA12 -> 8.9043 | AF12: Sucesso | AG12: NÃO | AH12: 1 | AI12: ✓
A13: 5 | B13: Place | C13: 0.7 | D13: 0.2 | E13: 0.42 | F13: 0.7001 | G13: 0.6996 | H13: 0.1989 | I13: 0.2006 | J13: 0.4709 | K13: 0.4201 | L13: =ABS(F13-C13)*1000 -> 0.1 | M13: =ABS(G13-C13)*1000 -> 0.4 | N13: =ABS(H13-D13)*1000 -> 1.1 | O13: =ABS(I13-D13)*1000 -> 0.6 | P13: =ABS(J13-E13)*1000 -> 50.9 | Q13: =ABS(K13-E13)*1000 -> 0.1 | R13: =SQRT(SUMSQ(L13,N13,P13)) -> 50.911983 | S13: =SQRT(SUMSQ(M13,O13,Q13)) -> 0.72801099 | Z13: 0.6472 | AA13: 0.5284 | AB13: 7.0461 | AC13: 7.2703 | AD13: =AB13+Z13 -> 7.6933 | AE13: =AC13+AA13 -> 7.7987 | AF13: Sucesso | AG13: NÃO | AH13: 1 | AI13: ✓
A14: 6 | B14: Pick | C14: 0.55 | D14: -0.2 | E14: 0.35 | F14: 0.55 | G14: 0.5499 | H14: -0.1994 | I14: -0.2007 | J14: 0.4004 | K14: 0.3501 | L14: =ABS(F14-C14)*1000 -> 0 | M14: =ABS(G14-C14)*1000 -> 0.1 | N14: =ABS(H14-D14)*1000 -> 0.6 | O14: =ABS(I14-D14)*1000 -> 0.7 | P14: =ABS(J14-E14)*1000 -> 50.4 | Q14: =ABS(K14-E14)*1000 -> 0.1 | R14: =SQRT(SUMSQ(L14,N14,P14)) -> 50.403571 | S14: =SQRT(SUMSQ(M14,O14,Q14)) -> 0.71414284 | Z14: 0.5451 | AA14: 0.558 | AB14: 7.057 | AC14: 9.6507 | AD14: =AB14+Z14 -> 7.6021 | AE14: =AC14+AA14 -> 10.2087 | AF14: Sucesso | AG14: NÃO | AH14: 1 | AI14: ✓
A15: 6 | B15: Place | C15: 0.7 | D15: 0.2 | E15: 0.42 | F15: 0.7004 | G15: 0.6997 | H15: 0.2001 | I15: 0.1997 | J15: 0.4714 | K15: 0.4195 | L15: =ABS(F15-C15)*1000 -> 0.4 | M15: =ABS(G15-C15)*1000 -> 0.3 | N15: =ABS(H15-D15)*1000 -> 0.1 | O15: =ABS(I15-D15)*1000 -> 0.3 | P15: =ABS(J15-E15)*1000 -> 51.4 | Q15: =ABS(K15-E15)*1000 -> 0.5 | R15: =SQRT(SUMSQ(L15,N15,P15)) -> 51.401654 | S15: =SQRT(SUMSQ(M15,O15,Q15)) -> 0.65574385 | Z15: 0.5509 | AA15: 0.5398 | AB15: 7.0517 | AC15: 9.037 | AD15: =AB15+Z15 -> 7.6026 | AE15: =AC15+AA15 -> 9.5768 | AF15: Sucesso | AG15: NÃO | AH15: 1 | AI15: ✓
A16: 7 | B16: Pick | C16: 0.55 | D16: -0.2 | E16: 0.35 | F16: 0.5501 | G16: 0.5505 | H16: -0.1993 | I16: -0.2001 | J16: 0.4002 | K16: 0.3504 | L16: =ABS(F16-C16)*1000 -> 0.1 | M16: =ABS(G16-C16)*1000 -> 0.5 | N16: =ABS(H16-D16)*1000 -> 0.7 | O16: =ABS(I16-D16)*1000 -> 0.1 | P16: =ABS(J16-E16)*1000 -> 50.2 | Q16: =ABS(K16-E16)*1000 -> 0.4 | R16: =SQRT(SUMSQ(L16,N16,P16)) -> 50.20498 | S16: =SQRT(SUMSQ(M16,O16,Q16)) -> 0.64807407 | Z16: 0.5222 | AA16: 0.5557 | AB16: 7.0449 | AC16: 8.8342 | AD16: =AB16+Z16 -> 7.5671 | AE16: =AC16+AA16 -> 9.3899 | AF16: Sucesso | AG16: NÃO | AH16: 1 | AI16: ✓
... A23: 10 | B23: Place | C23: 0.7 | D23: 0.2 | E23: 0.42 | F23: 0.7003 | G23: 0.6993 | H23: 0.1984 | I23: 0.2004 | J23: 0.4698 | K23: 0.4195 | L23: =ABS(F23-C23)*1000 -> 0.3 | M23: =ABS(G23-C23)*1000 -> 0.7 | N23: =ABS(H23-D23)*1000 -> 1.6 | O23: =ABS(I23-D23)*1000 -> 0.4 | P23: =ABS(J23-E23)*1000 -> 49.8 | Q23: =ABS(K23-E23)*1000 -> 0.5 | R23: =SQRT(SUMSQ(L23,N23,P23)) -> 49.826599 | S23: =SQRT(SUMSQ(M23,O23,Q23)) -> 0.9486833 | Z23: 0.6486 | AA23: 0.5583 | AB23: 7.0392 | AC23: 9.2757 | AD23: =AB23+Z23 -> 7.6878 | AE23: =AC23+AA23 -> 9.834 | AF23: Sucesso | AG23: NÃO | AH23: 1 | AI23: ✓
A24: Diferença entre real e simulado | F24: =AVERAGE(F4:F23)-AVERAGE(G4:G23) -> 7.5e-05 | H24: =AVERAGE(H4:H23)-AVERAGE(I4:I23) -> -0.000225 | J24: =AVERAGE(J4:J23)-AVERAGE(K4:K23) -> 0.050125 | L24: =AVERAGE(L4:L23)-AVERAGE(M4:M23) -> 0.065 | N24: =AVERAGE(N4:N23)-AVERAGE(O4:O23) -> 0.275 | P24: =AVERAGE(P4:P23)-AVERAGE(Q4:Q23) -> 49.845 | R24: =AVERAGE(R4:R23)-AVERAGE(S4:S23) -> 49.491955 | T24: =AVERAGE(T4:T23)-AVERAGE(U4:U23) -> 1.622072e-05 | V24: =AVERAGE(V4:V23)-AVERAGE(W4:W23) -> -0.00039441423 | X24: =AVERAGE(X4:X23)-AVERAGE(Y4:Y23) -> 0.00018292288 | Z24: =AVERAGE(AA4:AA23)-AVERAGE(Z4:Z23) -> -0.0241515 | AB24: =AVERAGE(AC4:AC23)-AVERAGE(AB4:AB23) -> 1.772625 | AD24: =AVERAGE(AE4:AE23)-AVERAGE(AD4:AD23) -> 1.7484735
A25: Ciclo 2
A26: Repetição | B26: Tipo (Pick/Place) | C26: Pose X alvo (m) | D26: Pose Y alvo (m) | E26: Pose Z alvo (m) | F26: Pose X real (m) | H26: Pose Y real (m) | J26: Pose Z real (m) | L26: Erro X (mm) | N26: Erro Y (mm) | P26: Erro Z (mm) | R26: Erro euclidiano (mm) | T26: Desvio Padrão X (m) | V26: Desvio Padrão Y (m) | X26: Desvio Padrão Z (m) | Z26: Tempo planeamento (s) | AB26: Tempo execução (s) | AD26: Tempo total (s) | AF26: Sucesso / Falha | AG26: Trajetória alterada entre simulado e real (SIM / NÃO) | AH26: N.º tentativas | AI26: Status (✓ / ✗)
F27: Real | G27: Simulado | H27: Real | I27: Simulado | J27: Real | K27: Simulado | L27: Real | M27: Simulado | N27: Real | O27: Simulado | P27: Real | Q27: Simulado | R27: Real | S27: Simulado | T27: Real | U27: Simulado | V27: Real | W27: Simulado | X27: Real | Y27: Simulado | Z27: Simulado | AA27: Real | AB27: Simulado | AC27: Real | AD27: Simulado | AE27: Real
A28: 1 | B28: Pick | C28: 0.6 | D28: 0 | E28: 0.35 | F28: 0.5998 | G28: 0.6 | H28: 0.0003 | I28: 0.0002 | J28: 0.4 | K28: 0.3495 | L28: =ABS(F28-C28)*1000 -> 0.2 | M28: =ABS(G28-C28)*1000 -> 0 | N28: =ABS(H28-D28)*1000 -> 0.3 | O28: =ABS(I28-D28)*1000 -> 0.2 | P28: =ABS(J28-E28)*1000 -> 50 | Q28: =ABS(K28-E28)*1000 -> 0.5 | R28: =SQRT(SUMSQ(L28,N28,P28)) -> 50.0013 | S28: =SQRT(SUMSQ(M28,O28,Q28)) -> 0.53851648 | T28: =_xlfn.STDEV.S(F28:F47) -> 0.051401242 | U28: =_xlfn.STDEV.S(G28:G47) -> 0.051309962 | V28: =_xlfn.STDEV.S(H28:H47) -> 0.12814092 | W28: =_xlfn.STDEV.S(I28:I47) -> 0.12828413 | X28: =_xlfn.STDEV.S(J28:J47) -> 0.035944176 | Y28: =_xlfn.STDEV.S(K28:K47) -> 0.035865293 | Z28: 0.5589 | AA28: 0.567 | AB28: 7.0352 | AC28: 8.8171 | AD28: =AB28+Z28 -> 7.5941 | AE28: =AC28+AA28 -> 9.3841 | AF28: Sucesso | AG28: NÃO | AH28: 1 | AI28: ✓
A29: 1 | B29: Place | C29: 0.5 | D29: 0.25 | E29: 0.42 | F29: 0.4993 | G29: 0.5 | H29: 0.2504 | I29: 0.2506 | J29: 0.4696 | K29: 0.4204 | L29: =ABS(F29-C29)*1000 -> 0.7 | M29: =ABS(G29-C29)*1000 -> 0 | N29: =ABS(H29-D29)*1000 -> 0.4 | O29: =ABS(I29-D29)*1000 -> 0.6 | P29: =ABS(J29-E29)*1000 -> 49.6 | Q29: =ABS(K29-E29)*1000 -> 0.4 | R29: =SQRT(SUMSQ(L29,N29,P29)) -> 49.606552 | S29: =SQRT(SUMSQ(M29,O29,Q29)) -> 0.72111026 | Z29: 0.5621 | AA29: 0.5654 | AB29: 7.0342 | AC29: 10.9812 | AD29: =AB29+Z29 -> 7.5963 | AE29: =AC29+AA29 -> 11.5466 | AF29: Sucesso | AG29: NÃO | AH29: 1 | AI29: ✓
A30: 2 | B30: Pick | C30: 0.6 | D30: 0 | E30: 0.35 | F30: 0.6005 | G30: 0.5998 | H30: -0.0001 | I30: -0.0007 | J30: 0.4003 | K30: 0.3503 | L30: =ABS(F30-C30)*1000 -> 0.5 | M30: =ABS(G30-C30)*1000 -> 0.2 | N30: =ABS(H30-D30)*1000 -> 0.1 | O30: =ABS(I30-D30)*1000 -> 0.7 | P30: =ABS(J30-E30)*1000 -> 50.3 | Q30: =ABS(K30-E30)*1000 -> 0.3 | R30: =SQRT(SUMSQ(L30,N30,P30)) -> 50.302584 | S30: =SQRT(SUMSQ(M30,O30,Q30)) -> 0.78740079 | Z30: 0.5447 | AA30: 0.567 | AB30: 7.045 | AC30: 11.7254 | AD30: =AB30+Z30 -> 7.5897 | AE30: =AC30+AA30 -> 12.2924 | AF30: Sucesso | AG30: NÃO | AH30: 1 | AI30: ✓
A31: 2 | B31: Place | C31: 0.5 | D31: 0.25 | E31: 0.42 | F31: 0.5002 | G31: 0.4998 | H31: 0.2498 | I31: 0.2509 | J31: 0.47 | K31: 0.42 | L31: =ABS(F31-C31)*1000 -> 0.2 | M31: =ABS(G31-C31)*1000 -> 0.2 | N31: =ABS(H31-D31)*1000 -> 0.2 | O31: =ABS(I31-D31)*1000 -> 0.9 | P31: =ABS(J31-E31)*1000 -> 50 | Q31: =ABS(K31-E31)*1000 -> 0 | R31: =SQRT(SUMSQ(L31,N31,P31)) -> 50.0008 | S31: =SQRT(SUMSQ(M31,O31,Q31)) -> 0.92195445 | Z31: 0.5554 | AA31: 0.5299 | AB31: 7.0515 | AC31: 7.184 | AD31: =AB31+Z31 -> 7.6069 | AE31: =AC31+AA31 -> 7.7139 | AF31: Sucesso | AG31: NÃO | AH31: 1 | AI31: ✓
A32: 3 | B32: Pick | C32: 0.6 | D32: 0 | E32: 0.35 | F32: 0.5998 | G32: 0.6004 | H32: -0.0008 | I32: 0.0006 | J32: 0.3996 | K32: 0.3501 | L32: =ABS(F32-C32)*1000 -> 0.2 | M32: =ABS(G32-C32)*1000 -> 0.4 | N32: =ABS(H32-D32)*1000 -> 0.8 | O32: =ABS(I32-D32)*1000 -> 0.6 | P32: =ABS(J32-E32)*1000 -> 49.6 | Q32: =ABS(K32-E32)*1000 -> 0.1 | R32: =SQRT(SUMSQ(L32,N32,P32)) -> 49.606854 | S32: =SQRT(SUMSQ(M32,O32,Q32)) -> 0.72801099 | Z32: 0.5447 | AA32: 0.5384 | AB32: 7.0394 | AC32: 8.8259 | AD32: =AB32+Z32 -> 7.5841 | AE32: =AC32+AA32 -> 9.3643 | AF32: Sucesso | AG32: NÃO | AH32: 1 | AI32: ✓
A33: 3 | B33: Place | C33: 0.5 | D33: 0.25 | E33: 0.42 | F33: 0.499 | G33: 0.5003 | H33: 0.249 | I33: 0.2501 | J33: 0.4694 | K33: 0.4192 | L33: =ABS(F33-C33)*1000 -> 1 | M33: =ABS(G33-C33)*1000 -> 0.3 | N33: =ABS(H33-D33)*1000 -> 1 | O33: =ABS(I33-D33)*1000 -> 0.1 | P33: =ABS(J33-E33)*1000 -> 49.4 | Q33: =ABS(K33-E33)*1000 -> 0.8 | R33: =SQRT(SUMSQ(L33,N33,P33)) -> 49.420239 | S33: =SQRT(SUMSQ(M33,O33,Q33)) -> 0.86023253 | Z33: 0.5418 | AA33: 0.5394 | AB33: 7.0476 | AC33: 7.13244 | AD33: =AB33+Z33 -> 7.5894 | AE33: =AC33+AA33 -> 7.67184 | AF33: Sucesso | AG33: NÃO | AH33: 1 | AI33: ✓
A34: 4 | B34: Pick | C34: 0.6 | D34: 0 | E34: 0.35 | F34: 0.6011 | G34: 0.6005 | H34: -0.0004 | I34: 0.0004 | J34: 0.4009 | K34: 0.3495 | L34: =ABS(F34-C34)*1000 -> 1.1 | M34: =ABS(G34-C34)*1000 -> 0.5 | N34: =ABS(H34-D34)*1000 -> 0.4 | O34: =ABS(I34-D34)*1000 -> 0.4 | P34: =ABS(J34-E34)*1000 -> 50.9 | Q34: =ABS(K34-E34)*1000 -> 0.5 | R34: =SQRT(SUMSQ(L34,N34,P34)) -> 50.913456 | S34: =SQRT(SUMSQ(M34,O34,Q34)) -> 0.81240384 | Z34: 0.5378 | AA34: 0.5373 | AB34: 7.0307 | AC34: 8.3726 | AD34: =AB34+Z34 -> 7.5685 | AE34: =AC34+AA34 -> 8.9099 | AF34: Sucesso | AG34: NÃO | AH34: 1 | AI34: ✓
A35: 4 | B35: Place | C35: 0.5 | D35: 0.25 | E35: 0.42 | F35: 0.5001 | G35: 0.5003 | H35: 0.2487 | I35: 0.2493 | J35: 0.4707 | K35: 0.4195 | L35: =ABS(F35-C35)*1000 -> 0.1 | M35: =ABS(G35-C35)*1000 -> 0.3 | N35: =ABS(H35-D35)*1000 -> 1.3 | O35: =ABS(I35-D35)*1000 -> 0.7 | P35: =ABS(J35-E35)*1000 -> 50.7 | Q35: =ABS(K35-E35)*1000 -> 0.5 | R35: =SQRT(SUMSQ(L35,N35,P35)) -> 50.716763 | S35: =SQRT(SUMSQ(M35,O35,Q35)) -> 0.91104336 | Z35: 0.5494 | AA35: 0.5367 | AB35: 7.0617 | AC35: 7.1747 | AD35: =AB35+Z35 -> 7.6111 | AE35: =AC35+AA35 -> 7.7114 | AF35: Sucesso | AG35: NÃO | AH35: 1 | AI35: ✓
A36: 5 | B36: Pick | C36: 0.6 | D36: 0 | E36: 0.35 | F36: 0.6007 | G36: 0.6002 | H36: -0.0006 | I36: 0.0001 | J36: 0.401 | K36: 0.3503 | L36: =ABS(F36-C36)*1000 -> 0.7 | M36: =ABS(G36-C36)*1000 -> 0.2 | N36: =ABS(H36-D36)*1000 -> 0.6 | O36: =ABS(I36-D36)*1000 -> 0.1 | P36: =ABS(J36-E36)*1000 -> 51 | Q36: =ABS(K36-E36)*1000 -> 0.3 | R36: =SQRT(SUMSQ(L36,N36,P36)) -> 51.008333 | S36: =SQRT(SUMSQ(M36,O36,Q36)) -> 0.37416574 | Z36: 0.5459 | AA36: 0.541 | AB36: 7.0456 | AC36: 8.3183 | AD36: =AB36+Z36 -> 7.5915 | AE36: =AC36+AA36 -> 8.8593 | AF36: Sucesso | AG36: NÃO | AH36: 1 | AI36: ✓
A37: 5 | B37: Place | C37: 0.5 | D37: 0.25 | E37: 0.42 | F37: 0.4999 | G37: 0.5005 | H37: 0.2498 | I37: 0.2498 | J37: 0.4711 | K37: 0.4205 | L37: =ABS(F37-C37)*1000 -> 0.1 | M37: =ABS(G37-C37)*1000 -> 0.5 | N37: =ABS(H37-D37)*1000 -> 0.2 | O37: =ABS(I37-D37)*1000 -> 0.2 | P37: =ABS(J37-E37)*1000 -> 51.1 | Q37: =ABS(K37-E37)*1000 -> 0.5 | R37: =SQRT(SUMSQ(L37,N37,P37)) -> 51.100489 | S37: =SQRT(SUMSQ(M37,O37,Q37)) -> 0.73484692 | Z37: 0.5408 | AA37: 0.5265 | AB37: 7.0603 | AC37: 7.1853 | AD37: =AB37+Z37 -> 7.6011 | AE37: =AC37+AA37 -> 7.7118 | AF37: Sucesso | AG37: NÃO | AH37: 1 | AI37: ✓
A38: 6 | B38: Pick | C38: 0.6 | D38: 0 | E38: 0.35 | F38: 0.6003 | G38: 0.6004 | H38: 0.0004 | I38: 0 | J38: 0.3999 | K38: 0.3495 | L38: =ABS(F38-C38)*1000 -> 0.3 | M38: =ABS(G38-C38)*1000 -> 0.4 | N38: =ABS(H38-D38)*1000 -> 0.4 | O38: =ABS(I38-D38)*1000 -> 0 | P38: =ABS(J38-E38)*1000 -> 49.9 | Q38: =ABS(K38-E38)*1000 -> 0.5 | R38: =SQRT(SUMSQ(L38,N38,P38)) -> 49.902505 | S38: =SQRT(SUMSQ(M38,O38,Q38)) -> 0.64031242 | Z38: 0.5648 | AA38: 0.5476 | AB38: 7.0386 | AC38: 8.8632 | AD38: =AB38+Z38 -> 7.6034 | AE38: =AC38+AA38 -> 9.4108 | AF38: Sucesso | AG38: NÃO | AH38: 1 | AI38: ✓
A39: 6 | B39: Place | C39: 0.5 | D39: 0.25 | E39: 0.42 | F39: 0.5017 | G39: 0.4997 | H39: 0.2495 | I39: 0.2497 | J39: 0.4704 | K39: 0.4202 | L39: =ABS(F39-C39)*1000 -> 1.7 | M39: =ABS(G39-C39)*1000 -> 0.3 | N39: =ABS(H39-D39)*1000 -> 0.5 | O39: =ABS(I39-D39)*1000 -> 0.3 | P39: =ABS(J39-E39)*1000 -> 50.4 | Q39: =ABS(K39-E39)*1000 -> 0.2 | R39: =SQRT(SUMSQ(L39,N39,P39)) -> 50.431141 | S39: =SQRT(SUMSQ(M39,O39,Q39)) -> 0.46904158 | Z39: 0.5435 | AA39: 0.5656 | AB39: 7.0618 | AC39: 8.9458 | AD39: =AB39+Z39 -> 7.6053 | AE39: =AC39+AA39 -> 9.5114 | AF39: Sucesso | AG39: NÃO | AH39: 1 | AI39: ✓
A40: 7 | B40: Pick | C40: 0.6 | D40: 0 | E40: 0.35 | F40: 0.6002 | G40: 0.6001 | H40: 0.0006 | I40: 0.0009 | J40: 0.4008 | K40: 0.35 | L40: =ABS(F40-C40)*1000 -> 0.2 | M40: =ABS(G40-C40)*1000 -> 0.1 | N40: =ABS(H40-D40)*1000 -> 0.6 | O40: =ABS(I40-D40)*1000 -> 0.9 | P40: =ABS(J40-E40)*1000 -> 50.8 | Q40: =ABS(K40-E40)*1000 -> 0 | R40: =SQRT(SUMSQ(L40,N40,P40)) -> 50.803937 | S40: =SQRT(SUMSQ(M40,O40,Q40)) -> 0.90553851 | Z40: 0.542 | AA40: 0.5655 | AB40: 7.0557 | AC40: 9.6304 | AD40: =AB40+Z40 -> 7.5977 | AE40: =AC40+AA40 -> 10.1959 | AF40: Sucesso | AG40: NÃO | AH40: 1 | AI40: ✓
... A47: 10 | B47: Place | C47: 0.5 | D47: 0.25 | E47: 0.42 | F47: 0.5011 | G47: 0.5003 | H47: 0.249 | I47: 0.2502 | J47: 0.4705 | K47: 0.4198 | L47: =ABS(F47-C47)*1000 -> 1.1 | M47: =ABS(G47-C47)*1000 -> 0.3 | N47: =ABS(H47-D47)*1000 -> 1 | O47: =ABS(I47-D47)*1000 -> 0.2 | P47: =ABS(J47-E47)*1000 -> 50.5 | Q47: =ABS(K47-E47)*1000 -> 0.2 | R47: =SQRT(SUMSQ(L47,N47,P47)) -> 50.521876 | S47: =SQRT(SUMSQ(M47,O47,Q47)) -> 0.41231056 | Z47: 0.5474 | AA47: 0.4222 | AB47: 7.0403 | AC47: 7.0995 | AD47: =AB47+Z47 -> 7.5877 | AE47: =AC47+AA47 -> 7.5217 | AF47: Sucesso | AG47: NÃO | AH47: 1 | AI47: ✓
A48: Diferença entre real e simulado | F48: =AVERAGE(F28:F47)-AVERAGE(G28:G47) -> -5e-06 | H48: =AVERAGE(H28:H47)-AVERAGE(I28:I47) -> -0.00034 | J48: =AVERAGE(J28:J47)-AVERAGE(K28:K47) -> 0.050235 | L48: =AVERAGE(L28:L47)-AVERAGE(M28:M47) -> 0.265 | N48: =AVERAGE(N28:N47)-AVERAGE(O28:O47) -> 0.12 | P48: =AVERAGE(P28:P47)-AVERAGE(Q28:Q47) -> 49.885 | R48: =AVERAGE(R28:R47)-AVERAGE(S28:S47) -> 49.528581 | T48: =AVERAGE(T28:T47)-AVERAGE(U28:U47) -> 9.1279695e-05 | V48: =AVERAGE(V28:V47)-AVERAGE(W28:W47) -> -0.00014320302 | X48: =AVERAGE(X28:X47)-AVERAGE(Y28:Y47) -> 7.8883088e-05 | Z48: =AVERAGE(AA28:AA47)-AVERAGE(Z28:Z47) -> -0.007205 | AB48: =AVERAGE(AC28:AC47)-AVERAGE(AB28:AB47) -> 1.617257 | AD48: =AVERAGE(AE28:AE47)-AVERAGE(AD28:AD47) -> 1.610052
A49: Ciclo 3
A50: Repetição | B50: Tipo (Pick/Place) | C50: Pose X alvo (m) | D50: Pose Y alvo (m) | E50: Pose Z alvo (m) | F50: Pose X real (m) | H50: Pose Y real (m) | J50: Pose Z real (m) | L50: Erro X (mm) | N50: Erro Y (mm) | P50: Erro Z (mm) | R50: Erro euclidiano (mm) | T50: Desvio Padrão X (m) | V50: Desvio Padrão Y (m) | X50: Desvio Padrão Z (m) | Z50: Tempo planeamento (s) | AB50: Tempo execução (s) | AD50: Tempo total (s) | AF50: Sucesso / Falha | AG50: Trajetória alterada entre simulado e real (SIM / NÃO) | AH50: N.º tentativas | AI50: Status (✓ / ✗)
F51: Real | G51: Simulado | H51: Real | I51: Simulado | J51: Real | K51: Simulado | L51: Real | M51: Simulado | N51: Real | O51: Simulado | P51: Real | Q51: Simulado | R51: Real | S51: Simulado | T51: Real | U51: Simulado | V51: Real | W51: Simulado | X51: Real | Y51: Simulado | Z51: Simulado | AA51: Real | AB51: Simulado | AC51: Real | AD51: Simulado | AE51: Real
A52: 1 | B52: Pick | C52: 0.52 | D52: 0.25 | E52: 0.35 | F52: 0.5196 | G52: 0.5204 | H52: 0.2501 | I52: 0.2504 | J52: 0.4002 | K52: 0.3507 | L52: =ABS(F52-C52)*1000 -> 0.4 | M52: =ABS(G52-C52)*1000 -> 0.4 | N52: =ABS(H52-D52)*1000 -> 0.1 | O52: =ABS(I52-D52)*1000 -> 0.4 | P52: =ABS(J52-E52)*1000 -> 50.2 | Q52: =ABS(K52-E52)*1000 -> 0.7 | R52: =SQRT(SUMSQ(L52,N52,P52)) -> 50.201693 | S52: =SQRT(SUMSQ(M52,O52,Q52)) -> 0.9 | T52: =_xlfn.STDEV.S(F52:F71) -> 0.10266145 | U52: =_xlfn.STDEV.S(G52:G71) -> 0.10258292 | V52: =_xlfn.STDEV.S(H52:H71) -> 0.23113857 | W52: =_xlfn.STDEV.S(I52:I71) -> 0.23094805 | X52: =_xlfn.STDEV.S(J52:J71) -> 0.03620915 | Y52: =_xlfn.STDEV.S(K52:K71) -> 0.035866352 | Z52: 0.5519 | AA52: 0.6717 | AB52: 7.0453 | AC52: 10.219 | AD52: =AB52+Z52 -> 7.5972 | AE52: =AC52+AA52 -> 10.8907 | AF52: Sucesso | AG52: NÃO | AH52: 1 | AI52: ✓
A53: 1 | B53: Place | C53: 0.72 | D53: -0.2 | E53: 0.42 | F53: 0.7202 | G53: 0.7203 | H53: -0.2008 | I53: -0.2005 | J53: 0.4697 | K53: 0.4208 | L53: =ABS(F53-C53)*1000 -> 0.2 | M53: =ABS(G53-C53)*1000 -> 0.3 | N53: =ABS(H53-D53)*1000 -> 0.8 | O53: =ABS(I53-D53)*1000 -> 0.5 | P53: =ABS(J53-E53)*1000 -> 49.7 | Q53: =ABS(K53-E53)*1000 -> 0.8 | R53: =SQRT(SUMSQ(L53,N53,P53)) -> 49.706841 | S53: =SQRT(SUMSQ(M53,O53,Q53)) -> 0.98994949 | Z53: 0.54 | AA53: 0.5505 | AB53: 7.5797 | AC53: 9.2818 | AD53: =AB53+Z53 -> 8.1197 | AE53: =AC53+AA53 -> 9.8323 | AF53: Sucesso | AG53: NÃO | AH53: 1 | AI53: ✓
A54: 2 | B54: Pick | C54: 0.52 | D54: 0.25 | E54: 0.35 | F54: 0.5207 | G54: 0.5206 | H54: 0.2487 | I54: 0.2498 | J54: 0.3999 | K54: 0.3505 | L54: =ABS(F54-C54)*1000 -> 0.7 | M54: =ABS(G54-C54)*1000 -> 0.6 | N54: =ABS(H54-D54)*1000 -> 1.3 | O54: =ABS(I54-D54)*1000 -> 0.2 | P54: =ABS(J54-E54)*1000 -> 49.9 | Q54: =ABS(K54-E54)*1000 -> 0.5 | R54: =SQRT(SUMSQ(L54,N54,P54)) -> 49.921839 | S54: =SQRT(SUMSQ(M54,O54,Q54)) -> 0.80622577 | Z54: 0.5418 | AA54: 0.5718 | AB54: 7.0481 | AC54: 10.1417 | AD54: =AB54+Z54 -> 7.5899 | AE54: =AC54+AA54 -> 10.7135 | AF54: Sucesso | AG54: NÃO | AH54: 1 | AI54: ✓
A55: 2 | B55: Place | C55: 0.72 | D55: -0.2 | E55: 0.42 | F55: 0.7204 | G55: 0.7204 | H55: -0.2005 | I55: -0.2002 | J55: 0.4711 | K55: 0.4195 | L55: =ABS(F55-C55)*1000 -> 0.4 | M55: =ABS(G55-C55)*1000 -> 0.4 | N55: =ABS(H55-D55)*1000 -> 0.5 | O55: =ABS(I55-D55)*1000 -> 0.2 | P55: =ABS(J55-E55)*1000 -> 51.1 | Q55: =ABS(K55-E55)*1000 -> 0.5 | R55: =SQRT(SUMSQ(L55,N55,P55)) -> 51.104012 | S55: =SQRT(SUMSQ(M55,O55,Q55)) -> 0.67082039 | Z55: 0.5549 | AA55: 0.5327 | AB55: 7.0452 | AC55: 7.3917 | AD55: =AB55+Z55 -> 7.6001 | AE55: =AC55+AA55 -> 7.9244 | AF55: Sucesso | AG55: NÃO | AH55: 1 | AI55: ✓
A56: 3 | B56: Pick | C56: 0.52 | D56: 0.25 | E56: 0.35 | F56: 0.5204 | G56: 0.5203 | H56: 0.2504 | I56: 0.2495 | J56: 0.4002 | K56: 0.3496 | L56: =ABS(F56-C56)*1000 -> 0.4 | M56: =ABS(G56-C56)*1000 -> 0.3 | N56: =ABS(H56-D56)*1000 -> 0.4 | O56: =ABS(I56-D56)*1000 -> 0.5 | P56: =ABS(J56-E56)*1000 -> 50.2 | Q56: =ABS(K56-E56)*1000 -> 0.4 | R56: =SQRT(SUMSQ(L56,N56,P56)) -> 50.203187 | S56: =SQRT(SUMSQ(M56,O56,Q56)) -> 0.70710678 | Z56: 0.6239 | AA56: 0.5501 | AB56: 7.0385 | AC56: 8.8274 | AD56: =AB56+Z56 -> 7.6624 | AE56: =AC56+AA56 -> 9.3775 | AF56: Sucesso | AG56: NÃO | AH56: 1 | AI56: ✓
A57: 3 | B57: Place | C57: 0.72 | D57: -0.2 | E57: 0.42 | F57: 0.7199 | G57: 0.7198 | H57: -0.2016 | I57: -0.2002 | J57: 0.4704 | K57: 0.4196 | L57: =ABS(F57-C57)*1000 -> 0.1 | M57: =ABS(G57-C57)*1000 -> 0.2 | N57: =ABS(H57-D57)*1000 -> 1.6 | O57: =ABS(I57-D57)*1000 -> 0.2 | P57: =ABS(J57-E57)*1000 -> 50.4 | Q57: =ABS(K57-E57)*1000 -> 0.4 | R57: =SQRT(SUMSQ(L57,N57,P57)) -> 50.42549 | S57: =SQRT(SUMSQ(M57,O57,Q57)) -> 0.48989795 | Z57: 0.5357 | AA57: 0.553 | AB57: 7.0426 | AC57: 9.1754 | AD57: =AB57+Z57 -> 7.5783 | AE57: =AC57+AA57 -> 9.7284 | AF57: Sucesso | AG57: NÃO | AH57: 1 | AI57: ✓
A58: 4 | B58: Pick | C58: 0.52 | D58: 0.25 | E58: 0.35 | F58: 0.5197 | G58: 0.5203 | H58: 0.2515 | I58: 0.2504 | J58: 0.3992 | K58: 0.35 | L58: =ABS(F58-C58)*1000 -> 0.3 | M58: =ABS(G58-C58)*1000 -> 0.3 | N58: =ABS(H58-D58)*1000 -> 1.5 | O58: =ABS(I58-D58)*1000 -> 0.4 | P58: =ABS(J58-E58)*1000 -> 49.2 | Q58: =ABS(K58-E58)*1000 -> 0 | R58: =SQRT(SUMSQ(L58,N58,P58)) -> 49.223775 | S58: =SQRT(SUMSQ(M58,O58,Q58)) -> 0.5 | Z58: 0.6712 | AA58: 0.5383 | AB58: 7.047 | AC58: 8.8751 | AD58: =AB58+Z58 -> 7.7182 | AE58: =AC58+AA58 -> 9.4134 | AF58: Sucesso | AG58: NÃO | AH58: 1 | AI58: ✓
A59: 4 | B59: Place | C59: 0.72 | D59: -0.2 | E59: 0.42 | F59: 0.7209 | G59: 0.7207 | H59: -0.2005 | I59: -0.2003 | J59: 0.4698 | K59: 0.4205 | L59: =ABS(F59-C59)*1000 -> 0.9 | M59: =ABS(G59-C59)*1000 -> 0.7 | N59: =ABS(H59-D59)*1000 -> 0.5 | O59: =ABS(I59-D59)*1000 -> 0.3 | P59: =ABS(J59-E59)*1000 -> 49.8 | Q59: =ABS(K59-E59)*1000 -> 0.5 | R59: =SQRT(SUMSQ(L59,N59,P59)) -> 49.810641 | S59: =SQRT(SUMSQ(M59,O59,Q59)) -> 0.91104336 | Z59: 0.5483 | AA59: 0.5562 | AB59: 7.0446 | AC59: 9.5315 | AD59: =AB59+Z59 -> 7.5929 | AE59: =AC59+AA59 -> 10.0877 | AF59: Sucesso | AG59: NÃO | AH59: 1 | AI59: ✓
A60: 5 | B60: Pick | C60: 0.52 | D60: 0.25 | E60: 0.35 | F60: 0.5205 | G60: 0.5201 | H60: 0.2506 | I60: 0.2497 | J60: 0.3995 | K60: 0.3508 | L60: =ABS(F60-C60)*1000 -> 0.5 | M60: =ABS(G60-C60)*1000 -> 0.1 | N60: =ABS(H60-D60)*1000 -> 0.6 | O60: =ABS(I60-D60)*1000 -> 0.3 | P60: =ABS(J60-E60)*1000 -> 49.5 | Q60: =ABS(K60-E60)*1000 -> 0.8 | R60: =SQRT(SUMSQ(L60,N60,P60)) -> 49.506161 | S60: =SQRT(SUMSQ(M60,O60,Q60)) -> 0.86023253 | Z60: 0.5524 | AA60: 0.5662 | AB60: 7.0461 | AC60: 10.0381 | AD60: =AB60+Z60 -> 7.5985 | AE60: =AC60+AA60 -> 10.6043 | AF60: Sucesso | AG60: NÃO | AH60: 1 | AI60: ✓
A61: 5 | B61: Place | C61: 0.72 | D61: -0.2 | E61: 0.42 | F61: 0.7213 | G61: 0.7202 | H61: -0.2009 | I61: -0.1998 | J61: 0.4704 | K61: 0.4196 | L61: =ABS(F61-C61)*1000 -> 1.3 | M61: =ABS(G61-C61)*1000 -> 0.2 | N61: =ABS(H61-D61)*1000 -> 0.9 | O61: =ABS(I61-D61)*1000 -> 0.2 | P61: =ABS(J61-E61)*1000 -> 50.4 | Q61: =ABS(K61-E61)*1000 -> 0.4 | R61: =SQRT(SUMSQ(L61,N61,P61)) -> 50.424795 | S61: =SQRT(SUMSQ(M61,O61,Q61)) -> 0.48989795 | Z61: 0.5501 | AA61: 0.5416 | AB61: 7.0492 | AC61: 7.4413 | AD61: =AB61+Z61 -> 7.5993 | AE61: =AC61+AA61 -> 7.9829 | AF61: Sucesso | AG61: NÃO | AH61: 1 | AI61: ✓
A62: 6 | B62: Pick | C62: 0.52 | D62: 0.25 | E62: 0.35 | F62: 0.5203 | G62: 0.5193 | H62: 0.2506 | I62: 0.2504 | J62: 0.3996 | K62: 0.3501 | L62: =ABS(F62-C62)*1000 -> 0.3 | M62: =ABS(G62-C62)*1000 -> 0.7 | N62: =ABS(H62-D62)*1000 -> 0.6 | O62: =ABS(I62-D62)*1000 -> 0.4 | P62: =ABS(J62-E62)*1000 -> 49.6 | Q62: =ABS(K62-E62)*1000 -> 0.1 | R62: =SQRT(SUMSQ(L62,N62,P62)) -> 49.604536 | S62: =SQRT(SUMSQ(M62,O62,Q62)) -> 0.81240384 | Z62: 0.5425 | AA62: 0.5574 | AB62: 7.0572 | AC62: 8.8414 | AD62: =AB62+Z62 -> 7.5997 | AE62: =AC62+AA62 -> 9.3988 | AF62: Sucesso | AG62: NÃO | AH62: 1 | AI62: ✓
A63: 6 | B63: Place | C63: 0.72 | D63: -0.2 | E63: 0.42 | F63: 0.7206 | G63: 0.7201 | H63: -0.1992 | I63: -0.2009 | J63: 0.47 | K63: 0.4202 | L63: =ABS(F63-C63)*1000 -> 0.6 | M63: =ABS(G63-C63)*1000 -> 0.1 | N63: =ABS(H63-D63)*1000 -> 0.8 | O63: =ABS(I63-D63)*1000 -> 0.9 | P63: =ABS(J63-E63)*1000 -> 50 | Q63: =ABS(K63-E63)*1000 -> 0.2 | R63: =SQRT(SUMSQ(L63,N63,P63)) -> 50.009999 | S63: =SQRT(SUMSQ(M63,O63,Q63)) -> 0.92736185 | Z63: 0.5458 | AA63: 0.5362 | AB63: 7.0326 | AC63: 7.418 | AD63: =AB63+Z63 -> 7.5784 | AE63: =AC63+AA63 -> 7.9542 | AF63: Sucesso | AG63: NÃO | AH63: 1 | AI63: ✓
A64: 7 | B64: Pick | C64: 0.52 | D64: 0.25 | E64: 0.35 | F64: 0.52 | G64: 0.5203 | H64: 0.2506 | I64: 0.2491 | J64: 0.3999 | K64: 0.3502 | L64: =ABS(F64-C64)*1000 -> 0 | M64: =ABS(G64-C64)*1000 -> 0.3 | N64: =ABS(H64-D64)*1000 -> 0.6 | O64: =ABS(I64-D64)*1000 -> 0.9 | P64: =ABS(J64-E64)*1000 -> 49.9 | Q64: =ABS(K64-E64)*1000 -> 0.2 | R64: =SQRT(SUMSQ(L64,N64,P64)) -> 49.903607 | S64: =SQRT(SUMSQ(M64,O64,Q64)) -> 0.96953597 | Z64: 0.6257 | AA64: 0.5395 | AB64: 7.0448 | AC64: 8.4325 | AD64: =AB64+Z64 -> 7.6705 | AE64: =AC64+AA64 -> 8.972 | AF64: Sucesso | AG64: NÃO | AH64: 1 | AI64: ✓
... A71: 10 | B71: Place | C71: 0.72 | D71: -0.2 | E71: 0.42 | F71: 0.7193 | G71: 0.7203 | H71: -0.2001 | I71: -0.2004 | J71: 0.4707 | K71: 0.4201 | L71: =ABS(F71-C71)*1000 -> 0.7 | M71: =ABS(G71-C71)*1000 -> 0.3 | N71: =ABS(H71-D71)*1000 -> 0.1 | O71: =ABS(I71-D71)*1000 -> 0.4 | P71: =ABS(J71-E71)*1000 -> 50.7 | Q71: =ABS(K71-E71)*1000 -> 0.1 | R71: =SQRT(SUMSQ(L71,N71,P71)) -> 50.704931 | S71: =SQRT(SUMSQ(M71,O71,Q71)) -> 0.50990195 | Z71: 0.5378 | AA71: 0.5312 | AB71: 7.0624 | AC71: 7.4693 | AD71: =AB71+Z71 -> 7.6002 | AE71: =AC71+AA71 -> 8.0005 | AF71: Sucesso | AG71: NÃO | AH71: 1 | AI71: ✓
A72: Diferença entre real e simulado | F72: =AVERAGE(F52:F71)-AVERAGE(G52:G71) -> -9.5e-05 | H72: =AVERAGE(H52:H71)-AVERAGE(I52:I71) -> 7.5e-05 | J72: =AVERAGE(J52:J71)-AVERAGE(K52:K71) -> 0.050035 | L72: =AVERAGE(L52:L71)-AVERAGE(M52:M71) -> 0.235 | N72: =AVERAGE(N52:N71)-AVERAGE(O52:O71) -> 0.225 | P72: =AVERAGE(P52:P71)-AVERAGE(Q52:Q71) -> 49.705 | R72: =AVERAGE(R52:R71)-AVERAGE(S52:S71) -> 49.4056 | T72: =AVERAGE(T52:T71)-AVERAGE(U52:U71) -> 7.8531418e-05 | V72: =AVERAGE(V52:V71)-AVERAGE(W52:W71) -> 0.00019052563 | X72: =AVERAGE(X52:X71)-AVERAGE(Y52:Y71) -> 0.00034279733 | Z72: =AVERAGE(AA52:AA71)-AVERAGE(Z52:Z71) -> -0.0155 | AB72: =AVERAGE(AC52:AC71)-AVERAGE(AB52:AB71) -> 1.54193 | AD72: =AVERAGE(AE52:AE71)-AVERAGE(AD52:AD71) -> 1.52643
A73: Ciclo 4
A74: Repetição | B74: Tipo (Pick/Place) | C74: Pose X alvo (m) | D74: Pose Y alvo (m) | E74: Pose Z alvo (m) | F74: Pose X real (m) | H74: Pose Y real (m) | J74: Pose Z real (m) | L74: Erro X (mm) | N74: Erro Y (mm) | P74: Erro Z (mm) | R74: Erro euclidiano (mm) | T74: Desvio Padrão X (m) | V74: Desvio Padrão Y (m) | X74: Desvio Padrão Z (m) | Z74: Tempo planeamento (s) | AB74: Tempo execução (s) | AD74: Tempo total (s) | AF74: Sucesso / Falha | AG74: Trajetória alterada entre simulado e real (SIM / NÃO) | AH74: N.º tentativas | AI74: Status (✓ / ✗)
F75: Real | G75: Simulado | H75: Real | I75: Simulado | J75: Real | K75: Simulado | L75: Real | M75: Simulado | N75: Real | O75: Simulado | P75: Real | Q75: Simulado | R75: Real | S75: Simulado | T75: Real | U75: Simulado | V75: Real | W75: Simulado | X75: Real | Y75: Simulado | Z75: Simulado | AA75: Real | AB75: Simulado | AC75: Real | AD75: Simulado | AE75: Real
A76: 1 | B76: Pick | C76: 0.7 | D76: -0.25 | E76: 0.35 | F76: 0.6998 | G76: 0.6996 | H76: -0.2499 | I76: -0.2499 | J76: 0.3992 | K76: 0.3501 | L76: =ABS(F76-C76)*1000 -> 0.2 | M76: =ABS(G76-C76)*1000 -> 0.4 | N76: =ABS(H76-D76)*1000 -> 0.1 | O76: =ABS(I76-D76)*1000 -> 0.1 | P76: =ABS(J76-E76)*1000 -> 49.2 | Q76: =ABS(K76-E76)*1000 -> 0.1 | R76: =SQRT(SUMSQ(L76,N76,P76)) -> 49.200508 | S76: =SQRT(SUMSQ(M76,O76,Q76)) -> 0.42426407 | T76: =_xlfn.STDEV.P(F76:F95) -> 0.089891729 | U76: =_xlfn.STDEV.P(G76:G95) -> 0.090100994 | V76: =_xlfn.STDEV.P(H76:H95) -> 0.0022140235 | W76: =_xlfn.STDEV.P(I76:I95) -> 0.00044707382 | X76: =_xlfn.STDEV.P(J76:J95) -> 0.034876008 | Y76: =_xlfn.STDEV.P(K76:K95) -> 0.035031978 | Z76: 0.5676 | AA76: 0.4454 | AB76: 7.0452 | AC76: 8.8458 | AD76: =AB76+Z76 -> 7.6128 | AE76: =AC76+AA76 -> 9.2912 | AF76: Sucesso | AG76: NÃO | AH76: 1 | AI76: ✓
A77: 1 | B77: Place | C77: 0.52 | D77: -0.25 | E77: 0.42 | F77: 0.5201 | G77: 0.5209 | H77: -0.2506 | I77: -0.2502 | J77: 0.4692 | K77: 0.4199 | L77: =ABS(F77-C77)*1000 -> 0.1 | M77: =ABS(G77-C77)*1000 -> 0.9 | N77: =ABS(H77-D77)*1000 -> 0.6 | O77: =ABS(I77-D77)*1000 -> 0.2 | P77: =ABS(J77-E77)*1000 -> 49.2 | Q77: =ABS(K77-E77)*1000 -> 0.1 | R77: =SQRT(SUMSQ(L77,N77,P77)) -> 49.20376 | S77: =SQRT(SUMSQ(M77,O77,Q77)) -> 0.92736185 | Z77: 0.5596 | AA77: 0.5356 | AB77: 7.0581 | AC77: 6.9234 | AD77: =AB77+Z77 -> 7.6177 | AE77: =AC77+AA77 -> 7.459 | AF77: Sucesso | AG77: NÃO | AH77: 1 | AI77: ✓
A78: 2 | B78: Pick | C78: 0.7 | D78: -0.25 | E78: 0.35 | F78: 0.699 | G78: 0.7003 | H78: -0.2503 | I78: -0.2501 | J78: 0.4008 | K78: 0.3503 | L78: =ABS(F78-C78)*1000 -> 1 | M78: =ABS(G78-C78)*1000 -> 0.3 | N78: =ABS(H78-D78)*1000 -> 0.3 | O78: =ABS(I78-D78)*1000 -> 0.1 | P78: =ABS(J78-E78)*1000 -> 50.8 | Q78: =ABS(K78-E78)*1000 -> 0.3 | R78: =SQRT(SUMSQ(L78,N78,P78)) -> 50.810727 | S78: =SQRT(SUMSQ(M78,O78,Q78)) -> 0.43588989 | Z78: 0.5389 | AA78: 0.5416 | AB78: 7.0467 | AC78: 8.1929 | AD78: =AB78+Z78 -> 7.5856 | AE78: =AC78+AA78 -> 8.7345 | AF78: Sucesso | AG78: NÃO | AH78: 1 | AI78: ✓
A79: 2 | B79: Place | C79: 0.52 | D79: -0.25 | E79: 0.42 | F79: 0.5203 | G79: 0.5205 | H79: -0.2498 | I79: -0.2503 | J79: 0.47 | K79: 0.42 | L79: =ABS(F79-C79)*1000 -> 0.3 | M79: =ABS(G79-C79)*1000 -> 0.5 | N79: =ABS(H79-D79)*1000 -> 0.2 | O79: =ABS(I79-D79)*1000 -> 0.3 | P79: =ABS(J79-E79)*1000 -> 50 | Q79: =ABS(K79-E79)*1000 -> 0 | R79: =SQRT(SUMSQ(L79,N79,P79)) -> 50.0013 | S79: =SQRT(SUMSQ(M79,O79,Q79)) -> 0.58309519 | Z79: 0.5396 | AA79: 0.5323 | AB79: 7.0363 | AC79: 7.049 | AD79: =AB79+Z79 -> 7.5759 | AE79: =AC79+AA79 -> 7.5813 | AF79: Sucesso | AG79: NÃO | AH79: 1 | AI79: ✓
A80: 3 | B80: Pick | C80: 0.7 | D80: -0.25 | E80: 0.35 | F80: 0.6991 | G80: 0.7006 | H80: -0.2505 | I80: -0.2502 | J80: 0.4014 | K80: 0.3496 | L80: =ABS(F80-C80)*1000 -> 0.9 | M80: =ABS(G80-C80)*1000 -> 0.6 | N80: =ABS(H80-D80)*1000 -> 0.5 | O80: =ABS(I80-D80)*1000 -> 0.2 | P80: =ABS(J80-E80)*1000 -> 51.4 | Q80: =ABS(K80-E80)*1000 -> 0.4 | R80: =SQRT(SUMSQ(L80,N80,P80)) -> 51.41031 | S80: =SQRT(SUMSQ(M80,O80,Q80)) -> 0.74833148 | Z80: 0.5442 | AA80: 0.4319 | AB80: 7.0383 | AC80: 8.2363 | AD80: =AB80+Z80 -> 7.5825 | AE80: =AC80+AA80 -> 8.6682 | AF80: Sucesso | AG80: NÃO | AH80: 1 | AI80: ✓
A81: 3 | B81: Place | C81: 0.52 | D81: -0.25 | E81: 0.42 | F81: 0.52 | G81: 0.5196 | H81: -0.251 | I81: -0.2505 | J81: 0.4698 | K81: 0.4205 | L81: =ABS(F81-C81)*1000 -> 0 | M81: =ABS(G81-C81)*1000 -> 0.4 | N81: =ABS(H81-D81)*1000 -> 1 | O81: =ABS(I81-D81)*1000 -> 0.5 | P81: =ABS(J81-E81)*1000 -> 49.8 | Q81: =ABS(K81-E81)*1000 -> 0.5 | R81: =SQRT(SUMSQ(L81,N81,P81)) -> 49.810039 | S81: =SQRT(SUMSQ(M81,O81,Q81)) -> 0.81240384 | Z81: 0.5297 | AA81: 0.4199 | AB81: 7.0521 | AC81: 7.0254 | AD81: =AB81+Z81 -> 7.5818 | AE81: =AC81+AA81 -> 7.4453 | AF81: Sucesso | AG81: NÃO | AH81: 1 | AI81: ✓
A82: 4 | B82: Pick | C82: 0.7 | D82: -0.25 | E82: 0.35 | F82: 0.6995 | G82: 0.7006 | H82: -0.2507 | I82: =-0.2504 -> -0.2504 | J82: 0.3993 | K82: 0.3506 | L82: =ABS(F82-C82)*1000 -> 0.5 | M82: =ABS(G82-C82)*1000 -> 0.6 | N82: =ABS(H82-D82)*1000 -> 0.7 | O82: =ABS(I82-D82)*1000 -> 0.4 | P82: =ABS(J82-E82)*1000 -> 49.3 | Q82: =ABS(K82-E82)*1000 -> 0.6 | R82: =SQRT(SUMSQ(L82,N82,P82)) -> 49.307504 | S82: =SQRT(SUMSQ(M82,O82,Q82)) -> 0.93808315 | Z82: 0.5585 | AA82: 0.5427 | AB82: 7.0505 | AC82: 8.6447 | AD82: =AB82+Z82 -> 7.609 | AE82: =AC82+AA82 -> 9.1874 | AF82: Sucesso | AG82: NÃO | AH82: 1 | AI82: ✓
A83: 4 | B83: Place | C83: 0.52 | D83: -0.25 | E83: 0.42 | F83: 0.5211 | G83: 0.52 | H83: -0.2502 | I83: -0.2504 | J83: 0.4698 | K83: 0.4196 | L83: =ABS(F83-C83)*1000 -> 1.1 | M83: =ABS(G83-C83)*1000 -> 0 | N83: =ABS(H83-D83)*1000 -> 0.2 | O83: =ABS(I83-D83)*1000 -> 0.4 | P83: =ABS(J83-E83)*1000 -> 49.8 | Q83: =ABS(K83-E83)*1000 -> 0.4 | R83: =SQRT(SUMSQ(L83,N83,P83)) -> 49.812549 | S83: =SQRT(SUMSQ(M83,O83,Q83)) -> 0.56568542 | Z83: 0.5446 | AA83: 0.5228 | AB83: 7.0406 | AC83: 6.9484 | AD83: =AB83+Z83 -> 7.5852 | AE83: =AC83+AA83 -> 7.4712 | AF83: Sucesso | AG83: NÃO | AH83: 1 | AI83: ✓
A84: 5 | B84: Pick | C84: 0.7 | D84: -0.25 | E84: 0.35 | F84: 0.6995 | G84: 0.7009 | H84: -0.2496 | I84: -0.2499 | J84: 0.4012 | K84: 0.3502 | L84: =ABS(F84-C84)*1000 -> 0.5 | M84: =ABS(G84-C84)*1000 -> 0.9 | N84: =ABS(H84-D84)*1000 -> 0.4 | O84: =ABS(I84-D84)*1000 -> 0.1 | P84: =ABS(J84-E84)*1000 -> 51.2 | Q84: =ABS(K84-E84)*1000 -> 0.2 | R84: =SQRT(SUMSQ(L84,N84,P84)) -> 51.204004 | S84: =SQRT(SUMSQ(M84,O84,Q84)) -> 0.92736185 | Z84: 0.539 | AA84: 0.53 | AB84: 7.0427 | AC84: 8.2278 | AD84: =AB84+Z84 -> 7.5817 | AE84: =AC84+AA84 -> 8.7578 | AF84: Sucesso | AG84: NÃO | AH84: 1 | AI84: ✓
A85: 5 | B85: Place | C85: 0.52 | D85: -0.25 | E85: 0.42 | F85: 0.5204 | G85: 0.5202 | H85: -0.2513 | I85: -0.2494 | J85: 0.4701 | K85: 0.4202 | L85: =ABS(F85-C85)*1000 -> 0.4 | M85: =ABS(G85-C85)*1000 -> 0.2 | N85: =ABS(H85-D85)*1000 -> 1.3 | O85: =ABS(I85-D85)*1000 -> 0.6 | P85: =ABS(J85-E85)*1000 -> 50.1 | Q85: =ABS(K85-E85)*1000 -> 0.2 | R85: =SQRT(SUMSQ(L85,N85,P85)) -> 50.11846 | S85: =SQRT(SUMSQ(M85,O85,Q85)) -> 0.66332496 | Z85: 0.5392 | AA85: 0.5302 | AB85: 7.049 | AC85: 6.9769 | AD85: =AB85+Z85 -> 7.5882 | AE85: =AC85+AA85 -> 7.5071 | AF85: Sucesso | AG85: NÃO | AH85: 1 | AI85: ✓
A86: 6 | B86: Pick | C86: 0.7 | D86: -0.25 | E86: 0.35 | F86: 0.6995 | G86: 0.6999 | H86: -0.2497 | I86: -0.2508 | J86: 0.4007 | K86: 0.3499 | L86: =ABS(F86-C86)*1000 -> 0.5 | M86: =ABS(G86-C86)*1000 -> 0.1 | N86: =ABS(H86-D86)*1000 -> 0.3 | O86: =ABS(I86-D86)*1000 -> 0.8 | P86: =ABS(J86-E86)*1000 -> 50.7 | Q86: =ABS(K86-E86)*1000 -> 0.1 | R86: =SQRT(SUMSQ(L86,N86,P86)) -> 50.703353 | S86: =SQRT(SUMSQ(M86,O86,Q86)) -> 0.81240384 | Z86: 0.5538 | AA86: 0.5531 | AB86: 7.0335 | AC86: 8.1966 | AD86: =AB86+Z86 -> 7.5873 | AE86: =AC86+AA86 -> 8.7497 | AF86: Sucesso | AG86: NÃO | AH86: 1 | AI86: ✓
A87: 6 | B87: Place | C87: 0.52 | D87: -0.25 | E87: 0.42 | F87: 0.5188 | G87: 0.5202 | H87: -0.2499 | I87: -0.2495 | J87: 0.4705 | K87: 0.4205 | L87: =ABS(F87-C87)*1000 -> 1.2 | M87: =ABS(G87-C87)*1000 -> 0.2 | N87: =ABS(H87-D87)*1000 -> 0.1 | O87: =ABS(I87-D87)*1000 -> 0.5 | P87: =ABS(J87-E87)*1000 -> 50.5 | Q87: =ABS(K87-E87)*1000 -> 0.5 | R87: =SQRT(SUMSQ(L87,N87,P87)) -> 50.514354 | S87: =SQRT(SUMSQ(M87,O87,Q87)) -> 0.73484692 | Z87: 0.542 | AA87: 0.427 | AB87: 7.053 | AC87: 7.0331 | AD87: =AB87+Z87 -> 7.595 | AE87: =AC87+AA87 -> 7.4601 | AF87: Sucesso | AG87: NÃO | AH87: 1 | AI87: ✓
A88: 7 | B88: Pick | C88: 0.7 | D88: -0.25 | E88: 0.35 | F88: 0.7002 | G88: 0.7005 | H88: -0.2511 | I88: -0.2496 | J88: 0.4007 | K88: 0.35 | L88: =ABS(F88-C88)*1000 -> 0.2 | M88: =ABS(G88-C88)*1000 -> 0.5 | N88: =ABS(H88-D88)*1000 -> 1.1 | O88: =ABS(I88-D88)*1000 -> 0.4 | P88: =ABS(J88-E88)*1000 -> 50.7 | Q88: =ABS(K88-E88)*1000 -> 0 | R88: =SQRT(SUMSQ(L88,N88,P88)) -> 50.712326 | S88: =SQRT(SUMSQ(M88,O88,Q88)) -> 0.64031242 | Z88: 0.5409 | AA88: 0.5512 | AB88: 7.0438 | AC88: 8.1837 | AD88: =AB88+Z88 -> 7.5847 | AE88: =AC88+AA88 -> 8.7349 | AF88: Sucesso | AG88: NÃO | AH88: 1 | AI88: ✓
A89: 7 | B89: Place | C89: 0.52 | D89: -0.25 | E89: 0.42 | F89: 0.5195 | G89: 0.5197 | H89: -0.2495 | I89: -0.2492 | J89: 0.4706 | K89: 0.4198 | L89: =ABS(F89-C89)*1000 -> 0.5 | M89: =ABS(G89-C89)*1000 -> 0.3 | N89: =ABS(H89-D89)*1000 -> 0.5 | O89: =ABS(I89-D89)*1000 -> 0.8 | P89: =ABS(J89-E89)*1000 -> 50.6 | Q89: =ABS(K89-E89)*1000 -> 0.2 | R89: =SQRT(SUMSQ(L89,N89,P89)) -> 50.60494 | S89: =SQRT(SUMSQ(M89,O89,Q89)) -> 0.87749644 | Z89: 0.4355 | AA89: 0.5295 | AB89: 7.0448 | AC89: 7.0351 | AD89: =AB89+Z89 -> 7.4803 | AE89: =AC89+AA89 -> 7.5646 | AF89: Sucesso | AG89: NÃO | AH89: 1 | AI89: ✓
A90: 8 | B90: Pick | C90: 0.7 | D90: -0.25 | E90: 0.35 | F90: 0.7001 | G90: 0.7003 | H90: -0.2505 | I90: -0.2496 | J90: 0.4001 | K90: 0.3499 | L90: =ABS(F90-C90)*1000 -> 0.1 | M90: =ABS(G90-C90)*1000 -> 0.3 | N90: =ABS(H90-D90)*1000 -> 0.5 | O90: =ABS(I90-D90)*1000 -> 0.4 | P90: =ABS(J90-E90)*1000 -> 50.1 | Q90: =ABS(K90-E90)*1000 -> 0.1 | R90: =SQRT(SUMSQ(L90,N90,P90)) -> 50.102595 | S90: =SQRT(SUMSQ(M90,O90,Q90)) -> 0.50990195 | Z90: 0.5469 | AA90: 0.5512 | AB90: 7.0481 | AC90: 8.1837 | AD90: =AB90+Z90 -> 7.595 | AE90: =AC90+AA90 -> 8.7349 | AF90: Sucesso | AG90: NÃO | AH90: 1 | AI90: ✓
A91: 8 | B91: Place | C91: 0.52 | D91: -0.25 | E91: 0.42 | F91: 0.5188 | G91: 0.5195 | H91: -0.2499 | I91: -0.2502 | J91: 0.4705 | K91: 0.4193 | L91: =ABS(F91-C91)*1000 -> 1.2 | M91: =ABS(G91-C91)*1000 -> 0.5 | N91: =ABS(H91-D91)*1000 -> 0.1 | O91: =ABS(I91-D91)*1000 -> 0.2 | P91: =ABS(J91-E91)*1000 -> 50.5 | Q91: =ABS(K91-E91)*1000 -> 0.7 | R91: =SQRT(SUMSQ(L91,N91,P91)) -> 50.514354 | S91: =SQRT(SUMSQ(M91,O91,Q91)) -> 0.88317609 | Z91: 0.5459 | AA91: 0.427 | AB91: 7.0472 | AC91: 7.0331 | AD91: =AB91+Z91 -> 7.5931 | AE91: =AC91+AA91 -> 7.4601 | AF91: Sucesso | AG91: NÃO | AH91: 1 | AI91: ✓
A92: 9 | B92: Pick | C92: 0.7 | D92: -0.25 | E92: 0.35 | F92: 0.7 | G92: 0.6995 | H92: -0.2602 | I92: -0.2495 | J92: 0.4 | K92: 0.3494 | L92: =ABS(F92-C92)*1000 -> 0 | M92: =ABS(G92-C92)*1000 -> 0.5 | N92: =ABS(H92-D92)*1000 -> 10.2 | O92: =ABS(I92-D92)*1000 -> 0.5 | P92: =ABS(J92-E92)*1000 -> 50 | Q92: =ABS(K92-E92)*1000 -> 0.6 | R92: =SQRT(SUMSQ(L92,N92,P92)) -> 51.029795 | S92: =SQRT(SUMSQ(M92,O92,Q92)) -> 0.92736185 | Z92: 0.5406 | AA92: 0.5512 | AB92: 7.0379 | AC92: 8.1837 | AD92: =AB92+Z92 -> 7.5785 | AE92: =AC92+AA92 -> 8.7349 | AF92: Sucesso | AG92: NÃO | AH92: 1 | AI92: ✓
A93: 9 | B93: Place | C93: 0.52 | D93: -0.25 | E93: 0.42 | F93: 0.5194 | G93: 0.52 | H93: -0.2501 | I93: -0.2493 | J93: 0.4692 | K93: 0.4206 | L93: =ABS(F93-C93)*1000 -> 0.6 | M93: =ABS(G93-C93)*1000 -> 0 | N93: =ABS(H93-D93)*1000 -> 0.1 | O93: =ABS(I93-D93)*1000 -> 0.7 | P93: =ABS(J93-E93)*1000 -> 49.2 | Q93: =ABS(K93-E93)*1000 -> 0.6 | R93: =SQRT(SUMSQ(L93,N93,P93)) -> 49.20376 | S93: =SQRT(SUMSQ(M93,O93,Q93)) -> 0.92195445 | Z93: 0.5373 | AA93: 0.5318 | AB93: 7.0474 | AC93: 6.8881 | AD93: =AB93+Z93 -> 7.5847 | AE93: =AC93+AA93 -> 7.4199 | AF93: Sucesso | AG93: NÃO | AH93: 1 | AI93: ✓
A94: 10 | B94: Pick | C94: 0.7 | D94: -0.25 | E94: 0.35 | F94: 0.6993 | G94: 0.7001 | H94: -0.2506 | I94: -0.25 | J94: 0.4 | K94: 0.3502 | L94: =ABS(F94-C94)*1000 -> 0.7 | M94: =ABS(G94-C94)*1000 -> 0.1 | N94: =ABS(H94-D94)*1000 -> 0.6 | O94: =ABS(I94-D94)*1000 -> 0 | P94: =ABS(J94-E94)*1000 -> 50 | Q94: =ABS(K94-E94)*1000 -> 0.2 | R94: =SQRT(SUMSQ(L94,N94,P94)) -> 50.008499 | S94: =SQRT(SUMSQ(M94,O94,Q94)) -> 0.2236068 | Z94: 0.5418 | AA94: 0.5314 | AB94: 7.0505 | AC94: 8.1377 | AD94: =AB94+Z94 -> 7.5923 | AE94: =AC94+AA94 -> 8.6691 | AF94: Sucesso | AG94: NÃO | AH94: 1 | AI94: ✓
A95: 10 | B95: Place | C95: 0.52 | D95: -0.25 | E95: 0.42 | F95: 0.5198 | G95: 0.5197 | H95: -0.2504 | I95: -0.2505 | J95: 0.4711 | K95: 0.4204 | L95: =ABS(F95-C95)*1000 -> 0.2 | M95: =ABS(G95-C95)*1000 -> 0.3 | N95: =ABS(H95-D95)*1000 -> 0.4 | O95: =ABS(I95-D95)*1000 -> 0.5 | P95: =ABS(J95-E95)*1000 -> 51.1 | Q95: =ABS(K95-E95)*1000 -> 0.4 | R95: =SQRT(SUMSQ(L95,N95,P95)) -> 51.101957 | S95: =SQRT(SUMSQ(M95,O95,Q95)) -> 0.70710678 | Z95: 0.445 | AA95: 0.5352 | AB95: 7.0408 | AC95: 9.3528 | AD95: =AB95+Z95 -> 7.4858 | AE95: =AC95+AA95 -> 9.888 | AF95: Sucesso | AG95: NÃO | AH95: 1 | AI95: ✓
A96: Diferença entre real e simulado | F96: =AVERAGE(F76:F95)-AVERAGE(G76:G95) -> -0.00042 | H96: =AVERAGE(H76:H95)-AVERAGE(I76:I95) -> -0.000815 | J96: =AVERAGE(J76:J95)-AVERAGE(K76:K95) -> 0.05016 | L96: =AVERAGE(L76:L95)-AVERAGE(M76:M95) -> 0.13 | N96: =AVERAGE(N76:N95)-AVERAGE(O76:O95) -> 0.575 | P96: =AVERAGE(P76:P95)-AVERAGE(Q76:Q95) -> 49.9 | R96: =AVERAGE(R76:R95)-AVERAGE(S76:S95) -> 49.555556 | T96: =AVERAGE(T76:T95)-AVERAGE(U76:U95) -> -0.00020926513 | V96: =AVERAGE(V76:V95)-AVERAGE(W76:W95) -> 0.0017669497 | X96: =AVERAGE(X76:X95)-AVERAGE(Y76:Y95) -> -0.00015597074 | Z96: =AVERAGE(AA76:AA95)-AVERAGE(Z76:Z95) -> -0.02348 | AB96: =AVERAGE(AC76:AC95)-AVERAGE(AB76:AB95) -> 0.719585 | AD96: =AVERAGE(AE76:AE95)-AVERAGE(AD76:AD95) -> 0.696105
A97: Ciclo 5
A98: Repetição | B98: Tipo (Pick/Place) | C98: Pose X alvo (m) | D98: Pose Y alvo (m) | E98: Pose Z alvo (m) | F98: Pose X real (m) | H98: Pose Y real (m) | J98: Pose Z real (m) | L98: Erro X (mm) | N98: Erro Y (mm) | P98: Erro Z (mm) | R98: Erro euclidiano (mm) | T98: Desvio Padrão X (m) | V98: Desvio Padrão Y (m) | X98: Desvio Padrão Z (m) | Z98: Tempo planeamento (s) | AB98: Tempo execução (s) | AD98: Tempo total (s) | AF98: Sucesso / Falha | AG98: Trajetória alterada entre simulado e real (SIM / NÃO) | AH98: N.º tentativas | AI98: Status (✓ / ✗)
F99: Real | G99: Simulado | H99: Real | I99: Simulado | J99: Real | K99: Simulado | L99: Real | M99: Simulado | N99: Real | O99: Simulado | P99: Real | Q99: Simulado | R99: Real | S99: Simulado | T99: Real | U99: Simulado | V99: Real | W99: Simulado | X99: Real | Y99: Simulado | Z99: Simulado | AA99: Real | AB99: Simulado | AC99: Real | AD99: Simulado | AE99: Real
A100: 1 | B100: Pick | C100: 0.62 | D100: 0.18 | E100: 0.35 | F100: 0.6203 | G100: 0.6206 | H100: 0.1803 | I100: 0.1795 | J100: 0.3998 | K100: 0.3505 | L100: =ABS(F100-C100)*1000 -> 0.3 | M100: =ABS(G100-C100)*1000 -> 0.6 | N100: =ABS(H100-D100)*1000 -> 0.3 | O100: =ABS(I100-D100)*1000 -> 0.5 | P100: =ABS(J100-E100)*1000 -> 49.8 | Q100: =ABS(K100-E100)*1000 -> 0.5 | R100: =SQRT(SUMSQ(L100,N100,P100)) -> 49.801807 | S100: =SQRT(SUMSQ(M100,O100,Q100)) -> 0.92736185 | T100: =_xlfn.STDEV.S(F100:F119) -> 0.051470669 | U100: =_xlfn.STDEV.S(G100:G119) -> 0.051238867 | V100: =_xlfn.STDEV.S(H100:H119) -> 0.051220852 | W100: =_xlfn.STDEV.S(I100:I119) -> 0.051450214 | X100: =_xlfn.STDEV.S(J100:J119) -> 0.03568846 | Y100: =_xlfn.STDEV.S(K100:K119) -> 0.035881683 | Z100: 0.5523 | AA100: 0.5542 | AB100: 7.0549 | AC100: 9.011 | AD100: =AB100+Z100 -> 7.6072 | AE100: =AC100+AA100 -> 9.5652 | AF100: Sucesso | AG100: NÃO | AH100: 1 | AI100: ✓
A101: 1 | B101: Place | C101: 0.72 | D101: 0.28 | E101: 0.42 | F101: 0.7207 | G101: 0.7199 | H101: 0.2809 | I101: 0.2798 | J101: 0.469 | K101: 0.4195 | L101: =ABS(F101-C101)*1000 -> 0.7 | M101: =ABS(G101-C101)*1000 -> 0.1 | N101: =ABS(H101-D101)*1000 -> 0.9 | O101: =ABS(I101-D101)*1000 -> 0.2 | P101: =ABS(J101-E101)*1000 -> 49 | Q101: =ABS(K101-E101)*1000 -> 0.5 | R101: =SQRT(SUMSQ(L101,N101,P101)) -> 49.013264 | S101: =SQRT(SUMSQ(M101,O101,Q101)) -> 0.54772256 | Z101: 0.5447 | AA101: 0.5362 | AB101: 7.0404 | AC101: 7.124 | AD101: =AB101+Z101 -> 7.5851 | AE101: =AC101+AA101 -> 7.6602 | AF101: Sucesso | AG101: NÃO | AH101: 1 | AI101: ✓
A102: 2 | B102: Pick | C102: 0.62 | D102: 0.18 | E102: 0.35 | F102: 0.6196 | G102: 0.6196 | H102: 0.1796 | I102: 0.1796 | J102: 0.401 | K102: 0.3508 | L102: =ABS(F102-C102)*1000 -> 0.4 | M102: =ABS(G102-C102)*1000 -> 0.4 | N102: =ABS(H102-D102)*1000 -> 0.4 | O102: =ABS(I102-D102)*1000 -> 0.4 | P102: =ABS(J102-E102)*1000 -> 51 | Q102: =ABS(K102-E102)*1000 -> 0.8 | R102: =SQRT(SUMSQ(L102,N102,P102)) -> 51.003137 | S102: =SQRT(SUMSQ(M102,O102,Q102)) -> 0.9797959 | Z102: 0.442 | AA102: 0.5423 | AB102: 7.0495 | AC102: 9.6326 | AD102: =AB102+Z102 -> 7.4915 | AE102: =AC102+AA102 -> 10.1749 | AF102: Sucesso | AG102: NÃO | AH102: 1 | AI102: ✓
A103: 2 | B103: Place | C103: 0.72 | D103: 0.28 | E103: 0.42 | F103: 0.7198 | G103: 0.7203 | H103: 0.2794 | I103: 0.2798 | J103: 0.4695 | K103: 0.4209 | L103: =ABS(F103-C103)*1000 -> 0.2 | M103: =ABS(G103-C103)*1000 -> 0.3 | N103: =ABS(H103-D103)*1000 -> 0.6 | O103: =ABS(I103-D103)*1000 -> 0.2 | P103: =ABS(J103-E103)*1000 -> 49.5 | Q103: =ABS(K103-E103)*1000 -> 0.9 | R103: =SQRT(SUMSQ(L103,N103,P103)) -> 49.50404 | S103: =SQRT(SUMSQ(M103,O103,Q103)) -> 0.96953597 | Z103: 0.5507 | AA103: 0.5299 | AB103: 7.05 | AC103: 7.0739 | AD103: =AB103+Z103 -> 7.6007 | AE103: =AC103+AA103 -> 7.6038 | AF103: Sucesso | AG103: NÃO | AH103: 1 | AI103: ✓
A104: 3 | B104: Pick | C104: 0.62 | D104: 0.18 | E104: 0.35 | F104: 0.6199 | G104: 0.6201 | H104: 0.1791 | I104: 0.1793 | J104: 0.4005 | K104: 0.3497 | L104: =ABS(F104-C104)*1000 -> 0.1 | M104: =ABS(G104-C104)*1000 -> 0.1 | N104: =ABS(H104-D104)*1000 -> 0.9 | O104: =ABS(I104-D104)*1000 -> 0.7 | P104: =ABS(J104-E104)*1000 -> 50.5 | Q104: =ABS(K104-E104)*1000 -> 0.3 | R104: =SQRT(SUMSQ(L104,N104,P104)) -> 50.508118 | S104: =SQRT(SUMSQ(M104,O104,Q104)) -> 0.76811457 | Z104: 0.5487 | AA104: 0.4405 | AB104: 7.0463 | AC104: 8.3185 | AD104: =AB104+Z104 -> 7.595 | AE104: =AC104+AA104 -> 8.759 | AF104: Sucesso | AG104: NÃO | AH104: 1 | AI104: ✓
A105: 3 | B105: Place | C105: 0.72 | D105: 0.28 | E105: 0.42 | F105: 0.7199 | G105: 0.72 | H105: 0.2785 | I105: 0.2802 | J105: 0.4699 | K105: 0.4204 | L105: =ABS(F105-C105)*1000 -> 0.1 | M105: =ABS(G105-C105)*1000 -> 0 | N105: =ABS(H105-D105)*1000 -> 1.5 | O105: =ABS(I105-D105)*1000 -> 0.2 | P105: =ABS(J105-E105)*1000 -> 49.9 | Q105: =ABS(K105-E105)*1000 -> 0.4 | R105: =SQRT(SUMSQ(L105,N105,P105)) -> 49.92264 | S105: =SQRT(SUMSQ(M105,O105,Q105)) -> 0.4472136 | Z105: 0.5671 | AA105: 0.5281 | AB105: 7.0447 | AC105: 7.1679 | AD105: =AB105+Z105 -> 7.6118 | AE105: =AC105+AA105 -> 7.696 | AF105: Sucesso | AG105: NÃO | AH105: 1 | AI105: ✓
A106: 4 | B106: Pick | C106: 0.62 | D106: 0.18 | E106: 0.35 | F106: 0.6199 | G106: 0.6205 | H106: 0.1808 | I106: 0.1792 | J106: 0.3997 | K106: 0.3501 | L106: =ABS(F106-C106)*1000 -> 0.1 | M106: =ABS(G106-C106)*1000 -> 0.5 | N106: =ABS(H106-D106)*1000 -> 0.8 | O106: =ABS(I106-D106)*1000 -> 0.8 | P106: =ABS(J106-E106)*1000 -> 49.7 | Q106: =ABS(K106-E106)*1000 -> 0.1 | R106: =SQRT(SUMSQ(L106,N106,P106)) -> 49.706539 | S106: =SQRT(SUMSQ(M106,O106,Q106)) -> 0.9486833 | Z106: 0.5399 | AA106: 0.6061 | AB106: 7.055 | AC106: 9.8639 | AD106: =AB106+Z106 -> 7.5949 | AE106: =AC106+AA106 -> 10.47 | AF106: Sucesso | AG106: NÃO | AH106: 1 | AI106: ✓
A107: 4 | B107: Place | C107: 0.72 | D107: 0.28 | E107: 0.42 | F107: 0.7209 | G107: 0.7191 | H107: 0.28 | I107: 0.2804 | J107: 0.4692 | K107: 0.42 | L107: =ABS(F107-C107)*1000 -> 0.9 | M107: =ABS(G107-C107)*1000 -> 0.9 | N107: =ABS(H107-D107)*1000 -> 0 | O107: =ABS(I107-D107)*1000 -> 0.4 | P107: =ABS(J107-E107)*1000 -> 49.2 | Q107: =ABS(K107-E107)*1000 -> 0 | R107: =SQRT(SUMSQ(L107,N107,P107)) -> 49.208231 | S107: =SQRT(SUMSQ(M107,O107,Q107)) -> 0.98488578 | Z107: 0.542 | AA107: 0.5277 | AB107: 7.0452 | AC107: 7.0724 | AD107: =AB107+Z107 -> 7.5872 | AE107: =AC107+AA107 -> 7.6001 | AF107: Sucesso | AG107: NÃO | AH107: 1 | AI107: ✓
A108: 5 | B108: Pick | C108: 0.62 | D108: 0.18 | E108: 0.35 | F108: 0.6208 | G108: 0.62 | H108: 0.1798 | I108: 0.1796 | J108: 0.3999 | K108: 0.3508 | L108: =ABS(F108-C108)*1000 -> 0.8 | M108: =ABS(G108-C108)*1000 -> 0 | N108: =ABS(H108-D108)*1000 -> 0.2 | O108: =ABS(I108-D108)*1000 -> 0.4 | P108: =ABS(J108-E108)*1000 -> 49.9 | Q108: =ABS(K108-E108)*1000 -> 0.8 | R108: =SQRT(SUMSQ(L108,N108,P108)) -> 49.906813 | S108: =SQRT(SUMSQ(M108,O108,Q108)) -> 0.89442719 | Z108: 0.5386 | AA108: 0.5678 | AB108: 7.0674 | AC108: 9.5277 | AD108: =AB108+Z108 -> 7.606 | AE108: =AC108+AA108 -> 10.0955 | AF108: Sucesso | AG108: NÃO | AH108: 1 | AI108: ✓
A109: 5 | B109: Place | C109: 0.72 | D109: 0.28 | E109: 0.42 | F109: 0.7196 | G109: 0.7199 | H109: 0.2799 | I109: 0.2792 | J109: 0.4706 | K109: 0.4201 | L109: =ABS(F109-C109)*1000 -> 0.4 | M109: =ABS(G109-C109)*1000 -> 0.1 | N109: =ABS(H109-D109)*1000 -> 0.1 | O109: =ABS(I109-D109)*1000 -> 0.8 | P109: =ABS(J109-E109)*1000 -> 50.6 | Q109: =ABS(K109-E109)*1000 -> 0.1 | R109: =SQRT(SUMSQ(L109,N109,P109)) -> 50.60168 | S109: =SQRT(SUMSQ(M109,O109,Q109)) -> 0.81240384 | Z109: 0.5462 | AA109: 0.5343 | AB109: 7.0382 | AC109: 7.0735 | AD109: =AB109+Z109 -> 7.5844 | AE109: =AC109+AA109 -> 7.6078 | AF109: Sucesso | AG109: NÃO | AH109: 1 | AI109: ✓
A110: 6 | B110: Pick | C110: 0.62 | D110: 0.18 | E110: 0.35 | F110: 0.6207 | G110: 0.6198 | H110: 0.1794 | I110: 0.1804 | J110: 0.4008 | K110: 0.3494 | L110: =ABS(F110-C110)*1000 -> 0.7 | M110: =ABS(G110-C110)*1000 -> 0.2 | N110: =ABS(H110-D110)*1000 -> 0.6 | O110: =ABS(I110-D110)*1000 -> 0.4 | P110: =ABS(J110-E110)*1000 -> 50.8 | Q110: =ABS(K110-E110)*1000 -> 0.6 | R110: =SQRT(SUMSQ(L110,N110,P110)) -> 50.808365 | S110: =SQRT(SUMSQ(M110,O110,Q110)) -> 0.74833148 | Z110: 0.5716 | AA110: 0.4577 | AB110: 7.0478 | AC110: 9.9741 | AD110: =AB110+Z110 -> 7.6194 | AE110: =AC110+AA110 -> 10.4318 | AF110: Sucesso | AG110: NÃO | AH110: 1 | AI110: ✓
A111: 6 | B111: Place | C111: 0.72 | D111: 0.28 | E111: 0.42 | F111: 0.7202 | G111: 0.7202 | H111: 0.2796 | I111: 0.2806 | J111: 0.471 | K111: 0.42 | L111: =ABS(F111-C111)*1000 -> 0.2 | M111: =ABS(G111-C111)*1000 -> 0.2 | N111: =ABS(H111-D111)*1000 -> 0.4 | O111: =ABS(I111-D111)*1000 -> 0.6 | P111: =ABS(J111-E111)*1000 -> 51 | Q111: =ABS(K111-E111)*1000 -> 0 | R111: =SQRT(SUMSQ(L111,N111,P111)) -> 51.001961 | S111: =SQRT(SUMSQ(M111,O111,Q111)) -> 0.63245553 | Z111: 0.5576 | AA111: 0.5391 | AB111: 7.0372 | AC111: 7.0358 | AD111: =AB111+Z111 -> 7.5948 | AE111: =AC111+AA111 -> 7.5749 | AF111: Sucesso | AG111: NÃO | AH111: 1 | AI111: ✓
A112: 7 | B112: Pick | C112: 0.62 | D112: 0.18 | E112: 0.35 | F112: 0.6199 | G112: 0.6201 | H112: 0.1788 | I112: 0.1808 | J112: 0.4008 | K112: 0.3502 | L112: =ABS(F112-C112)*1000 -> 0.1 | M112: =ABS(G112-C112)*1000 -> 0.1 | N112: =ABS(H112-D112)*1000 -> 1.2 | O112: =ABS(I112-D112)*1000 -> 0.8 | P112: =ABS(J112-E112)*1000 -> 50.8 | Q112: =ABS(K112-E112)*1000 -> 0.2 | R112: =SQRT(SUMSQ(L112,N112,P112)) -> 50.81427 | S112: =SQRT(SUMSQ(M112,O112,Q112)) -> 0.83066239 | Z112: 0.5406 | AA112: 0.568 | AB112: 7.0516 | AC112: 9.4617 | AD112: =AB112+Z112 -> 7.5922 | AE112: =AC112+AA112 -> 10.0297 | AF112: Sucesso | AG112: NÃO | AH112: 1 | AI112: ✓
... A119: 10 | B119: Place | C119: 0.72 | D119: 0.28 | E119: 0.42 | F119: 0.7205 | G119: 0.7197 | H119: 0.2799 | I119: 0.2804 | J119: 0.4707 | K119: 0.42 | L119: =ABS(F119-C119)*1000 -> 0.5 | M119: =ABS(G119-C119)*1000 -> 0.3 | N119: =ABS(H119-D119)*1000 -> 0.1 | O119: =ABS(I119-D119)*1000 -> 0.4 | P119: =ABS(J119-E119)*1000 -> 50.7 | Q119: =ABS(K119-E119)*1000 -> 0 | R119: =SQRT(SUMSQ(L119,N119,P119)) -> 50.702564 | S119: =SQRT(SUMSQ(M119,O119,Q119)) -> 0.5 | Z119: 0.5602 | AA119: 0.547 | AB119: 7.0697 | AC119: 7.1187 | AD119: =AB119+Z119 -> 7.6299 | AE119: =AC119+AA119 -> 7.6657 | AF119: Sucesso | AG119: NÃO | AH119: 1 | AI119: ✓
A120: Diferença entre real e simulado | F120: =AVERAGE(F100:F119)-AVERAGE(G100:G119) -> 0.000225 | H120: =AVERAGE(H100:H119)-AVERAGE(I100:I119) -> -0.000125 | J120: =AVERAGE(J100:J119)-AVERAGE(K100:K119) -> 0.04997 | L120: =AVERAGE(L100:L119)-AVERAGE(M100:M119) -> 0.145 | N120: =AVERAGE(N100:N119)-AVERAGE(O100:O119) -> 0.075 | P120: =AVERAGE(P100:P119)-AVERAGE(Q100:Q119) -> 49.71 | R120: =AVERAGE(R100:R119)-AVERAGE(S100:S119) -> 49.315765 | T120: =AVERAGE(T100:T119)-AVERAGE(U100:U119) -> 0.00023180213 | V120: =AVERAGE(V100:V119)-AVERAGE(W100:W119) -> -0.00022936175 | X120: =AVERAGE(X100:X119)-AVERAGE(Y100:Y119) -> -0.0001932223 | Z120: =AVERAGE(AA100:AA119)-AVERAGE(Z100:Z119) -> -0.01753 | AB120: =AVERAGE(AC100:AC119)-AVERAGE(AB100:AB119) -> 1.067065 | AD120: =AVERAGE(AE100:AE119)-AVERAGE(AD100:AD119) -> 1.049535
A121: Ciclo 6
A122: Repetição | B122: Tipo (Pick/Place) | C122: Pose X alvo (m) | D122: Pose Y alvo (m) | E122: Pose Z alvo (m) | F122: Pose X real (m) | H122: Pose Y real (m) | J122: Pose Z real (m) | L122: Erro X (mm) | N122: Erro Y (mm) | P122: Erro Z (mm) | R122: Erro euclidiano (mm) | T122: Desvio Padrão X (m) | V122: Desvio Padrão Y (m) | X122: Desvio Padrão Z (m) | Z122: Tempo planeamento (s) | AB122: Tempo execução (s) | AD122: Tempo total (s) | AF122: Sucesso / Falha | AG122: Trajetória alterada entre simulado e real (SIM / NÃO) | AH122: N.º tentativas | AI122: Status (✓ / ✗)
F123: Real | G123: Simulado | H123: Real | I123: Simulado | J123: Real | K123: Simulado | L123: Real | M123: Simulado | N123: Real | O123: Simulado | P123: Real | Q123: Simulado | R123: Real | S123: Simulado | T123: Real | U123: Simulado | V123: Real | W123: Simulado | X123: Real | Y123: Simulado | Z123: Simulado | AA123: Real | AB123: Simulado | AC123: Real | AD123: Simulado | AE123: Real
A124: 1 | B124: Pick | C124: 0.5 | D124: -0.3 | E124: 0.35 | F124: 0.4997 | G124: 0.5002 | H124: -0.3005 | I124: -0.3005 | J124: 0.3998 | K124: 0.3507 | L124: =ABS(F124-C124)*1000 -> 0.3 | M124: =ABS(G124-C124)*1000 -> 0.2 | N124: =ABS(H124-D124)*1000 -> 0.5 | O124: =ABS(I124-D124)*1000 -> 0.5 | P124: =ABS(J124-E124)*1000 -> 49.8 | Q124: =ABS(K124-E124)*1000 -> 0.7 | R124: =SQRT(SUMSQ(L124,N124,P124)) -> 49.803414 | S124: =SQRT(SUMSQ(M124,O124,Q124)) -> 0.88317609 | T124: =_xlfn.STDEV.S(F124:F143) -> 0.12838712 | U124: =_xlfn.STDEV.S(G124:G143) -> 0.12831472 | V124: =_xlfn.STDEV.S(H124:H143) -> 0.20520696 | W124: =_xlfn.STDEV.S(I124:I143) -> 0.20531396 | X124: =_xlfn.STDEV.S(J124:J143) -> 0.035918775 | Y124: =_xlfn.STDEV.S(K124:K143) -> 0.035979764 | Z124: 0.5557 | AA124: 0.5568 | AB124: 7.055 | AC124: 8.4837 | AD124: =AB124+Z124 -> 7.6107 | AE124: =AC124+AA124 -> 9.0405 | AF124: Sucesso | AG124: NÃO | AH124: 1 | AI124: ✓
...

Sheet Métricas IR_POSE TCP_CORRIGIDO
A1: Ciclo 1
A2: Repetição | B2: Tipo (Pick/Place) | C2: Pose X alvo (m) | D2: Pose Y alvo (m) | E2: Pose Z alvo (m) | F2: Pose X real (m) | H2: Pose Y real (m) | J2: Pose Z real (m) | L2: Erro X (mm) | N2: Erro Y (mm) | P2: Erro Z (mm) | R2: Erro euclidiano (mm) | T2: Desvio Padrão X (m) | V2: Desvio Padrão Y (m) | X2: Desvio Padrão Z (m) | Z2: Tempo planeamento (s) | AB2: Tempo execução (s) | AD2: Tempo total (s) | AF2: Sucesso / Falha | AG2: N.º tentativas | AH2: Status (✓ / ✗)
A4: 1 | B4: Pick | C4: 0.55 | D4: -0.2 | E4: 0.35 | F4: 0.5501 | H4: -0.2002 | J4: 0.3509 | L4: =ABS(F4-C4)*1000 -> 0.1 | N4: =ABS(H4-D4)*1000 -> 0.2 | P4: =ABS(J4-E4)*1000 -> 0.9 | R4: =SQRT(SUMSQ(L4:Q4)) -> 0.92736185 | T4: =_xlfn.STDEV.S(F4:G23) -> 0.076996748 | V4: =_xlfn.STDEV.S(H4:I23) -> 0.20505236 | X4: =_xlfn.STDEV.S(J4:K23) -> 0.035893162 | Z4: 1.15714 | AB4: 11.1393 | AD4: =AB4+Z4 -> 12.29644 | AF4: Sucesso | AG4: 1 | AH4: ✓
A5: 1 | B5: Place | C5: 0.7 | D5: 0.2 | E5: 0.42 | F5: 0.7004 | H5: 0.199 | J5: 0.4202 | L5: =ABS(F5-C5)*1000 -> 0.4 | N5: =ABS(H5-D5)*1000 -> 1 | P5: =ABS(J5-E5)*1000 -> 0.2 | R5: =SQRT(SUMSQ(L5:Q5)) -> 1.0954451 | Z5: 1.529 | AB5: 8.4469 | AD5: =AB5+Z5 -> 9.9759 | AF5: Sucesso | AG5: 1 | AH5: ✓
A6: 2 | B6: Pick | C6: 0.55 | D6: -0.2 | E6: 0.35 | F6: 0.5496 | H6: -0.2004 | J6: 0.3502 | L6: =ABS(F6-C6)*1000 -> 0.4 | N6: =ABS(H6-D6)*1000 -> 0.4 | P6: =ABS(J6-E6)*1000 -> 0.2 | R6: =SQRT(SUMSQ(L6:Q6)) -> 0.6 | Z6: 1.5675 | AB6: 9.8331 | AD6: =AB6+Z6 -> 11.4006 | AF6: Sucesso | AG6: 1 | AH6: ✓
A7: 2 | B7: Place | C7: 0.7 | D7: 0.2 | E7: 0.42 | F7: 0.7003 | H7: 0.2 | J7: 0.4207 | L7: =ABS(F7-C7)*1000 -> 0.3 | N7: =ABS(H7-D7)*1000 -> 0 | P7: =ABS(J7-E7)*1000 -> 0.7 | R7: =SQRT(SUMSQ(L7:Q7)) -> 0.76157731 | Z7: 1.177 | AB7: 11.6408 | AD7: =AB7+Z7 -> 12.8178 | AF7: Sucesso | AG7: 1 | AH7: ✓
A8: 3 | B8: Pick | C8: 0.55 | D8: -0.2 | E8: 0.35 | F8: 0.5489 | H8: -0.2 | J8: 0.3499 | L8: =ABS(F8-C8)*1000 -> 1.1 | N8: =ABS(H8-D8)*1000 -> 0 | P8: =ABS(J8-E8)*1000 -> 0.1 | R8: =SQRT(SUMSQ(L8:Q8)) -> 1.1045361 | Z8: 1.5445 | AB8: 11.3391 | AD8: =AB8+Z8 -> 12.8836 | AF8: Sucesso | AG8: 1 | AH8: ✓
A9: 3 | B9: Place | C9: 0.7 | D9: 0.2 | E9: 0.42 | F9: 0.6995 | H9: 0.1994 | J9: 0.4198 | L9: =ABS(F9-C9)*1000 -> 0.5 | N9: =ABS(H9-D9)*1000 -> 0.6 | P9: =ABS(J9-E9)*1000 -> 0.2 | R9: =SQRT(SUMSQ(L9:Q9)) -> 0.80622577 | Z9: 1.5411 | AB9: 8.3415 | AD9: =AB9+Z9 -> 9.8826 | AF9: Sucesso | AG9: 1 | AH9: ✓
A10: 4 | B10: Pick | C10: 0.55 | D10: -0.2 | E10: 0.35 | F10: 0.5503 | H10: -0.2004 | J10: 0.3496 | L10: =ABS(F10-C10)*1000 -> 0.3 | N10: =ABS(H10-D10)*1000 -> 0.4 | P10: =ABS(J10-E10)*1000 -> 0.4 | R10: =SQRT(SUMSQ(L10:Q10)) -> 0.64031242 | Z10: 1.5768 | AB10: 11.5617 | AD10: =AB10+Z10 -> 13.1385 | AF10: Sucesso | AG10: 1 | AH10: ✓
A11: 4 | B11: Place | C11: 0.7 | D11: 0.2 | E11: 0.42 | F11: 0.6991 | H11: 0.1995 | J11: 0.4196 | L11: =ABS(F11-C11)*1000 -> 0.9 | N11: =ABS(H11-D11)*1000 -> 0.5 | P11: =ABS(J11-E11)*1000 -> 0.4 | R11: =SQRT(SUMSQ(L11:Q11)) -> 1.1045361 | Z11: 1.5898 | AB11: 11.995 | AD11: =AB11+Z11 -> 13.5848 | AF11: Sucesso | AG11: 1 | AH11: ✓
A12: 5 | B12: Pick | C12: 0.55 | D12: -0.2 | E12: 0.35 | F12: 0.5491 | H12: -0.1994 | J12: 0.3494 | L12: =ABS(F12-C12)*1000 -> 0.9 | N12: =ABS(H12-D12)*1000 -> 0.6 | P12: =ABS(J12-E12)*1000 -> 0.6 | R12: =SQRT(SUMSQ(L12:Q12)) -> 1.2369317 | Z12: 1.5545 | AB12: 9.861 | AD12: =AB12+Z12 -> 11.4155 | AF12: Sucesso | AG12: 1 | AH12: ✓
A13: 5 | B13: Place | C13: 0.7 | D13: 0.2 | E13: 0.42 | F13: 0.6991 | H13: 0.1995 | J13: 0.4196 | L13: =ABS(F13-C13)*1000 -> 0.9 | N13: =ABS(H13-D13)*1000 -> 0.5 | P13: =ABS(J13-E13)*1000 -> 0.4 | R13: =SQRT(SUMSQ(L13:Q13)) -> 1.1045361 | Z13: 1.5898 | AB13: 11.995 | AD13: =AB13+Z13 -> 13.5848 | AF13: Sucesso | AG13: 1 | AH13: ✓
A14: 6 | B14: Pick | C14: 0.55 | D14: -0.2 | E14: 0.35 | F14: 0.5496 | H14: -0.2 | J14: 0.3495 | L14: =ABS(F14-C14)*1000 -> 0.4 | N14: =ABS(H14-D14)*1000 -> 0 | P14: =ABS(J14-E14)*1000 -> 0.5 | R14: =SQRT(SUMSQ(L14:Q14)) -> 0.64031242 | Z14: 1.6551 | AB14: 9.9149 | AD14: =AB14+Z14 -> 11.57 | AF14: Sucesso | AG14: 1 | AH14: ✓
A15: 6 | B15: Place | C15: 0.7 | D15: 0.2 | E15: 0.42 | F15: 0.6993 | H15: 0.2001 | J15: 0.4195 | L15: =ABS(F15-C15)*1000 -> 0.7 | N15: =ABS(H15-D15)*1000 -> 0.1 | P15: =ABS(J15-E15)*1000 -> 0.5 | R15: =SQRT(SUMSQ(L15:Q15)) -> 0.8660254 | Z15: 1.5701 | AB15: 9.8934 | AD15: =AB15+Z15 -> 11.4635 | AF15: Sucesso | AG15: 1 | AH15: ✓
A16: 7 | B16: Pick | C16: 0.55 | D16: -0.2 | E16: 0.35 | F16: 0.5506 | H16: -0.2 | J16: 0.3499 | L16: =ABS(F16-C16)*1000 -> 0.6 | N16: =ABS(H16-D16)*1000 -> 0 | P16: =ABS(J16-E16)*1000 -> 0.1 | R16: =SQRT(SUMSQ(L16:Q16)) -> 0.60827625 | Z16: 1.5973 | AB16: 11.5479 | AD16: =AB16+Z16 -> 13.1452 | AF16: Sucesso | AG16: 1 | AH16: ✓
... A23: 10 | B23: Place | C23: 0.7 | D23: 0.2 | E23: 0.42 | F23: 0.7001 | H23: 0.1998 | J23: 0.4201 | L23: =ABS(F23-C23)*1000 -> 0.1 | N23: =ABS(H23-D23)*1000 -> 0.2 | P23: =ABS(J23-E23)*1000 -> 0.1 | R23: =SQRT(SUMSQ(L23:Q23)) -> 0.24494897 | Z23: 1.5247 | AB23: 8.4219 | AD23: =AB23+Z23 -> 9.9466 | AF23: Sucesso | AG23: 1 | AH23: ✓
A24: Ciclo 2
A25: Repetição | B25: Tipo (Pick/Place) | C25: Pose X alvo (m) | D25: Pose Y alvo (m) | E25: Pose Z alvo (m) | F25: Pose X real (m) | H25: Pose Y real (m) | J25: Pose Z real (m) | L25: Erro X (mm) | N25: Erro Y (mm) | P25: Erro Z (mm) | R25: Erro euclidiano (mm) | T25: Desvio Padrão X (m) | V25: Desvio Padrão Y (m) | X25: Desvio Padrão Z (m) | Z25: Tempo planeamento (s) | AB25: Tempo execução (s) | AD25: Tempo total (s) | AF25: Sucesso / Falha | AG25: N.º tentativas | AH25: Status (✓ / ✗)
A27: 1 | B27: Pick | C27: 0.6 | D27: 0 | E27: 0.35 | F27: 0.599 | H27: 0 | J27: 0.3494 | L27: =ABS(F27-C27)*1000 -> 1 | N27: =ABS(H27-D27)*1000 -> 0 | P27: =ABS(J27-E27)*1000 -> 0.6 | R27: 0 | T27: =_xlfn.STDEV.S(F27:G46) -> 0.051240358 | V27: =_xlfn.STDEV.S(H27:I46) -> 0.12802267 | X27: =_xlfn.STDEV.S(J27:K46) -> 0.036266982 | Z27: 1.5642 | AB27: 11.5302 | AD27: =AB27+Z27 -> 13.0944 | AF27: Sucesso | AG27: 1 | AH27: ✓
A28: 1 | B28: Place | C28: 0.5 | D28: 0.25 | E28: 0.42 | F28: 0.5005 | H28: 0.249 | J28: 0.4208 | L28: =ABS(F28-C28)*1000 -> 0.5 | N28: =ABS(H28-D28)*1000 -> 1 | P28: =ABS(J28-E28)*1000 -> 0.8 | R28: =SQRT(SUMSQ(L28:Q28)) -> 1.3747727 | Z28: 1.4532 | AB28: 12.1224 | AD28: =AB28+Z28 -> 13.5756 | AF28: Sucesso | AG28: 1 | AH28: ✓
A29: 2 | B29: Pick | C29: 0.6 | D29: 0 | E29: 0.35 | F29: 0.6 | H29: 0.001 | J29: 0.3496 | L29: =ABS(F29-C29)*1000 -> 0 | N29: =ABS(H29-D29)*1000 -> 1 | P29: =ABS(J29-E29)*1000 -> 0.4 | R29: =SQRT(SUMSQ(L29:Q29)) -> 1.077033 | Z29: 1.58 | AB29: 11.5488 | AD29: =AB29+Z29 -> 13.1288 | AF29: Sucesso | AG29: 1 | AH29: ✓
A30: 2 | B30: Place | C30: 0.5 | D30: 0.25 | E30: 0.42 | F30: 0.5005 | H30: 0.2497 | J30: 0.4201 | L30: =ABS(F30-C30)*1000 -> 0.5 | N30: =ABS(H30-D30)*1000 -> 0.3 | P30: =ABS(J30-E30)*1000 -> 0.1 | R30: =SQRT(SUMSQ(L30:Q30)) -> 0.59160798 | Z30: 1.5617 | AB30: 10.6902 | AD30: =AB30+Z30 -> 12.2519 | AF30: Sucesso | AG30: 1 | AH30: ✓
A31: 3 | B31: Pick | C31: 0.6 | D31: 0 | E31: 0.35 | F31: 0.601 | H31: -0.0002 | J31: 0.3501 | L31: =ABS(F31-C31)*1000 -> 1 | N31: =ABS(H31-D31)*1000 -> 0.2 | P31: =ABS(J31-E31)*1000 -> 0.1 | R31: =SQRT(SUMSQ(L31:Q31)) -> 1.0246951 | Z31: 1.5599 | AB31: 9.2665 | AD31: =AB31+Z31 -> 10.8264 | AF31: Sucesso | AG31: 1 | AH31: ✓
A32: 3 | B32: Place | C32: 0.5 | D32: 0.25 | E32: 0.42 | F32: 0.5002 | H32: 0.2491 | J32: 0.4195 | L32: =ABS(F32-C32)*1000 -> 0.2 | N32: =ABS(H32-D32)*1000 -> 0.9 | P32: =ABS(J32-E32)*1000 -> 0.5 | R32: =SQRT(SUMSQ(L32:Q32)) -> 1.0488088 | Z32: 1.5505 | AB32: 9.8096 | AD32: =AB32+Z32 -> 11.3601 | AF32: Sucesso | AG32: 1 | AH32: ✓
A33: 4 | B33: Pick | C33: 0.6 | D33: 0 | E33: 0.35 | F33: 0.5995 | H33: 0.0007 | J33: 0.3496 | L33: =ABS(F33-C33)*1000 -> 0.5 | N33: =ABS(H33-D33)*1000 -> 0.7 | P33: =ABS(J33-E33)*1000 -> 0.4 | R33: =SQRT(SUMSQ(L33:Q33)) -> 0.9486833 | Z33: 1.5604 | AB33: 11.5398 | AD33: =AB33+Z33 -> 13.1002 | AF33: Sucesso | AG33: 1 | AH33: ✓
A34: 4 | B34: Place | C34: 0.5 | D34: 0.25 | E34: 0.42 | F34: 0.5001 | H34: 0.2499 | J34: 0.4196 | L34: =ABS(F34-C34)*1000 -> 0.1 | N34: =ABS(H34-D34)*1000 -> 0.1 | P34: =ABS(J34-E34)*1000 -> 0.4 | R34: =SQRT(SUMSQ(L34:Q34)) -> 0.42426407 | Z34: 1.5916 | AB34: 13.1917 | AD34: =AB34+Z34 -> 14.7833 | AF34: Sucesso | AG34: 1 | AH34: ✓
A35: 5 | B35: Pick | C35: 0.6 | D35: 0 | E35: 0.35 | F35: 0.5996 | H35: 0.0001 | J35: 0.3499 | L35: =ABS(F35-C35)*1000 -> 0.4 | N35: =ABS(H35-D35)*1000 -> 0.1 | P35: =ABS(J35-E35)*1000 -> 0.1 | R35: =SQRT(SUMSQ(L35:Q35)) -> 0.42426407 | Z35: 1.5477 | AB35: 11.5681 | AD35: =AB35+Z35 -> 13.1158 | AF35: Sucesso | AG35: 1 | AH35: ✓
A36: 5 | B36: Place | C36: 0.5 | D36: 0.25 | E36: 0.42 | F36: 0.5003 | H36: 0.2503 | J36: 0.4201 | L36: =ABS(F36-C36)*1000 -> 0.3 | N36: =ABS(H36-D36)*1000 -> 0.3 | P36: =ABS(J36-E36)*1000 -> 0.1 | R36: =SQRT(SUMSQ(L36:Q36)) -> 0.43588989 | Z36: 1.5638 | AB36: 9.8933 | AD36: =AB36+Z36 -> 11.4571 | AF36: Sucesso | AG36: 1 | AH36: ✓
A37: 6 | B37: Pick | C37: 0.6 | D37: 0 | E37: 0.35 | F37: 0.6004 | H37: -0.0007 | J37: 0.3504 | L37: =ABS(F37-C37)*1000 -> 0.4 | N37: =ABS(H37-D37)*1000 -> 0.7 | P37: =ABS(J37-E37)*1000 -> 0.4 | R37: =SQRT(SUMSQ(L37:Q37)) -> 0.9 | Z37: 1.5523 | AB37: 11.0374 | AD37: =AB37+Z37 -> 12.5897 | AF37: Sucesso | AG37: 1 | AH37: ✓
A38: 6 | B38: Place | C38: 0.5 | D38: 0.25 | E38: 0.42 | F38: 0.5001 | H38: 0.2494 | J38: 0.4211 | L38: =ABS(F38-C38)*1000 -> 0.1 | N38: =ABS(H38-D38)*1000 -> 0.6 | P38: =ABS(J38-E38)*1000 -> 1.1 | R38: =SQRT(SUMSQ(L38:Q38)) -> 1.2569805 | Z38: 1.5383 | AB38: 9.7965 | AD38: =AB38+Z38 -> 11.3348 | AF38: Sucesso | AG38: 1 | AH38: ✓
A39: 7 | B39: Pick | C39: 0.6 | D39: 0 | E39: 0.35 | F39: 0.5997 | H39: 0.0001 | J39: 0.3484 | L39: =ABS(F39-C39)*1000 -> 0.3 | N39: =ABS(H39-D39)*1000 -> 0.1 | P39: =ABS(J39-E39)*1000 -> 1.6 | R39: =SQRT(SUMSQ(L39:Q39)) -> 1.6309506 | Z39: 1.5567 | AB39: 11.5257 | AD39: =AB39+Z39 -> 13.0824 | AF39: Sucesso | AG39: 1 | AH39: ✓
... A46: 10 | B46: Place | C46: 0.5 | D46: 0.25 | E46: 0.42 | F46: 0.4997 | H46: 0.2502 | J46: 0.4203 | L46: =ABS(F46-C46)*1000 -> 0.3 | N46: =ABS(H46-D46)*1000 -> 0.2 | P46: =ABS(J46-E46)*1000 -> 0.3 | R46: =SQRT(SUMSQ(L46:Q46)) -> 0.46904158 | Z46: 1.5686 | AB46: 14.599 | AD46: =AB46+Z46 -> 16.1676 | AF46: Sucesso | AG46: 1 | AH46: ✓
A47: Ciclo 3
A48: Repetição | B48: Tipo (Pick/Place) | C48: Pose X alvo (m) | D48: Pose Y alvo (m) | E48: Pose Z alvo (m) | F48: Pose X real (m) | H48: Pose Y real (m) | J48: Pose Z real (m) | L48: Erro X (mm) | N48: Erro Y (mm) | P48: Erro Z (mm) | R48: Erro euclidiano (mm) | T48: Desvio Padrão X (m) | V48: Desvio Padrão Y (m) | X48: Desvio Padrão Z (m) | Z48: Tempo planeamento (s) | AB48: Tempo execução (s) | AD48: Tempo total (s) | AF48: Sucesso / Falha | AG48: N.º tentativas | AH48: Status (✓ / ✗)
A50: 1 | B50: Pick | C50: 0.52 | D50: 0.25 | E50: 0.35 | F50: 0.5199 | H50: 0.2503 | J50: 0.3492 | L50: =ABS(F50-C50)*1000 -> 0.1 | N50: =ABS(H50-D50)*1000 -> 0.3 | P50: =ABS(J50-E50)*1000 -> 0.8 | R50: =SQRT(SUMSQ(L50:Q50)) -> 0.86023253 | T50: =_xlfn.STDEV.S(F50:G69) -> 0.10265521 | V50: =_xlfn.STDEV.S(H50:I69) -> 0.23111248 | X50: =_xlfn.STDEV.S(J50:K69) -> 0.036212677 | Z50: 1.5807 | AB50: 11.02 | AD50: =AB50+Z50 -> 12.6007 | AF50: Sucesso | AG50: 1 | AH50: ✓
A51: 1 | B51: Place | C51: 0.72 | D51: -0.2 | E51: 0.42 | F51: 0.7204 | H51: -0.2014 | J51: 0.4208 | L51: =ABS(F51-C51)*1000 -> 0.4 | N51: =ABS(H51-D51)*1000 -> 1.4 | P51: =ABS(J51-E51)*1000 -> 0.8 | R51: =SQRT(SUMSQ(L51:Q51)) -> 1.6613248 | Z51: 1.258 | AB51: 11.6451 | AD51: =AB51+Z51 -> 12.9031 | AF51: Sucesso | AG51: 1 | AH51: ✓
A52: 2 | B52: Pick | C52: 0.52 | D52: 0.25 | E52: 0.35 | F52: 0.5195 | H52: 0.2495 | J52: 0.3496 | L52: =ABS(F52-C52)*1000 -> 0.5 | N52: =ABS(H52-D52)*1000 -> 0.5 | P52: =ABS(J52-E52)*1000 -> 0.4 | R52: =SQRT(SUMSQ(L52:Q52)) -> 0.81240384 | Z52: 1.1769 | AB52: 11.5442 | AD52: =AB52+Z52 -> 12.7211 | AF52: Sucesso | AG52: 1 | AH52: ✓
A53: 2 | B53: Place | C53: 0.72 | D53: -0.2 | E53: 0.42 | F53: 0.7198 | H53: -0.1994 | J53: 0.419 | L53: =ABS(F53-C53)*1000 -> 0.2 | N53: =ABS(H53-D53)*1000 -> 0.6 | P53: =ABS(J53-E53)*1000 -> 1 | R53: =SQRT(SUMSQ(L53:Q53)) -> 1.183216 | Z53: 1.5627 | AB53: 13.0431 | AD53: =AB53+Z53 -> 14.6058 | AF53: Sucesso | AG53: 1 | AH53: ✓
A54: 3 | B54: Pick | C54: 0.52 | D54: 0.25 | E54: 0.35 | F54: 0.5197 | H54: 0.2493 | J54: 0.3504 | L54: =ABS(F54-C54)*1000 -> 0.3 | N54: =ABS(H54-D54)*1000 -> 0.7 | P54: =ABS(J54-E54)*1000 -> 0.4 | R54: =SQRT(SUMSQ(L54:Q54)) -> 0.86023253 | Z54: 1.5663 | AB54: 11.0521 | AD54: =AB54+Z54 -> 12.6184 | AF54: Sucesso | AG54: 1 | AH54: ✓
A55: 3 | B55: Place | C55: 0.72 | D55: -0.2 | E55: 0.42 | F55: 0.7208 | H55: -0.2004 | J55: 0.42 | L55: =ABS(F55-C55)*1000 -> 0.8 | N55: =ABS(H55-D55)*1000 -> 0.4 | P55: =ABS(J55-E55)*1000 -> 0 | R55: =SQRT(SUMSQ(L55:Q55)) -> 0.89442719 | Z55: 1.5457 | AB55: 8.6476 | AD55: =AB55+Z55 -> 10.1933 | AF55: Sucesso | AG55: 1 | AH55: ✓
A56: 4 | B56: Pick | C56: 0.52 | D56: 0.25 | E56: 0.35 | F56: 0.5196 | H56: 0.2499 | J56: 0.3506 | L56: =ABS(F56-C56)*1000 -> 0.4 | N56: =ABS(H56-D56)*1000 -> 0.1 | P56: =ABS(J56-E56)*1000 -> 0.6 | R56: =SQRT(SUMSQ(L56:Q56)) -> 0.72801099 | Z56: 1.5542 | AB56: 11.1117 | AD56: =AB56+Z56 -> 12.6659 | AF56: Sucesso | AG56: 1 | AH56: ✓
A57: 4 | B57: Place | C57: 0.72 | D57: -0.2 | E57: 0.42 | F57: 0.7208 | H57: -0.2006 | J57: 0.4204 | L57: =ABS(F57-C57)*1000 -> 0.8 | N57: =ABS(H57-D57)*1000 -> 0.6 | P57: =ABS(J57-E57)*1000 -> 0.4 | R57: =SQRT(SUMSQ(L57:Q57)) -> 1.077033 | Z57: 1.5349 | AB57: 8.7002 | AD57: =AB57+Z57 -> 10.2351 | AF57: Sucesso | AG57: 1 | AH57: ✓
A58: 5 | B58: Pick | C58: 0.52 | D58: 0.25 | E58: 0.35 | F58: 0.5204 | H58: 0.2504 | J58: 0.3503 | L58: =ABS(F58-C58)*1000 -> 0.4 | N58: =ABS(H58-D58)*1000 -> 0.4 | P58: =ABS(J58-E58)*1000 -> 0.3 | R58: =SQRT(SUMSQ(L58:Q58)) -> 0.64031242 | Z58: 1.5611 | AB58: 9.6996 | AD58: =AB58+Z58 -> 11.2607 | AF58: Sucesso | AG58: 1 | AH58: ✓
A59: 5 | B59: Place | C59: 0.72 | D59: -0.2 | E59: 0.42 | F59: 0.7199 | H59: -0.2006 | J59: 0.4205 | L59: =ABS(F59-C59)*1000 -> 0.1 | N59: =ABS(H59-D59)*1000 -> 0.6 | P59: =ABS(J59-E59)*1000 -> 0.5 | R59: =SQRT(SUMSQ(L59:Q59)) -> 0.78740079 | Z59: 1.5188 | AB59: 10.1548 | AD59: =AB59+Z59 -> 11.6736 | AF59: Sucesso | AG59: 1 | AH59: ✓
A60: 6 | B60: Pick | C60: 0.52 | D60: 0.25 | E60: 0.35 | F60: 0.5203 | H60: 0.2499 | J60: 0.3492 | L60: =ABS(F60-C60)*1000 -> 0.3 | N60: =ABS(H60-D60)*1000 -> 0.1 | P60: =ABS(J60-E60)*1000 -> 0.8 | R60: =SQRT(SUMSQ(L60:Q60)) -> 0.86023253 | Z60: 1.5815 | AB60: 11.5676 | AD60: =AB60+Z60 -> 13.1491 | AF60: Sucesso | AG60: 1 | AH60: ✓
A61: 6 | B61: Place | C61: 0.72 | D61: -0.2 | E61: 0.42 | F61: 0.7195 | H61: -0.1998 | J61: 0.4192 | L61: =ABS(F61-C61)*1000 -> 0.5 | N61: =ABS(H61-D61)*1000 -> 0.2 | P61: =ABS(J61-E61)*1000 -> 0.8 | R61: =SQRT(SUMSQ(L61:Q61)) -> 0.96436508 | Z61: 1.5929 | AB61: 12.2086 | AD61: =AB61+Z61 -> 13.8015 | AF61: Sucesso | AG61: 1 | AH61: ✓
A62: 7 | B62: Pick | C62: 0.52 | D62: 0.25 | E62: 0.35 | F62: 0.5201 | H62: 0.2493 | J62: 0.3487 | L62: =ABS(F62-C62)*1000 -> 0.1 | N62: =ABS(H62-D62)*1000 -> 0.7 | P62: =ABS(J62-E62)*1000 -> 1.3 | R62: =SQRT(SUMSQ(L62:Q62)) -> 1.4798649 | Z62: 1.4582 | AB62: 10.1232 | AD62: =AB62+Z62 -> 11.5814 | AF62: Sucesso | AG62: 1 | AH62: ✓
... A69: 10 | B69: Place | C69: 0.72 | D69: -0.2 | E69: 0.42 | F69: 0.7204 | H69: -0.2014 | J69: 0.4208 | L69: =ABS(F69-C69)*1000 -> 0.4 | N69: =ABS(H69-D69)*1000 -> 1.4 | P69: =ABS(J69-E69)*1000 -> 0.8 | R69: =SQRT(SUMSQ(L69:Q69)) -> 1.6613248 | Z69: 1.258 | AB69: 11.6451 | AD69: =AB69+Z69 -> 12.9031 | AF69: Sucesso | AG69: 1 | AH69: ✓
A70: Ciclo 4
A71: Repetição | B71: Tipo (Pick/Place) | C71: Pose X alvo (m) | D71: Pose Y alvo (m) | E71: Pose Z alvo (m) | F71: Pose X real (m) | H71: Pose Y real (m) | J71: Pose Z real (m) | L71: Erro X (mm) | N71: Erro Y (mm) | P71: Erro Z (mm) | R71: Erro euclidiano (mm) | T71: Desvio Padrão X (m) | V71: Desvio Padrão Y (m) | X71: Desvio Padrão Z (m) | Z71: Tempo planeamento (s) | AB71: Tempo execução (s) | AD71: Tempo total (s) | AF71: Sucesso / Falha | AG71: N.º tentativas | AH71: Status (✓ / ✗)
A73: 1 | B73: Pick | C73: 0.7 | D73: -0.25 | E73: 0.35 | F73: 0.6998 | H73: -0.2508 | J73: 0.3508 | L73: =ABS(F73-C73)*1000 -> 0.2 | N73: =ABS(H73-D73)*1000 -> 0.8 | P73: =ABS(J73-E73)*1000 -> 0.8 | R73: =SQRT(SUMSQ(L73:Q73)) -> 1.1489125 | T73: =_xlfn.STDEV.P(F73:G92) -> 0.089911001 | V73: =_xlfn.STDEV.P(H73:I92) -> 0.00051088159 | X73: =_xlfn.STDEV.P(J73:K92) -> 0.035087653 | Z73: 1.5465 | AB73: 10.8976 | AD73: =AB73+Z73 -> 12.4441 | AF73: Sucesso | AG73: 1 | AH73: ✓
A74: 1 | B74: Place | C74: 0.52 | D74: -0.25 | E74: 0.42 | F74: 0.5198 | H74: -0.2506 | J74: 0.4213 | L74: =ABS(F74-C74)*1000 -> 0.2 | N74: =ABS(H74-D74)*1000 -> 0.6 | P74: =ABS(J74-E74)*1000 -> 1.3 | R74: =SQRT(SUMSQ(L74:Q74)) -> 1.4456832 | Z74: 1.536 | AB74: 8.2948 | AD74: =AB74+Z74 -> 9.8308 | AF74: Sucesso | AG74: 1 | AH74: ✓
A75: 2 | B75: Pick | C75: 0.7 | D75: -0.25 | E75: 0.35 | F75: 0.6991 | H75: -0.2494 | J75: 0.349 | L75: =ABS(F75-C75)*1000 -> 0.9 | N75: =ABS(H75-D75)*1000 -> 0.6 | P75: =ABS(J75-E75)*1000 -> 1 | R75: =SQRT(SUMSQ(L75:Q75)) -> 1.473092 | Z75: 1.4551 | AB75: 10.9468 | AD75: =AB75+Z75 -> 12.4019 | AF75: Sucesso | AG75: 1 | AH75: ✓
A76: 2 | B76: Place | C76: 0.52 | D76: -0.25 | E76: 0.42 | F76: 0.5203 | H76: -0.2502 | J76: 0.4191 | L76: =ABS(F76-C76)*1000 -> 0.3 | N76: =ABS(H76-D76)*1000 -> 0.2 | P76: =ABS(J76-E76)*1000 -> 0.9 | R76: =SQRT(SUMSQ(L76:Q76)) -> 0.96953597 | Z76: 1.5372 | AB76: 9.7303 | AD76: =AB76+Z76 -> 11.2675 | AF76: Sucesso | AG76: 1 | AH76: ✓
A77: 3 | B77: Pick | C77: 0.7 | D77: -0.25 | E77: 0.35 | F77: 0.7003 | H77: -0.2511 | J77: 0.3502 | L77: =ABS(F77-C77)*1000 -> 0.3 | N77: =ABS(H77-D77)*1000 -> 1.1 | P77: =ABS(J77-E77)*1000 -> 0.2 | R77: =SQRT(SUMSQ(L77:Q77)) -> 1.1575837 | Z77: 1.5558 | AB77: 10.9231 | AD77: =AB77+Z77 -> 12.4789 | AF77: Sucesso | AG77: 1 | AH77: ✓
A78: 3 | B78: Place | C78: 0.52 | D78: -0.25 | E78: 0.42 | F78: 0.5192 | H78: -0.2503 | J78: 0.4209 | L78: =ABS(F78-C78)*1000 -> 0.8 | N78: =ABS(H78-D78)*1000 -> 0.3 | P78: =ABS(J78-E78)*1000 -> 0.9 | R78: =SQRT(SUMSQ(L78:Q78)) -> 1.2409674 | Z78: 1.5362 | AB78: 9.7404 | AD78: =AB78+Z78 -> 11.2766 | AF78: Sucesso | AG78: 1 | AH78: ✓
A79: 4 | B79: Pick | C79: 0.7 | D79: -0.25 | E79: 0.35 | F79: 0.6995 | H79: -0.25 | J79: 0.3509 | L79: =ABS(F79-C79)*1000 -> 0.5 | N79: =ABS(H79-D79)*1000 -> 0 | P79: =ABS(J79-E79)*1000 -> 0.9 | R79: =SQRT(SUMSQ(L79:Q79)) -> 1.029563 | Z79: 1.549 | AB79: 9.5401 | AD79: =AB79+Z79 -> 11.0891 | AF79: Sucesso | AG79: 1 | AH79: ✓
A80: 4 | B80: Place | C80: 0.52 | D80: -0.25 | E80: 0.42 | F80: 0.5196 | H80: -0.2499 | J80: 0.4206 | L80: =ABS(F80-C80)*1000 -> 0.4 | N80: =ABS(H80-D80)*1000 -> 0.1 | P80: =ABS(J80-E80)*1000 -> 0.6 | R80: =SQRT(SUMSQ(L80:Q80)) -> 0.72801099 | Z80: 1.5596 | AB80: 9.7289 | AD80: =AB80+Z80 -> 11.2885 | AF80: Sucesso | AG80: 1 | AH80: ✓
A81: 5 | B81: Pick | C81: 0.7 | D81: -0.25 | E81: 0.35 | F81: 0.6998 | H81: -0.2504 | J81: 0.3508 | L81: =ABS(F81-C81)*1000 -> 0.2 | N81: =ABS(H81-D81)*1000 -> 0.4 | P81: =ABS(J81-E81)*1000 -> 0.8 | R81: =SQRT(SUMSQ(L81:Q81)) -> 0.91651514 | Z81: 1.5513 | AB81: 10.8342 | AD81: =AB81+Z81 -> 12.3855 | AF81: Sucesso | AG81: 1 | AH81: ✓
A82: 5 | B82: Place | C82: 0.52 | D82: -0.25 | E82: 0.42 | F82: 0.5197 | H82: -0.25 | J82: 0.4207 | L82: =ABS(F82-C82)*1000 -> 0.3 | N82: =ABS(H82-D82)*1000 -> 0 | P82: =ABS(J82-E82)*1000 -> 0.7 | R82: =SQRT(SUMSQ(L82:Q82)) -> 0.76157731 | Z82: 1.5569 | AB82: 11.6516 | AD82: =AB82+Z82 -> 13.2085 | AF82: Sucesso | AG82: 1 | AH82: ✓
A83: 6 | B83: Pick | C83: 0.7 | D83: -0.25 | E83: 0.35 | F83: 0.6991 | H83: -0.2511 | J83: 0.3509 | L83: =ABS(F83-C83)*1000 -> 0.9 | N83: =ABS(H83-D83)*1000 -> 1.1 | P83: =ABS(J83-E83)*1000 -> 0.9 | R83: =SQRT(SUMSQ(L83:Q83)) -> 1.6822604 | Z83: 1.5606 | AB83: 10.8978 | AD83: =AB83+Z83 -> 12.4584 | AF83: Sucesso | AG83: 1 | AH83: ✓
A84: 6 | B84: Place | C84: 0.52 | D84: -0.25 | E84: 0.42 | F84: 0.5205 | H84: -0.2504 | J84: 0.42 | L84: =ABS(F84-C84)*1000 -> 0.5 | N84: =ABS(H84-D84)*1000 -> 0.4 | P84: =ABS(J84-E84)*1000 -> 0 | R84: =SQRT(SUMSQ(L84:Q84)) -> 0.64031242 | Z84: 1.5317 | AB84: 9.7412 | AD84: =AB84+Z84 -> 11.2729 | AF84: Sucesso | AG84: 1 | AH84: ✓
A85: 7 | B85: Pick | C85: 0.7 | D85: -0.25 | E85: 0.35 | F85: 0.6996 | H85: -0.2512 | J85: 0.35 | L85: =ABS(F85-C85)*1000 -> 0.4 | N85: =ABS(H85-D85)*1000 -> 1.2 | P85: =ABS(J85-E85)*1000 -> 0 | R85: =SQRT(SUMSQ(L85:Q85)) -> 1.2649111 | Z85: 1.5582 | AB85: 10.8862 | AD85: =AB85+Z85 -> 12.4444 | AF85: Sucesso | AG85: 1 | AH85: ✓
... A92: 10 | B92: Place | C92: 0.52 | D92: -0.25 | E92: 0.42 | F92: 0.5192 | H92: -0.2503 | J92: 0.4209 | L92: =ABS(F92-C92)*1000 -> 0.8 | N92: =ABS(H92-D92)*1000 -> 0.3 | P92: =ABS(J92-E92)*1000 -> 0.9 | R92: =SQRT(SUMSQ(L92:Q92)) -> 1.2409674 | Z92: 1.5362 | AB92: 9.7404 | AD92: =AB92+Z92 -> 11.2766 | AF92: Sucesso | AG92: 1 | AH92: ✓
A93: Ciclo 5
A94: Repetição | B94: Tipo (Pick/Place) | C94: Pose X alvo (m) | D94: Pose Y alvo (m) | E94: Pose Z alvo (m) | F94: Pose X real (m) | H94: Pose Y real (m) | J94: Pose Z real (m) | L94: Erro X (mm) | N94: Erro Y (mm) | P94: Erro Z (mm) | R94: Erro euclidiano (mm) | T94: Desvio Padrão X (m) | V94: Desvio Padrão Y (m) | X94: Desvio Padrão Z (m) | Z94: Tempo planeamento (s) | AB94: Tempo execução (s) | AD94: Tempo total (s) | AF94: Sucesso / Falha | AG94: N.º tentativas | AH94: Status (✓ / ✗)
A96: 1 | B96: Pick | C96: 0.62 | D96: 0.18 | E96: 0.35 | F96: 0.6208 | H96: 0.1792 | J96: 0.3506 | L96: =ABS(F96-C96)*1000 -> 0.8 | N96: =ABS(H96-D96)*1000 -> 0.8 | P96: =ABS(J96-E96)*1000 -> 0.6 | R96: =SQRT(SUMSQ(L96:Q96)) -> 1.2806248 | T96: =_xlfn.STDEV.S(F96:G115) -> 0.051219891 | V96: =_xlfn.STDEV.S(H96:I115) -> 0.051312073 | X96: =_xlfn.STDEV.S(J96:K115) -> 0.035815981 | Z96: 1.4893 | AB96: 10.4681 | AD96: =AB96+Z96 -> 11.9574 | AF96: Sucesso | AG96: 1 | AH96: ✓
A97: 1 | B97: Place | C97: 0.72 | D97: 0.28 | E97: 0.42 | F97: 0.7202 | H97: 0.2786 | J97: 0.4199 | L97: =ABS(F97-C97)*1000 -> 0.2 | N97: =ABS(H97-D97)*1000 -> 1.4 | P97: =ABS(J97-E97)*1000 -> 0.1 | R97: =SQRT(SUMSQ(L97:Q97)) -> 1.4177447 | Z97: 1.5414 | AB97: 9.8438 | AD97: =AB97+Z97 -> 11.3852 | AF97: Sucesso | AG97: 1 | AH97: ✓
A98: 2 | B98: Pick | C98: 0.62 | D98: 0.18 | E98: 0.35 | F98: 0.6199 | H98: 0.1787 | J98: 0.3498 | L98: =ABS(F98-C98)*1000 -> 0.1 | N98: =ABS(H98-D98)*1000 -> 1.3 | P98: =ABS(J98-E98)*1000 -> 0.2 | R98: =SQRT(SUMSQ(L98:Q98)) -> 1.3190906 | Z98: 1.595 | AB98: 11.0429 | AD98: =AB98+Z98 -> 12.6379 | AF98: Sucesso | AG98: 1 | AH98: ✓
A99: 2 | B99: Place | C99: 0.72 | D99: 0.28 | E99: 0.42 | F99: 0.7207 | H99: 0.2791 | J99: 0.4208 | L99: =ABS(F99-C99)*1000 -> 0.7 | N99: =ABS(H99-D99)*1000 -> 0.9 | P99: =ABS(J99-E99)*1000 -> 0.8 | R99: =SQRT(SUMSQ(L99:Q99)) -> 1.3928388 | Z99: 1.2412 | AB99: 9.8242 | AD99: =AB99+Z99 -> 11.0654 | AF99: Sucesso | AG99: 1 | AH99: ✓
A100: 3 | B100: Pick | C100: 0.62 | D100: 0.18 | E100: 0.35 | F100: 0.62 | H100: 0.18 | J100: 0.3499 | L100: =ABS(F100-C100)*1000 -> 0 | N100: =ABS(H100-D100)*1000 -> 0 | P100: =ABS(J100-E100)*1000 -> 0.1 | R100: =SQRT(SUMSQ(L100:Q100)) -> 0.1 | Z100: 1.5378 | AB100: 10.9551 | AD100: =AB100+Z100 -> 12.4929 | AF100: Sucesso | AG100: 1 | AH100: ✓
A101: 3 | B101: Place | C101: 0.72 | D101: 0.28 | E101: 0.42 | F101: 0.7198 | H101: 0.2789 | J101: 0.4194 | L101: =ABS(F101-C101)*1000 -> 0.2 | N101: =ABS(H101-D101)*1000 -> 1.1 | P101: =ABS(J101-E101)*1000 -> 0.6 | R101: =SQRT(SUMSQ(L101:Q101)) -> 1.2688578 | Z101: 1.5347 | AB101: 9.7847 | AD101: =AB101+Z101 -> 11.3194 | AF101: Sucesso | AG101: 1 | AH101: ✓
A102: 4 | B102: Pick | C102: 0.62 | D102: 0.18 | E102: 0.35 | F102: 0.621 | H102: 0.179 | J102: 0.3508 | L102: =ABS(F102-C102)*1000 -> 1 | N102: =ABS(H102-D102)*1000 -> 1 | P102: =ABS(J102-E102)*1000 -> 0.8 | R102: =SQRT(SUMSQ(L102:Q102)) -> 1.6248077 | Z102: 1.5402 | AB102: 10.9793 | AD102: =AB102+Z102 -> 12.5195 | AF102: Sucesso | AG102: 1 | AH102: ✓
A103: 4 | B103: Place | C103: 0.72 | D103: 0.28 | E103: 0.42 | F103: 0.7204 | H103: 0.2796 | J103: 0.4199 | L103: =ABS(F103-C103)*1000 -> 0.4 | N103: =ABS(H103-D103)*1000 -> 0.4 | P103: =ABS(J103-E103)*1000 -> 0.1 | R103: =SQRT(SUMSQ(L103:Q103)) -> 0.57445626 | Z103: 1.4407 | AB103: 9.7748 | AD103: =AB103+Z103 -> 11.2155 | AF103: Sucesso | AG103: 1 | AH103: ✓
A104: 5 | B104: Pick | C104: 0.62 | D104: 0.18 | E104: 0.35 | F104: 0.6209 | H104: 0.1788 | J104: 0.3506 | L104: =ABS(F104-C104)*1000 -> 0.9 | N104: =ABS(H104-D104)*1000 -> 1.2 | P104: =ABS(J104-E104)*1000 -> 0.6 | R104: =SQRT(SUMSQ(L104:Q104)) -> 1.6155494 | Z104: 1.5793 | AB104: 10.9945 | AD104: =AB104+Z104 -> 12.5738 | AF104: Sucesso | AG104: 1 | AH104: ✓
A105: 5 | B105: Place | C105: 0.72 | D105: 0.28 | E105: 0.42 | F105: 0.72 | H105: 0.2798 | J105: 0.4204 | L105: =ABS(F105-C105)*1000 -> 0 | N105: =ABS(H105-D105)*1000 -> 0.2 | P105: =ABS(J105-E105)*1000 -> 0.4 | R105: =SQRT(SUMSQ(L105:Q105)) -> 0.4472136 | Z105: 1.2808 | AB105: 9.7713 | AD105: =AB105+Z105 -> 11.0521 | AF105: Sucesso | AG105: 1 | AH105: ✓
A106: 6 | B106: Pick | C106: 0.62 | D106: 0.18 | E106: 0.35 | F106: 0.6193 | H106: 0.1801 | J106: 0.3493 | L106: =ABS(F106-C106)*1000 -> 0.7 | N106: =ABS(H106-D106)*1000 -> 0.1 | P106: =ABS(J106-E106)*1000 -> 0.7 | R106: =SQRT(SUMSQ(L106:Q106)) -> 0.99498744 | Z106: 1.5588 | AB106: 11.6863 | AD106: =AB106+Z106 -> 13.2451 | AF106: Sucesso | AG106: 1 | AH106: ✓
A107: 6 | B107: Place | C107: 0.72 | D107: 0.28 | E107: 0.42 | F107: 0.7198 | H107: 0.2801 | J107: 0.4191 | L107: =ABS(F107-C107)*1000 -> 0.2 | N107: =ABS(H107-D107)*1000 -> 0.1 | P107: =ABS(J107-E107)*1000 -> 0.9 | R107: =SQRT(SUMSQ(L107:Q107)) -> 0.92736185 | Z107: 1.2918 | AB107: 9.7818 | AD107: =AB107+Z107 -> 11.0736 | AF107: Sucesso | AG107: 1 | AH107: ✓
A108: 7 | B108: Pick | C108: 0.62 | D108: 0.18 | E108: 0.35 | F108: 0.6196 | H108: 0.18 | J108: 0.3496 | L108: =ABS(F108-C108)*1000 -> 0.4 | N108: =ABS(H108-D108)*1000 -> 0 | P108: =ABS(J108-E108)*1000 -> 0.4 | R108: =SQRT(SUMSQ(L108:Q108)) -> 0.56568542 | Z108: 1.4766 | AB108: 11.6564 | AD108: =AB108+Z108 -> 13.133 | AF108: Sucesso | AG108: 1 | AH108: ✓
... A115: 10 | B115: Place | C115: 0.72 | D115: 0.28 | E115: 0.42 | F115: 0.7204 | H115: 0.2796 | J115: 0.4199 | L115: =ABS(F115-C115)*1000 -> 0.4 | N115: =ABS(H115-D115)*1000 -> 0.4 | P115: =ABS(J115-E115)*1000 -> 0.1 | R115: =SQRT(SUMSQ(L115:Q115)) -> 0.57445626 | Z115: 1.4407 | AB115: 9.7748 | AD115: =AB115+Z115 -> 11.2155 | AF115: Sucesso | AG115: 1 | AH115: ✓
A116: Ciclo 6
A117: Repetição | B117: Tipo (Pick/Place) | C117: Pose X alvo (m) | D117: Pose Y alvo (m) | E117: Pose Z alvo (m) | F117: Pose X real (m) | H117: Pose Y real (m) | J117: Pose Z real (m) | L117: Erro X (mm) | N117: Erro Y (mm) | P117: Erro Z (mm) | R117: Erro euclidiano (mm) | T117: Desvio Padrão X (m) | V117: Desvio Padrão Y (m) | X117: Desvio Padrão Z (m) | Z117: Tempo planeamento (s) | AB117: Tempo execução (s) | AD117: Tempo total (s) | AF117: Sucesso / Falha | AG117: N.º tentativas | AH117: Status (✓ / ✗)
A119: 1 | B119: Pick | C119: 0.5 | D119: -0.3 | E119: 0.35 | F119: 0.4995 | H119: -0.3002 | J119: 0.3491 | L119: =ABS(F119-C119)*1000 -> 0.5 | N119: =ABS(H119-D119)*1000 -> 0.2 | P119: =ABS(J119-E119)*1000 -> 0.9 | R119: =SQRT(SUMSQ(L119,N119,P119)) -> 1.0488088 | T119: =_xlfn.STDEV.S(F119:G138) -> 0.12843931 | V119: =_xlfn.STDEV.S(H119:I138) -> 0.20484224 | X119: =_xlfn.STDEV.S(J119:K138) -> 0.035868448 | Z119: 1.55 | AB119: 11.2044 | AD119: =AB119+Z119 -> 12.7544 | AF119: Sucesso | AG119: 1 | AH119: ✓
A120: 1 | B120: Place | C120: 0.75 | D120: 0.1 | E120: 0.42 | F120: 0.75002 | H120: 0.0999 | J120: 0.4199 | L120: =ABS(F120-C120)*1000 -> 0.02 | N120: =ABS(H120-D120)*1000 -> 0.1 | P120: =ABS(J120-E120)*1000 -> 0.1 | R120: =SQRT(SUMSQ(L120,N120,P120)) -> 0.14282857 | Z120: 1.5407 | AB120: 9.3377 | AD120: =AB120+Z120 -> 10.8784 | AF120: Sucesso | AG120: 1 | AH120: ✓
A121: 2 | B121: Pick | C121: 0.5 | D121: -0.3 | E121: 0.35 | F121: 0.4999 | H121: -0.2991 | J121: 0.3499 | L121: =ABS(F121-C121)*1000 -> 0.1 | N121: =ABS(H121-D121)*1000 -> 0.9 | P121: =ABS(J121-E121)*1000 -> 0.1 | R121: =SQRT(SUMSQ(L121,N121,P121)) -> 0.91104336 | Z121: 1.5735 | AB121: 11.2043 | AD121: =AB121+Z121 -> 12.7778 | AF121: Sucesso | AG121: 1 | AH121: ✓
A122: 2 | B122: Place | C122: 0.75 | D122: 0.1 | E122: 0.42 | F122: 0.7497 | H122: 0.0997 | J122: 0.4193 | L122: =ABS(F122-C122)*1000 -> 0.3 | N122: =ABS(H122-D122)*1000 -> 0.3 | P122: =ABS(J122-E122)*1000 -> 0.7 | R122: =SQRT(SUMSQ(L122,N122,P122)) -> 0.81853528 | Z122: 1.5477 | AB122: 8.7386 | AD122: =AB122+Z122 -> 10.2863 | AF122: Sucesso | AG122: 1 | AH122: ✓
A123: 3 | B123: Pick | C123: 0.5 | D123: -0.3 | E123: 0.35 | F123: 0.5004 | H123: -0.2999 | J123: 0.3501 | L123: =ABS(F123-C123)*1000 -> 0.4 | N123: =ABS(H123-D123)*1000 -> 0.1 | P123: =ABS(J123-E123)*1000 -> 0.1 | R123: =SQRT(SUMSQ(L123,N123,P123)) -> 0.42426407 | Z123: 1.555 | AB123: 9.9133 | AD123: =AB123+Z123 -> 11.4683 | AF123: Sucesso | AG123: 1 | AH123: ✓
A124: 3 | B124: Place | C124: 0.75 | D124: 0.1 | E124: 0.42 | F124: 0.7498 | H124: 0.0997 | J124: 0.4201 | L124: =ABS(F124-C124)*1000 -> 0.2 | N124: =ABS(H124-D124)*1000 -> 0.3 | P124: =ABS(J124-E124)*1000 -> 0.1 | R124: =SQRT(SUMSQ(L124,N124,P124)) -> 0.37416574 | Z124: 1.5737 | AB124: 10.0994 | AD124: =AB124+Z124 -> 11.6731 | AF124: Sucesso | AG124: 1 | AH124: ✓
A125: 4 | B125: Pick | C125: 0.5 | D125: -0.3 | E125: 0.35 | F125: 0.4991 | H125: -0.2994 | J125: 0.3501 | L125: =ABS(F125-C125)*1000 -> 0.9 | N125: =ABS(H125-D125)*1000 -> 0.6 | P125: =ABS(J125-E125)*1000 -> 0.1 | R125: =SQRT(SUMSQ(L125,N125,P125)) -> 1.086278 | Z125: 1.5628 | AB125: 11.202 | AD125: =AB125+Z125 -> 12.7648 | AF125: Sucesso | AG125: 1 | AH125: ✓
A126: 4 | B126: Place | C126: 0.75 | D126: 0.1 | E126: 0.42 | F126: 0.7494 | H126: 0.1006 | J126: 0.4195 | L126: =ABS(F126-C126)*1000 -> 0.6 | N126: =ABS(H126-D126)*1000 -> 0.6 | P126: =ABS(J126-E126)*1000 -> 0.5 | R126: =SQRT(SUMSQ(L126,N126,P126)) -> 0.98488578 | Z126: 1.5324 | AB126: 10.0834 | AD126: =AB126+Z126 -> 11.6158 | AF126: Sucesso | AG126: 1 | AH126: ✓
A127: 5 | B127: Pick | C127: 0.5 | D127: -0.3 | E127: 0.35 | F127: 0.5007 | H127: -0.3003 | J127: 0.3502 | L127: =ABS(F127-C127)*1000 -> 0.7 | N127: =ABS(H127-D127)*1000 -> 0.3 | P127: =ABS(J127-E127)*1000 -> 0.2 | R127: =SQRT(SUMSQ(L127,N127,P127)) -> 0.78740079 | Z127: 1.5448 | AB127: 10.8503 | AD127: =AB127+Z127 -> 12.3951 | AF127: Sucesso | AG127: 1 | AH127: ✓
A128: 5 | B128: Place | C128: 0.75 | D128: 0.1 | E128: 0.42 | F128: 0.7508 | H128: 0.099 | J128: 0.4205 | L128: =ABS(F128-C128)*1000 -> 0.8 | N128: =ABS(H128-D128)*1000 -> 1 | P128: =ABS(J128-E128)*1000 -> 0.5 | R128: =SQRT(SUMSQ(L128,N128,P128)) -> 1.3747727 | Z128: 1.5459 | AB128: 10.9562 | AD128: =AB128+Z128 -> 12.5021 | AF128: Sucesso | AG128: 1 | AH128: ✓
A129: 6 | B129: Pick | C129: 0.5 | D129: -0.3 | E129: 0.35 | F129: 0.4987 | H129: -0.2995 | J129: 0.3493 | L129: =ABS(F129-C129)*1000 -> 1.3 | N129: =ABS(H129-D129)*1000 -> 0.5 | P129: =ABS(J129-E129)*1000 -> 0.7 | R129: =SQRT(SUMSQ(L129,N129,P129)) -> 1.5588457 | Z129: 1.5167 | AB129: 8.32 | AD129: =AB129+Z129 -> 9.8367 | AF129: Sucesso | AG129: 1 | AH129: ✓
A130: 6 | B130: Place | C130: 0.75 | D130: 0.1 | E130: 0.42 | F130: 0.7506 | H130: 0.0986 | J130: 0.4214 | L130: =ABS(F130-C130)*1000 -> 0.6 | N130: =ABS(H130-D130)*1000 -> 1.4 | P130: =ABS(J130-E130)*1000 -> 1.4 | R130: =SQRT(SUMSQ(L130,N130,P130)) -> 2.0688161 | Z130: 1.5407 | AB130: 9.8984 | AD130: =AB130+Z130 -> 11.4391 | AF130: Sucesso | AG130: 1 | AH130: ✓
A131: 7 | B131: Pick | C131: 0.5 | D131: -0.3 | E131: 0.35 | F131: 0.4992 | H131: -0.2998 | J131: 0.3504 | L131: =ABS(F131-C131)*1000 -> 0.8 | N131: =ABS(H131-D131)*1000 -> 0.2 | P131: =ABS(J131-E131)*1000 -> 0.4 | R131: =SQRT(SUMSQ(L131,N131,P131)) -> 0.91651514 | Z131: 1.5966 | AB131: 7.5518 | AD131: =AB131+Z131 -> 9.1484 | AF131: Sucesso | AG131: 1 | AH131: ✓
... A138: 10 | B138: Place | C138: 0.75 | D138: 0.1 | E138: 0.42 | F138: 0.7499 | H138: 0.0995 | J138: 0.4194 | L138: =ABS(F138-C138)*1000 -> 0.1 | N138: =ABS(H138-D138)*1000 -> 0.5 | P138: =ABS(J138-E138)*1000 -> 0.6 | R138: =SQRT(SUMSQ(L138,N138,P138)) -> 0.78740079 | Z138: 1.5105 | AB138: 7.237 | AD138: =AB138+Z138 -> 8.7475 | AF138: Sucesso | AG138: 1 | AH138: ✓
A139: Ciclo 7
A140: Repetição | B140: Tipo (Pick/Place) | C140: Pose X alvo (m) | D140: Pose Y alvo (m) | E140: Pose Z alvo (m) | F140: Pose X real (m) | H140: Pose Y real (m) | J140: Pose Z real (m) | L140: Erro X (mm) | N140: Erro Y (mm) | P140: Erro Z (mm) | R140: Erro euclidiano (mm) | T140: Desvio Padrão X (m) | V140: Desvio Padrão Y (m) | X140: Desvio Padrão Z (m) | Z140: Tempo planeamento (s) | AB140: Tempo execução (s) | AD140: Tempo total (s) | AF140: Sucesso / Falha | AG140: N.º tentativas | AH140: Status (✓ / ✗)
A142: 1 | B142: Pick | C142: 0.75 | D142: -0.1 | E142: 0.35 | F142: 0.7499 | H142: -0.1001 | J142: 0.349 | L142: =ABS(F142-C142)*1000 -> 0.1 | N142: =ABS(H142-D142)*1000 -> 0.1 | P142: =ABS(J142-E142)*1000 -> 1 | R142: =SQRT(SUMSQ(L142:Q142)) -> 1.0099505 | T142: =_xlfn.STDEV.S(F142:G161) -> 0.12818641 | V142: =_xlfn.STDEV.S(H142:I161) -> 0.2051451 | X142: =_xlfn.STDEV.S(J142:K161) -> 0.035795363 | Z142: 1.5523 | AB142: 11.4386 | AD142: =AB142+Z142 -> 12.9909 | AF142: Sucesso | AG142: 1 | AH142: ✓
A143: 1 | B143: Place | C143: 0.5 | D143: 0.3 | E143: 0.42 | F143: 0.5003 | H143: 0.2999 | J143: 0.4203 | L143: =ABS(F143-C143)*1000 -> 0.3 | N143: =ABS(H143-D143)*1000 -> 0.1 | P143: =ABS(J143-E143)*1000 -> 0.3 | R143: =SQRT(SUMSQ(L143:Q143)) -> 0.43588989 | Z143: 1.5706 | AB143: 10.5196 | AD143: =AB143+Z143 -> 12.0902 | AF143: Sucesso | AG143: 1 | AH143: ✓
...

Sheet Métricas GRIPPER
A1: Teste só na simulação (não há garra física)
A2: Ciclo | B2: Repetição | C2: Comando | D2: Tempo de planeamento (s) | E2: Tempo de execução(s) | F2: Tempo Total(s) | G2: Objeto agarrado / libertado | H2: Erro crítico (SIM/NÃO) | I2: Resultado esperado | J2: Resultado obtido | K2: Status (✓/✗) | M2: Ciclo | N2: Repetição | O2: Comando | P2: Tempo de planeamento (s) | Q2: Tempo de execução(s) | R2: Tempo Total(s) | S2: Objeto agarrado / libertado | T2: Erro crítico (SIM/NÃO) | U2: Resultado esperado | V2: Resultado obtido | W2: Status (✓/✗)
A3: 1 | B3: 1 | C3: FECHAR_GARRA | D3: 0.021 | E3: 1.5023 | F3: =E3+D3 -> 1.5233 | G3: AGARRADO | H3: NÃO | I3: OK ATTACH | J3: OK ATTACH | K3: ✓ | M3: 6 | N3: 1 | O3: FECHAR_GARRA | P3: 0.0185 | Q3: 1.5015 | R3: =Q3+P3 -> 1.52 | S3: AGARRADO | T3: NÃO | U3: OK ATTACH | V3: OK ATTACH | W3: ✓
A4: 1 | B4: 1 | C4: ABRIR_GARRA | D4: 0.0353 | E4: 1.5023 | F4: =E4+D4 -> 1.5376 | G4: LIBERTADO | H4: NÃO | I4: OK DETACH | J4: OK DETACH | K4: ✓ | M4: 6 | N4: 1 | O4: ABRIR_GARRA | P4: 0.0193 | Q4: 1.5021 | R4: =Q4+P4 -> 1.5214 | S4: LIBERTADO | T4: NÃO | U4: OK DETACH | V4: OK DETACH | W4: ✓
A5: 1 | B5: 2 | C5: FECHAR_GARRA | D5: 0.0084 | E5: 1.5028 | F5: =E5+D5 -> 1.5112 | G5: AGARRADO | H5: NÃO | I5: OK ATTACH | J5: OK ATTACH | K5: ✓ | M5: 6 | N5: 2 | O5: FECHAR_GARRA | P5: 0.01678 | Q5: 1.4236 | R5: =Q5+P5 -> 1.44038 | S5: AGARRADO | T5: NÃO | U5: OK ATTACH | V5: OK ATTACH | W5: ✓
A6: 1 | B6: 2 | C6: ABRIR_GARRA | D6: 0.0217 | E6: 1.5032 | F6: =E6+D6 -> 1.5249 | G6: LIBERTADO | H6: NÃO | I6: OK DETACH | J6: OK DETACH | K6: ✓ | M6: 6 | N6: 2 | O6: ABRIR_GARRA | P6: 0.02 | Q6: 1.502 | R6: =Q6+P6 -> 1.522 | S6: LIBERTADO | T6: NÃO | U6: OK DETACH | V6: OK DETACH | W6: ✓
A7: 1 | B7: 3 | C7: FECHAR_GARRA | D7: 0.0098 | E7: 1.502 | F7: =E7+D7 -> 1.5118 | G7: AGARRADO | H7: NÃO | I7: OK ATTACH | J7: OK ATTACH | K7: ✓ | M7: 6 | N7: 3 | O7: FECHAR_GARRA | P7: 0.0202 | Q7: 1.5022 | R7: =Q7+P7 -> 1.5224 | S7: AGARRADO | T7: NÃO | U7: OK ATTACH | V7: OK ATTACH | W7: ✓
A8: 1 | B8: 3 | C8: ABRIR_GARRA | D8: 0.0322 | E8: 1.5018 | F8: =E8+D8 -> 1.534 | G8: LIBERTADO | H8: NÃO | I8: OK DETACH | J8: OK DETACH | K8: ✓ | M8: 6 | N8: 3 | O8: ABRIR_GARRA | P8: 0.1243 | Q8: 1.5029 | R8: =Q8+P8 -> 1.6272 | S8: LIBERTADO | T8: NÃO | U8: OK DETACH | V8: OK DETACH | W8: ✓
A9: 1 | B9: 4 | C9: FECHAR_GARRA | D9: 0.0098 | E9: 1.502 | F9: =E9+D9 -> 1.5118 | G9: AGARRADO | H9: NÃO | I9: OK ATTACH | J9: OK ATTACH | K9: ✓ | M9: 6 | N9: 4 | O9: FECHAR_GARRA | P9: 0.0098 | Q9: 1.5019 | R9: =Q9+P9 -> 1.5117 | S9: AGARRADO | T9: NÃO | U9: OK ATTACH | V9: OK ATTACH | W9: ✓
A10: 1 | B10: 4 | C10: ABRIR_GARRA | D10: 0.0322 | E10: 1.5018 | F10: =E10+D10 -> 1.534 | G10: LIBERTADO | H10: NÃO | I10: OK DETACH | J10: OK DETACH | K10: ✓ | M10: 6 | N10: 4 | O10: ABRIR_GARRA | P10: 0.1219 | Q10: 1.5025 | R10: =Q10+P10 -> 1.6244 | S10: LIBERTADO | T10: NÃO | U10: OK DETACH | V10: OK DETACH | W10: ✓
A11: 1 | B11: 5 | C11: FECHAR_GARRA | D11: 0.0189 | E11: 1.5021 | F11: =E11+D11 -> 1.521 | G11: AGARRADO | H11: NÃO | I11: OK ATTACH | J11: OK ATTACH | K11: ✓ | M11: 6 | N11: 5 | O11: FECHAR_GARRA | P11: 0.0193 | Q11: 1.5023 | R11: =Q11+P11 -> 1.5216 | S11: AGARRADO | T11: NÃO | U11: OK ATTACH | V11: OK ATTACH | W11: ✓
A12: 1 | B12: 5 | C12: ABRIR_GARRA | D12: 0.0218 | E12: 1.5023 | F12: =E12+D12 -> 1.5241 | G12: LIBERTADO | H12: NÃO | I12: OK DETACH | J12: OK DETACH | K12: ✓ | M12: 6 | N12: 5 | O12: ABRIR_GARRA | P12: 0.0126 | Q12: 1.5027 | R12: =Q12+P12 -> 1.5153 | S12: LIBERTADO | T12: NÃO | U12: OK DETACH | V12: OK DETACH | W12: ✓
A13: 1 | B13: 6 | C13: FECHAR_GARRA | D13: 0.0205 | E13: 1.5017 | F13: =E13+D13 -> 1.5222 | G13: AGARRADO | H13: NÃO | I13: OK ATTACH | J13: OK ATTACH | K13: ✓ | M13: 6 | N13: 6 | O13: FECHAR_GARRA | P13: 0.0135 | Q13: 1.4157 | R13: =Q13+P13 -> 1.4292 | S13: AGARRADO | T13: NÃO | U13: OK ATTACH | V13: OK ATTACH | W13: ✓
A14: 1 | B14: 6 | C14: ABRIR_GARRA | D14: 0.0236 | E14: 1.5015 | F14: =E14+D14 -> 1.5251 | G14: LIBERTADO | H14: NÃO | I14: OK DETACH | J14: OK DETACH | K14: ✓ | M14: 6 | N14: 6 | O14: ABRIR_GARRA | P14: 0.0298 | Q14: 1.5013 | R14: =Q14+P14 -> 1.5311 | S14: LIBERTADO | T14: NÃO | U14: OK DETACH | V14: OK DETACH | W14: ✓
... A22: 1 | B22: 10 | C22: ABRIR_GARRA | D22: 0.0239 | E22: 1.5018 | F22: =E22+D22 -> 1.5257 | G22: LIBERTADO | H22: NÃO | I22: OK DETACH | J22: OK DETACH | K22: ✓ | M22: 6 | N22: 10 | O22: ABRIR_GARRA | P22: 0.1304 | Q22: 1.5021 | R22: =Q22+P22 -> 1.6325 | S22: LIBERTADO | T22: NÃO | U22: OK DETACH | V22: OK DETACH | W22: ✓
C23: Média | D23: =AVERAGE(D3:D22) -> 0.02233 | E23: =AVERAGE(E3:E22) -> 1.50243 | F23: =AVERAGE(F3:F22) -> 1.52476 | O23: Média | P23: =AVERAGE(P3:P22) -> 0.0386025 | Q23: =AVERAGE(Q3:Q22) -> 1.489245 | R23: =AVERAGE(R3:R22) -> 1.5278475
A24: Ciclo | B24: Repetição | C24: Comando | D24: Tempo de planeamento (s) | E24: Tempo de execução(s) | F24: Tempo Total(s) | G24: Objeto agarrado / libertado | H24: Erro crítico (SIM/NÃO) | I24: Resultado esperado | J24: Resultado obtido | K24: Status (✓/✗) | M24: Ciclo | N24: Repetição | O24: Comando | P24: Tempo de planeamento (s) | Q24: Tempo de execução(s) | R24: Tempo Total(s) | S24: Objeto agarrado / libertado | T24: Erro crítico (SIM/NÃO) | U24: Resultado esperado | V24: Resultado obtido | W24: Status (✓/✗)
A25: 2 | B25: 1 | C25: FECHAR_GARRA | D25: 0.0118 | E25: 1.5029 | F25: =E25+D25 -> 1.5147 | G25: AGARRADO | H25: NÃO | I25: OK ATTACH | J25: OK ATTACH | K25: ✓ | M25: 7 | N25: 1 | O25: FECHAR_GARRA | P25: 0.0214 | Q25: 1.502 | R25: =Q25+P25 -> 1.5234 | S25: AGARRADO | T25: NÃO | U25: OK ATTACH | V25: OK ATTACH | W25: ✓
A26: 2 | B26: 1 | C26: ABRIR_GARRA | D26: 0.0251 | E26: 1.5033 | F26: =E26+D26 -> 1.5284 | G26: LIBERTADO | H26: NÃO | I26: OK DETACH | J26: OK DETACH | K26: ✓ | M26: 7 | N26: 1 | O26: ABRIR_GARRA | P26: 0.0196 | Q26: 1.502 | R26: =Q26+P26 -> 1.5216 | S26: LIBERTADO | T26: NÃO | U26: OK DETACH | V26: OK DETACH | W26: ✓
A27: 2 | B27: 2 | C27: FECHAR_GARRA | D27: 0.0205 | E27: 1.5022 | F27: =E27+D27 -> 1.5227 | G27: AGARRADO | H27: NÃO | I27: OK ATTACH | J27: OK ATTACH | K27: ✓ | M27: 7 | N27: 2 | O27: FECHAR_GARRA | P27: 0.02 | Q27: 1.5026 | R27: =Q27+P27 -> 1.5226 | S27: AGARRADO | T27: NÃO | U27: OK ATTACH | V27: OK ATTACH | W27: ✓
A28: 2 | B28: 2 | C28: ABRIR_GARRA | D28: 0.0098 | E28: 1.5019 | F28: =E28+D28 -> 1.5117 | G28: LIBERTADO | H28: NÃO | I28: OK DETACH | J28: OK DETACH | K28: ✓ | M28: 7 | N28: 2 | O28: ABRIR_GARRA | P28: 0.0099 | Q28: 1.5018 | R28: =Q28+P28 -> 1.5117 | S28: LIBERTADO | T28: NÃO | U28: OK DETACH | V28: OK DETACH | W28: ✓
A29: 2 | B29: 3 | C29: FECHAR_GARRA | D29: 0.0202 | E29: 1.5019 | F29: =E29+D29 -> 1.5221 | G29: AGARRADO | H29: NÃO | I29: OK ATTACH | J29: OK ATTACH | K29: ✓ | M29: 7 | N29: 3 | O29: FECHAR_GARRA | P29: 0.021 | Q29: 1.5021 | R29: =Q29+P29 -> 1.5231 | S29: AGARRADO | T29: NÃO | U29: OK ATTACH | V29: OK ATTACH | W29: ✓
A30: 2 | B30: 3 | C30: ABRIR_GARRA | D30: 0.0214 | E30: 1.5026 | F30: =E30+D30 -> 1.524 | G30: LIBERTADO | H30: NÃO | I30: OK DETACH | J30: OK DETACH | K30: ✓ | M30: 7 | N30: 3 | O30: ABRIR_GARRA | P30: 0.0202 | Q30: 1.502 | R30: =Q30+P30 -> 1.5222 | S30: LIBERTADO | T30: NÃO | U30: OK DETACH | V30: OK DETACH | W30: ✓
A31: 2 | B31: 4 | C31: FECHAR_GARRA | D31: 0.0092 | E31: 1.5019 | F31: =E31+D31 -> 1.5111 | G31: AGARRADO | H31: NÃO | I31: OK ATTACH | J31: OK ATTACH | K31: ✓ | M31: 7 | N31: 4 | O31: FECHAR_GARRA | P31: 0.0208 | Q31: 1.5034 | R31: =Q31+P31 -> 1.5242 | S31: AGARRADO | T31: NÃO | U31: OK ATTACH | V31: OK ATTACH | W31: ✓
A32: 2 | B32: 4 | C32: ABRIR_GARRA | D32: 0.022 | E32: 1.5102 | F32: =E32+D32 -> 1.5322 | G32: LIBERTADO | H32: NÃO | I32: OK DETACH | J32: OK DETACH | K32: ✓ | M32: 7 | N32: 4 | O32: ABRIR_GARRA | P32: 0.1102 | Q32: 1.5058 | R32: =Q32+P32 -> 1.616 | S32: LIBERTADO | T32: NÃO | U32: OK DETACH | V32: OK DETACH | W32: ✓
A33: 2 | B33: 5 | C33: FECHAR_GARRA | D33: 0.0093 | E33: 1.503 | F33: =E33+D33 -> 1.5123 | G33: AGARRADO | H33: NÃO | I33: OK ATTACH | J33: OK ATTACH | K33: ✓ | M33: 7 | N33: 5 | O33: FECHAR_GARRA | P33: 0.0314 | Q33: 1.5033 | R33: =Q33+P33 -> 1.5347 | S33: AGARRADO | T33: NÃO | U33: OK ATTACH | V33: OK ATTACH | W33: ✓
A34: 2 | B34: 5 | C34: ABRIR_GARRA | D34: 0.0107 | E34: 1.5025 | F34: =E34+D34 -> 1.5132 | G34: LIBERTADO | H34: NÃO | I34: OK DETACH | J34: OK DETACH | K34: ✓ | M34: 7 | N34: 5 | O34: ABRIR_GARRA | P34: 0.0343 | Q34: 1.5015 | R34: =Q34+P34 -> 1.5358 | S34: LIBERTADO | T34: NÃO | U34: OK DETACH | V34: OK DETACH | W34: ✓
A35: 2 | B35: 6 | C35: FECHAR_GARRA | D35: 0.0189 | E35: 1.5023 | F35: =E35+D35 -> 1.5212 | G35: AGARRADO | H35: NÃO | I35: OK ATTACH | J35: OK ATTACH | K35: ✓ | M35: 7 | N35: 6 | O35: FECHAR_GARRA | P35: 0.009 | Q35: 1.5043 | R35: =Q35+P35 -> 1.5133 | S35: AGARRADO | T35: NÃO | U35: OK ATTACH | V35: OK ATTACH | W35: ✓
A36: 2 | B36: 6 | C36: ABRIR_GARRA | D36: 0.0206 | E36: 1.5025 | F36: =E36+D36 -> 1.5231 | G36: LIBERTADO | H36: NÃO | I36: OK DETACH | J36: OK DETACH | K36: ✓ | M36: 7 | N36: 6 | O36: ABRIR_GARRA | P36: 0.0196 | Q36: 1.5018 | R36: =Q36+P36 -> 1.5214 | S36: LIBERTADO | T36: NÃO | U36: OK DETACH | V36: OK DETACH | W36: ✓
... A44: 2 | B44: 10 | C44: ABRIR_GARRA | D44: 0.0194 | E44: 1.5026 | F44: =E44+D44 -> 1.522 | G44: LIBERTADO | H44: NÃO | I44: OK DETACH | J44: OK DETACH | K44: ✓ | M44: 7 | N44: 10 | O44: ABRIR_GARRA | P44: 0.0206 | Q44: 1.5015 | R44: =Q44+P44 -> 1.5221 | S44: LIBERTADO | T44: NÃO | U44: OK DETACH | V44: OK DETACH | W44: ✓
C45: Média | D45: =AVERAGE(D25:D44) -> 0.0161 | E45: =AVERAGE(E25:E44) -> 1.50241 | F45: =AVERAGE(F25:F44) -> 1.51851 | O45: Média | P45: =AVERAGE(P25:P44) -> 0.024995 | Q45: =AVERAGE(Q25:Q44) -> 1.548465 | R45: =AVERAGE(R25:R44) -> 1.57346
A46: Ciclo | B46: Repetição | C46: Comando | D46: Tempo de planeamento (s) | E46: Tempo de execução(s) | F46: Tempo Total(s) | G46: Objeto agarrado / libertado | H46: Erro crítico (SIM/NÃO) | I46: Resultado esperado | J46: Resultado obtido | K46: Status (✓/✗) | M46: Ciclo | N46: Repetição | O46: Comando | P46: Tempo de planeamento (s) | Q46: Tempo de execução(s) | R46: Tempo Total(s) | S46: Objeto agarrado / libertado | T46: Erro crítico (SIM/NÃO) | U46: Resultado esperado | V46: Resultado obtido | W46: Status (✓/✗)
A47: 3 | B47: 1 | C47: FECHAR_GARRA | D47: 0.0096 | E47: 1.5021 | F47: =E47+D47 -> 1.5117 | G47: AGARRADO | H47: NÃO | I47: OK ATTACH | J47: OK ATTACH | K47: ✓ | M47: 8 | N47: 1 | O47: FECHAR_GARRA | P47: 0.0196 | Q47: 1.5027 | R47: =Q47+P47 -> 1.5223 | S47: AGARRADO | T47: NÃO | U47: OK ATTACH | V47: OK ATTACH | W47: ✓
A48: 3 | B48: 1 | C48: ABRIR_GARRA | D48: 0.0211 | E48: 1.5042 | F48: =E48+D48 -> 1.5253 | G48: LIBERTADO | H48: NÃO | I48: OK DETACH | J48: OK DETACH | K48: ✓ | M48: 8 | N48: 1 | O48: ABRIR_GARRA | P48: 0.0216 | Q48: 1.5026 | R48: =Q48+P48 -> 1.5242 | S48: LIBERTADO | T48: NÃO | U48: OK DETACH | V48: OK DETACH | W48: ✓
A49: 3 | B49: 2 | C49: FECHAR_GARRA | D49: 0.0369 | E49: 1.5016 | F49: =E49+D49 -> 1.5385 | G49: AGARRADO | H49: NÃO | I49: OK ATTACH | J49: OK ATTACH | K49: ✓ | M49: 8 | N49: 2 | O49: FECHAR_GARRA | P49: 0.0202 | Q49: 1.502 | R49: =Q49+P49 -> 1.5222 | S49: AGARRADO | T49: NÃO | U49: OK ATTACH | V49: OK ATTACH | W49: ✓
A50: 3 | B50: 2 | C50: ABRIR_GARRA | D50: 0.0156 | E50: 1.5054 | F50: =E50+D50 -> 1.521 | G50: LIBERTADO | H50: NÃO | I50: OK DETACH | J50: OK DETACH | K50: ✓ | M50: 8 | N50: 2 | O50: ABRIR_GARRA | P50: 0.0199 | Q50: 1.5023 | R50: =Q50+P50 -> 1.5222 | S50: LIBERTADO | T50: NÃO | U50: OK DETACH | V50: OK DETACH | W50: ✓
A51: 3 | B51: 3 | C51: FECHAR_GARRA | D51: 0.0094 | E51: 1.5023 | F51: =E51+D51 -> 1.5117 | G51: AGARRADO | H51: NÃO | I51: OK ATTACH | J51: OK ATTACH | K51: ✓ | M51: 8 | N51: 3 | O51: FECHAR_GARRA | P51: 0.031 | Q51: 1.5019 | R51: =Q51+P51 -> 1.5329 | S51: AGARRADO | T51: NÃO | U51: OK ATTACH | V51: OK ATTACH | W51: ✓
A52: 3 | B52: 3 | C52: ABRIR_GARRA | D52: 0.0221 | E52: 1.51 | F52: =E52+D52 -> 1.5321 | G52: LIBERTADO | H52: NÃO | I52: OK DETACH | J52: OK DETACH | K52: ✓ | M52: 8 | N52: 3 | O52: ABRIR_GARRA | P52: 0.0203 | Q52: 1.5029 | R52: =Q52+P52 -> 1.5232 | S52: LIBERTADO | T52: NÃO | U52: OK DETACH | V52: OK DETACH | W52: ✓
A53: 3 | B53: 4 | C53: FECHAR_GARRA | D53: 0.0247 | E53: 1.5045 | F53: =E53+D53 -> 1.5292 | G53: AGARRADO | H53: NÃO | I53: OK ATTACH | J53: OK ATTACH | K53: ✓ | M53: 8 | N53: 4 | O53: FECHAR_GARRA | P53: 0.0219 | Q53: 1.5034 | R53: =Q53+P53 -> 1.5253 | S53: AGARRADO | T53: NÃO | U53: OK ATTACH | V53: OK ATTACH | W53: ✓
A54: 3 | B54: 4 | C54: ABRIR_GARRA | D54: 0.0094 | E54: 1.502 | F54: =E54+D54 -> 1.5114 | G54: LIBERTADO | H54: NÃO | I54: OK DETACH | J54: OK DETACH | K54: ✓ | M54: 8 | N54: 4 | O54: ABRIR_GARRA | P54: 0.0112 | Q54: 1.5031 | R54: =Q54+P54 -> 1.5143 | S54: LIBERTADO | T54: NÃO | U54: OK DETACH | V54: OK DETACH | W54: ✓
A55: 3 | B55: 5 | C55: FECHAR_GARRA | D55: 0.0076 | E55: 1.5025 | F55: =E55+D55 -> 1.5101 | G55: AGARRADO | H55: NÃO | I55: OK ATTACH | J55: OK ATTACH | K55: ✓ | M55: 8 | N55: 5 | O55: FECHAR_GARRA | P55: 0.022 | Q55: 1.5016 | R55: =Q55+P55 -> 1.5236 | S55: AGARRADO | T55: NÃO | U55: OK ATTACH | V55: OK ATTACH | W55: ✓
A56: 3 | B56: 5 | C56: ABRIR_GARRA | D56: 0.0107 | E56: 1.5095 | F56: =E56+D56 -> 1.5202 | G56: LIBERTADO | H56: NÃO | I56: OK DETACH | J56: OK DETACH | K56: ✓ | M56: 8 | N56: 5 | O56: ABRIR_GARRA | P56: 0.1237 | Q56: 1.5022 | R56: =Q56+P56 -> 1.6259 | S56: LIBERTADO | T56: NÃO | U56: OK DETACH | V56: OK DETACH | W56: ✓
A57: 3 | B57: 6 | C57: FECHAR_GARRA | D57: 0.0206 | E57: 1.5025 | F57: =E57+D57 -> 1.5231 | G57: AGARRADO | H57: NÃO | I57: OK ATTACH | J57: OK ATTACH | K57: ✓ | M57: 8 | N57: 6 | O57: FECHAR_GARRA | P57: 0.0112 | Q57: 1.5031 | R57: =Q57+P57 -> 1.5143 | S57: AGARRADO | T57: NÃO | U57: OK ATTACH | V57: OK ATTACH | W57: ✓
A58: 3 | B58: 6 | C58: ABRIR_GARRA | D58: 0.0232 | E58: 1.5023 | F58: =E58+D58 -> 1.5255 | G58: LIBERTADO | H58: NÃO | I58: OK DETACH | J58: OK DETACH | K58: ✓ | M58: 8 | N58: 6 | O58: ABRIR_GARRA | P58: 0.0309 | Q58: 1.5082 | R58: =Q58+P58 -> 1.5391 | S58: LIBERTADO | T58: NÃO | U58: OK DETACH | V58: OK DETACH | W58: ✓
... A66: 3 | B66: 10 | C66: ABRIR_GARRA | D66: 0.0318 | E66: 1.5019 | F66: =E66+D66 -> 1.5337 | G66: LIBERTADO | H66: NÃO | I66: OK DETACH | J66: OK DETACH | K66: ✓ | M66: 8 | N66: 10 | O66: ABRIR_GARRA | P66: 0.0216 | Q66: 1.5052 | R66: =Q66+P66 -> 1.5268 | S66: LIBERTADO | T66: NÃO | U66: OK DETACH | V66: OK DETACH | W66: ✓
C67: Média | D67: =AVERAGE(D47:D66) -> 0.019695 | E67: =AVERAGE(E47:E66) -> 1.503495 | F67: =AVERAGE(F47:F66) -> 1.52319 | O67: Média | P67: =AVERAGE(P47:P66) -> 0.02599 | Q67: =AVERAGE(Q47:Q66) -> 1.50289 | R67: =AVERAGE(R47:R66) -> 1.52888
A68: Ciclo | B68: Repetição | C68: Comando | D68: Tempo de planeamento (s) | E68: Tempo de execução(s) | F68: Tempo Total(s) | G68: Objeto agarrado / libertado | H68: Erro crítico (SIM/NÃO) | I68: Resultado esperado | J68: Resultado obtido | K68: Status (✓/✗) | M68: Ciclo | N68: Repetição | O68: Comando | P68: Tempo de planeamento (s) | Q68: Tempo de execução(s) | R68: Tempo Total(s) | S68: Objeto agarrado / libertado | T68: Erro crítico (SIM/NÃO) | U68: Resultado esperado | V68: Resultado obtido | W68: Status (✓/✗)
A69: 4 | B69: 1 | C69: FECHAR_GARRA | D69: 0.0217 | E69: 1.5024 | F69: =E69+D69 -> 1.5241 | G69: AGARRADO | H69: NÃO | I69: OK ATTACH | J69: OK ATTACH | K69: ✓ | M69: 9 | N69: 1 | O69: FECHAR_GARRA | P69: 0.0101 | Q69: 1.5029 | R69: =Q69+P69 -> 1.513 | S69: AGARRADO | T69: NÃO | U69: OK ATTACH | V69: OK ATTACH | W69: ✓
A70: 4 | B70: 1 | C70: ABRIR_GARRA | D70: 0.0201 | E70: 1.5053 | F70: =E70+D70 -> 1.5254 | G70: LIBERTADO | H70: NÃO | I70: OK DETACH | J70: OK DETACH | K70: ✓ | M70: 9 | N70: 1 | O70: ABRIR_GARRA | P70: 0.0356 | Q70: 1.5125 | R70: =Q70+P70 -> 1.5481 | S70: LIBERTADO | T70: NÃO | U70: OK DETACH | V70: OK DETACH | W70: ✓
A71: 4 | B71: 2 | C71: FECHAR_GARRA | D71: 0.01 | E71: 1.504 | F71: =E71+D71 -> 1.514 | G71: AGARRADO | H71: NÃO | I71: OK ATTACH | J71: OK ATTACH | K71: ✓ | M71: 9 | N71: 2 | O71: FECHAR_GARRA | P71: 0.0291 | Q71: 1.5024 | R71: =Q71+P71 -> 1.5315 | S71: AGARRADO | T71: NÃO | U71: OK ATTACH | V71: OK ATTACH | W71: ✓
A72: 4 | B72: 2 | C72: ABRIR_GARRA | D72: 0.0197 | E72: 1.5025 | F72: =E72+D72 -> 1.5222 | G72: LIBERTADO | H72: NÃO | I72: OK DETACH | J72: OK DETACH | K72: ✓ | M72: 9 | N72: 2 | O72: ABRIR_GARRA | P72: 0.0202 | Q72: 1.5023 | R72: =Q72+P72 -> 1.5225 | S72: LIBERTADO | T72: NÃO | U72: OK DETACH | V72: OK DETACH | W72: ✓
A73: 4 | B73: 3 | C73: FECHAR_GARRA | D73: 0.0121 | E73: 1.5022 | F73: =E73+D73 -> 1.5143 | G73: AGARRADO | H73: NÃO | I73: OK ATTACH | J73: OK ATTACH | K73: ✓ | M73: 9 | N73: 3 | O73: FECHAR_GARRA | P73: 0.0211 | Q73: 1.5022 | R73: =Q73+P73 -> 1.5233 | S73: AGARRADO | T73: NÃO | U73: OK ATTACH | V73: OK ATTACH | W73: ✓
A74: 4 | B74: 3 | C74: ABRIR_GARRA | D74: 0.0213 | E74: 1.5033 | F74: =E74+D74 -> 1.5246 | G74: LIBERTADO | H74: NÃO | I74: OK DETACH | J74: OK DETACH | K74: ✓ | M74: 9 | N74: 3 | O74: ABRIR_GARRA | P74: 0.0219 | Q74: 1.5028 | R74: =Q74+P74 -> 1.5247 | S74: LIBERTADO | T74: NÃO | U74: OK DETACH | V74: OK DETACH | W74: ✓
A75: 4 | B75: 4 | C75: FECHAR_GARRA | D75: 0.0105 | E75: 1.5017 | F75: =E75+D75 -> 1.5122 | G75: AGARRADO | H75: NÃO | I75: OK ATTACH | J75: OK ATTACH | K75: ✓ | M75: 9 | N75: 4 | O75: FECHAR_GARRA | P75: 0.0207 | Q75: 1.5021 | R75: =Q75+P75 -> 1.5228 | S75: AGARRADO | T75: NÃO | U75: OK ATTACH | V75: OK ATTACH | W75: ✓
A76: 4 | B76: 4 | C76: ABRIR_GARRA | D76: 0.0115 | E76: 1.5016 | F76: =E76+D76 -> 1.5131 | G76: LIBERTADO | H76: NÃO | I76: OK DETACH | J76: OK DETACH | K76: ✓ | M76: 9 | N76: 4 | O76: ABRIR_GARRA | P76: 0.0262 | Q76: 1.508 | R76: =Q76+P76 -> 1.5342 | S76: LIBERTADO | T76: NÃO | U76: OK DETACH | V76: OK DETACH | W76: ✓
A77: 4 | B77: 5 | C77: FECHAR_GARRA | D77: 0.0072 | E77: 1.5016 | F77: =E77+D77 -> 1.5088 | G77: AGARRADO | H77: NÃO | I77: OK ATTACH | J77: OK ATTACH | K77: ✓ | M77: 9 | N77: 5 | O77: FECHAR_GARRA | P77: 0.0093 | Q77: 1.5021 | R77: =Q77+P77 -> 1.5114 | S77: AGARRADO | T77: NÃO | U77: OK ATTACH | V77: OK ATTACH | W77: ✓
A78: 4 | B78: 5 | C78: ABRIR_GARRA | D78: 0.0299 | E78: 1.4937 | F78: =E78+D78 -> 1.5236 | G78: LIBERTADO | H78: NÃO | I78: OK DETACH | J78: OK DETACH | K78: ✓ | M78: 9 | N78: 5 | O78: ABRIR_GARRA | P78: 0.0109 | Q78: 1.5022 | R78: =Q78+P78 -> 1.5131 | S78: LIBERTADO | T78: NÃO | U78: OK DETACH | V78: OK DETACH | W78: ✓
A79: 4 | B79: 6 | C79: FECHAR_GARRA | D79: 0.0193 | E79: 1.5024 | F79: =E79+D79 -> 1.5217 | G79: AGARRADO | H79: NÃO | I79: OK ATTACH | J79: OK ATTACH | K79: ✓ | M79: 9 | N79: 6 | O79: FECHAR_GARRA | P79: 0.0199 | Q79: 1.5025 | R79: =Q79+P79 -> 1.5224 | S79: AGARRADO | T79: NÃO | U79: OK ATTACH | V79: OK ATTACH | W79: ✓
A80: 4 | B80: 6 | C80: ABRIR_GARRA | D80: 0.0099 | E80: 1.5018 | F80: =E80+D80 -> 1.5117 | G80: LIBERTADO | H80: NÃO | I80: OK DETACH | J80: OK DETACH | K80: ✓ | M80: 9 | N80: 6 | O80: ABRIR_GARRA | P80: 0.0195 | Q80: 1.502 | R80: =Q80+P80 -> 1.5215 | S80: LIBERTADO | T80: NÃO | U80: OK DETACH | V80: OK DETACH | W80: ✓
... A88: 4 | B88: 10 | C88: ABRIR_GARRA | D88: 0.00187 | E88: 1.5003 | F88: =E88+D88 -> 1.50217 | G88: LIBERTADO | H88: NÃO | I88: OK DETACH | J88: OK DETACH | K88: ✓ | M88: 9 | N88: 10 | O88: ABRIR_GARRA | P88: 0.0211 | Q88: 1.5022 | R88: =Q88+P88 -> 1.5233 | S88: LIBERTADO | T88: NÃO | U88: OK DETACH | V88: OK DETACH | W88: ✓
C89: Média | D89: =AVERAGE(D69:D88) -> 0.0164535 | E89: =AVERAGE(E69:E88) -> 1.50229 | F89: =AVERAGE(F69:F88) -> 1.5187435 | O89: Média | P89: =AVERAGE(P69:P88) -> 0.02063 | Q89: =AVERAGE(Q69:Q88) -> 1.503085 | R89: =AVERAGE(R69:R88) -> 1.523715
A90: Ciclo | B90: Repetição | C90: Comando | D90: Tempo de planeamento (s) | E90: Tempo de execução(s) | F90: Tempo Total(s) | G90: Objeto agarrado / libertado | H90: Erro crítico (SIM/NÃO) | I90: Resultado esperado | J90: Resultado obtido | K90: Status (✓/✗) | M90: Ciclo | N90: Repetição | O90: Comando | P90: Tempo de planeamento (s) | Q90: Tempo de execução(s) | R90: Tempo Total(s) | S90: Objeto agarrado / libertado | T90: Erro crítico (SIM/NÃO) | U90: Resultado esperado | V90: Resultado obtido | W90: Status (✓/✗)
A91: 5 | B91: 1 | C91: FECHAR_GARRA | D91: 0.0198 | E91: 1.5042 | F91: =E91+D91 -> 1.524 | G91: AGARRADO | H91: NÃO | I91: OK ATTACH | J91: OK ATTACH | K91: ✓ | M91: 10 | N91: 1 | O91: FECHAR_GARRA | P91: 0.0312 | Q91: 1.5048 | R91: =Q91+P91 -> 1.536 | S91: AGARRADO | T91: NÃO | U91: OK ATTACH | V91: OK ATTACH | W91: ✓
A92: 5 | B92: 1 | C92: ABRIR_GARRA | D92: 0.02 | E92: 1.5017 | F92: =E92+D92 -> 1.5217 | G92: LIBERTADO | H92: NÃO | I92: OK DETACH | J92: OK DETACH | K92: ✓ | M92: 10 | N92: 1 | O92: ABRIR_GARRA | P92: 0.0233 | Q92: 1.5026 | R92: =Q92+P92 -> 1.5259 | S92: LIBERTADO | T92: NÃO | U92: OK DETACH | V92: OK DETACH | W92: ✓
A93: 5 | B93: 2 | C93: FECHAR_GARRA | D93: 0.0021 | E93: 1.5034 | F93: =E93+D93 -> 1.5055 | G93: AGARRADO | H93: NÃO | I93: OK ATTACH | J93: OK ATTACH | K93: ✓ | M93: 10 | N93: 2 | O93: FECHAR_GARRA | P93: 0.02 | Q93: 1.5021 | R93: =Q93+P93 -> 1.5221 | S93: AGARRADO | T93: NÃO | U93: OK ATTACH | V93: OK ATTACH | W93: ✓
A94: 5 | B94: 2 | C94: ABRIR_GARRA | D94: 0.0266 | E94: 1.5015 | F94: =E94+D94 -> 1.5281 | G94: LIBERTADO | H94: NÃO | I94: OK DETACH | J94: OK DETACH | K94: ✓ | M94: 10 | N94: 2 | O94: ABRIR_GARRA | P94: 0.0213 | Q94: 1.5023 | R94: =Q94+P94 -> 1.5236 | S94: LIBERTADO | T94: NÃO | U94: OK DETACH | V94: OK DETACH | W94: ✓
A95: 5 | B95: 3 | C95: FECHAR_GARRA | D95: 0.0195 | E95: 1.5025 | F95: =E95+D95 -> 1.522 | G95: AGARRADO | H95: NÃO | I95: OK ATTACH | J95: OK ATTACH | K95: ✓ | M95: 10 | N95: 3 | O95: FECHAR_GARRA | P95: 0.0123 | Q95: 1.5023 | R95: =Q95+P95 -> 1.5146 | S95: AGARRADO | T95: NÃO | U95: OK ATTACH | V95: OK ATTACH | W95: ✓
A96: 5 | B96: 3 | C96: ABRIR_GARRA | D96: 0.0224 | E96: 1.5021 | F96: =E96+D96 -> 1.5245 | G96: LIBERTADO | H96: NÃO | I96: OK DETACH | J96: OK DETACH | K96: ✓ | M96: 10 | N96: 3 | O96: ABRIR_GARRA | P96: 0.0133 | Q96: 1.502 | R96: =Q96+P96 -> 1.5153 | S96: LIBERTADO | T96: NÃO | U96: OK DETACH | V96: OK DETACH | W96: ✓
A97: 5 | B97: 4 | C97: FECHAR_GARRA | D97: 0.0194 | E97: 1.5018 | F97: =E97+D97 -> 1.5212 | G97: AGARRADO | H97: NÃO | I97: OK ATTACH | J97: OK ATTACH | K97: ✓ | M97: 10 | N97: 4 | O97: FECHAR_GARRA | P97: 0.0109 | Q97: 1.5023 | R97: =Q97+P97 -> 1.5132 | S97: AGARRADO | T97: NÃO | U97: OK ATTACH | V97: OK ATTACH | W97: ✓
A98: 5 | B98: 4 | C98: ABRIR_GARRA | D98: 0.0203 | E98: 1.5041 | F98: =E98+D98 -> 1.5244 | G98: LIBERTADO | H98: NÃO | I98: OK DETACH | J98: OK DETACH | K98: ✓ | M98: 10 | N98: 4 | O98: ABRIR_GARRA | P98: 0.0128 | Q98: 1.5009 | R98: =Q98+P98 -> 1.5137 | S98: LIBERTADO | T98: NÃO | U98: OK DETACH | V98: OK DETACH | W98: ✓
A99: 5 | B99: 5 | C99: FECHAR_GARRA | D99: 0.0338 | E99: 1.502 | F99: =E99+D99 -> 1.5358 | G99: AGARRADO | H99: NÃO | I99: OK ATTACH | J99: OK ATTACH | K99: ✓ | M99: 10 | N99: 5 | O99: FECHAR_GARRA | P99: 0.0124 | Q99: 1.5005 | R99: =Q99+P99 -> 1.5129 | S99: AGARRADO | T99: NÃO | U99: OK ATTACH | V99: OK ATTACH | W99: ✓
A100: 5 | B100: 5 | C100: ABRIR_GARRA | D100: 0.0198 | E100: 1.502 | F100: =E100+D100 -> 1.5218 | G100: LIBERTADO | H100: NÃO | I100: OK DETACH | J100: OK DETACH | K100: ✓ | M100: 10 | N100: 5 | O100: ABRIR_GARRA | P100: 0.0012 | Q100: 0.7743 | R100: =Q100+P100 -> 0.7755 | S100: LIBERTADO | T100: NÃO | U100: OK DETACH | V100: OK DETACH | W100: ✓
A101: 5 | B101: 6 | C101: FECHAR_GARRA | D101: 0.0201 | E101: 1.5021 | F101: =E101+D101 -> 1.5222 | G101: AGARRADO | H101: NÃO | I101: OK ATTACH | J101: OK ATTACH | K101: ✓ | M101: 10 | N101: 6 | O101: FECHAR_GARRA | P101: 0.0215 | Q101: 1.5025 | R101: =Q101+P101 -> 1.524 | S101: AGARRADO | T101: NÃO | U101: OK ATTACH | V101: OK ATTACH | W101: ✓
A102: 5 | B102: 6 | C102: ABRIR_GARRA | D102: 0.0225 | E102: 1.5047 | F102: =E102+D102 -> 1.5272 | G102: LIBERTADO | H102: NÃO | I102: OK DETACH | J102: OK DETACH | K102: ✓ | M102: 10 | N102: 6 | O102: ABRIR_GARRA | P102: 0.0295 | Q102: 1.5026 | R102: =Q102+P102 -> 1.5321 | S102: LIBERTADO | T102: NÃO | U102: OK DETACH | V102: OK DETACH | W102: ✓
... A110: 5 | B110: 10 | C110: ABRIR_GARRA | D110: 0.0111 | E110: 1.5025 | F110: =E110+D110 -> 1.5136 | G110: LIBERTADO | H110: NÃO | I110: OK DETACH | J110: OK DETACH | K110: ✓ | M110: 10 | N110: 10 | O110: ABRIR_GARRA | P110: 0.0295 | Q110: 1.5026 | R110: =Q110+P110 -> 1.5321 | S110: LIBERTADO | T110: NÃO | U110: OK DETACH | V110: OK DETACH | W110: ✓
C111: Média | D111: =AVERAGE(D91:D110) -> 0.0241 | E111: =AVERAGE(E91:E110) -> 1.502775 | F111: =AVERAGE(F91:F110) -> 1.526875 | O111: Média | P111: =AVERAGE(P91:P110) -> 0.018175 | Q111: =AVERAGE(Q91:Q110) -> 1.465795 | R111: =AVERAGE(R91:R110) -> 1.48397

Sheet Métricas TERMINAR_TAREFA
A1: Ciclo | B1: Repetição | C1: Peça libertada (SIM/NÃO) | D1: Gripper aberto (SIM/NÃO) | E1: Retorno seguro (SIM/NÃO) | F1: HOME atingido (SIM/NÃO) | G1: Tempo de Planeamento (s) | I1: Tempo de Execução (s) | K1: Tempo Total (s) | M1: Limpeza estado (SIM/NÃO) | N1: Resultado esperado | O1: Resultado obtido | P1: Status (✓/✗) | R1: Ciclo | S1: Repetição | T1: Peça libertada (SIM/NÃO) | U1: Gripper aberto (SIM/NÃO) | V1: Retorno seguro (SIM/NÃO) | W1: HOME atingido (SIM/NÃO) | X1: Tempo de Planeamento (s) | Z1: Tempo de Execução (s) | AB1: Tempo Total (s) | AD1: Limpeza estado (SIM/NÃO) | AE1: Resultado esperado | AF1: Resultado obtido | AG1: Status (✓/✗)
G2: Simulado | H2: Real | I2: Simulado | J2: Real | K2: Simulado | L2: Real | X2: Simulado | Y2: Real | Z2: Simulado | AA2: Real | AB2: Simulado | AC2: Real
A3: 1 | B3: 1 | C3: SIM | D3: SIM | E3: SIM | F3: SIM | G3: 0.012 | H3: 0.0111 | I3: 7.0721 | J3: 7.4334 | K3: =G3+I3 -> 7.0841 | L3: =H3+J3 -> 7.4445 | M3: SIM | N3: OK FINISH_DONE | O3: OK FINISH_DONE | P3: ✓ | R3: 6 | S3: 1 | T3: SIM | U3: SIM | V3: SIM | W3: SIM | X3: 0.0182 | Y3: 0.0227 | Z3: 7.6643 | AA3: 8.2472 | AB3: =X3+Z3 -> 7.6825 | AC3: =Y3+AA3 -> 8.2699 | AD3: SIM | AE3: OK FINISH_DONE | AF3: OK FINISH_DONE | AG3: ✓
A4: 1 | B4: 2 | C4: SIM | D4: SIM | E4: SIM | F4: SIM | G4: 0.0202 | H4: 0.0088 | I4: 7.0844 | J4: 7.444 | K4: =G4+I4 -> 7.1046 | L4: =H4+J4 -> 7.4528 | M4: SIM | N4: OK FINISH_DONE | O4: OK FINISH_DONE | P4: ✓ | R4: 6 | S4: 2 | T4: SIM | U4: SIM | V4: SIM | W4: SIM | X4: 0.0203 | Y4: 0.0154 | Z4: 7.0665 | AA4: 8.2764 | AB4: =X4+Z4 -> 7.0868 | AC4: =Y4+AA4 -> 8.2918 | AD4: SIM | AE4: OK FINISH_DONE | AF4: OK FINISH_DONE | AG4: ✓
